player_id,player,team,league,position,role,minutes,cluster,archetype,pc1,pc2,fit,pct_goals_p90,pct_assists_p90,pct_xg_p90,pct_xa_p90,pct_shots_p90,pct_key_passes_p90,pct_big_chances_created_p90,pct_dribbles_p90,pct_final_third_passes_p90,pct_tackles_won_p90,pct_interceptions_p90,pct_recoveries_p90,pct_clearances_p90,pct_aerials_won_p90
1398511,Adama Boiro,Athletic Club,La Liga,Defender,Defenders,819,7,Defensive full-back,3.0452,0.8918,0.3263,27.1,23.7,5.2,51.4,14.5,40.1,14.8,85.2,80.1,79.5,98.1,62.1,15.8,37.2
959872,Aitor Paredes,Athletic Club,La Liga,Defender,Defenders,1629,2,Stopper centre-back,3.1327,-0.8241,0.355,91.5,23.7,70.0,34.7,70.0,24.6,43.5,30.3,25.2,15.8,92.7,61.2,55.2,59.6
2110897,Alejandro Rego Mora,Athletic Club,La Liga,Midfielder,Midfielders,1266,3,Ball-winning midfielder,0.8674,2.3103,0.3405,48.1,44.7,21.8,56.4,37.0,37.9,33.1,51.0,23.9,75.7,97.9,75.7,42.4,59.3
866810,Andoni Gorosabel,Athletic Club,La Liga,Defender,Defenders,1359,7,Defensive full-back,1.7772,0.9458,0.364,27.1,66.2,19.2,81.7,27.8,87.4,67.2,81.7,74.4,89.0,55.5,24.0,21.8,20.2
149734,Aymeric Laporte,Athletic Club,La Liga,Defender,Defenders,2060,2,Stopper centre-back,3.372,-1.063,0.5815,27.1,55.2,76.7,14.5,63.7,37.9,39.1,17.0,28.7,20.5,59.0,59.9,74.8,83.0
910978,Dani Vivian,Athletic Club,La Liga,Defender,Defenders,2563,7,Defensive full-back,3.1974,-0.0526,0.4071,63.9,23.7,53.8,31.9,57.4,22.4,62.5,33.8,31.2,70.7,61.2,82.0,67.5,31.9
605672,Gorka Guruzeta,Athletic Club,La Liga,Forward,Attackers,2371,5,Clinical finisher,-2.5986,-3.6223,0.3915,74.5,58.0,76.5,30.4,88.2,40.0,63.5,7.5,32.5,13.3,64.3,22.0,37.6,89.0
783374,Iñaki Williams,Athletic Club,La Liga,Midfielder,Attackers,2168,1,Wide dribbler,-2.8183,-1.5841,0.2802,32.2,87.8,53.7,67.5,62.0,48.2,71.8,18.8,47.8,24.3,51.4,38.0,29.8,65.9
96365,Iñigo Ruiz de Galarreta,Athletic Club,La Liga,Midfielder,Midfielders,2231,4,Creative playmaker,-0.7468,3.9129,0.2368,33.3,49.0,10.7,77.0,34.2,66.7,68.3,88.9,80.2,74.1,58.4,99.6,24.3,60.9
910267,Jesús Areso,Athletic Club,La Liga,Defender,Defenders,1513,0,Progressive wing-back,1.7937,0.4575,0.3351,27.1,62.8,8.4,74.0,11.0,93.7,77.9,82.6,70.3,43.8,56.5,37.5,32.8,68.5
1495844,Mikel Jauregizar,Athletic Club,La Liga,Midfielder,Midfielders,2843,3,Ball-winning midfielder,0.7614,2.1958,0.3653,44.9,14.6,33.7,47.7,59.7,45.3,21.4,19.8,61.3,78.2,90.1,84.0,24.7,74.9
359742,Mikel Vesga,Athletic Club,La Liga,Midfielder,Midfielders,459,3,Ball-winning midfielder,1.6651,3.3994,0.1943,13.8,14.6,11.9,16.5,16.9,38.7,9.9,89.3,69.1,97.1,97.5,99.2,75.7,94.2
1019318,Nico Serrano,Athletic Club,La Liga,Midfielder,Attackers,365,6,Creative forward,-4.3253,0.5428,0.2198,53.3,12.0,28.6,93.7,97.3,96.9,60.4,81.6,87.8,89.0,69.0,86.3,24.7,34.5
1085400,Nico Williams,Athletic Club,La Liga,Midfielder,Attackers,1687,6,Creative forward,-4.8412,0.0873,0.2484,65.1,69.8,57.3,95.3,66.3,82.7,64.1,98.0,72.9,32.5,55.3,90.2,23.9,30.2
966801,Oihan Sancet,Athletic Club,La Liga,Midfielder,Midfielders,1803,4,Creative playmaker,-1.5085,-0.2635,0.2155,81.5,14.6,97.1,47.3,93.4,70.4,9.9,65.4,51.0,17.3,3.7,11.9,5.3,55.6
944165,Robert Navarro,Athletic Club,La Liga,Midfielder,Attackers,1311,1,Wide dribbler,-3.2389,-0.7293,0.3112,78.4,37.5,55.3,67.8,16.1,77.3,67.1,76.1,80.4,47.5,66.7,68.2,33.3,38.8
1391375,Unai Gómez,Athletic Club,La Liga,Midfielder,Midfielders,949,3,Ball-winning midfielder,-0.7667,-0.5871,0.2247,58.4,54.3,86.6,55.1,90.1,34.2,9.9,44.9,9.5,18.5,1.2,3.3,11.5,80.2
807648,Yeray Álvarez,Athletic Club,La Liga,Defender,Defenders,514,2,Stopper centre-back,3.8707,0.2305,0.2127,27.1,23.7,25.9,40.4,10.7,59.6,14.8,4.7,59.0,0.6,99.7,90.9,78.2,38.2
84531,Yuri Berchiche,Athletic Club,La Liga,Defender,Defenders,2709,0,Progressive wing-back,1.1741,1.3701,0.3613,27.1,96.5,22.4,94.6,78.2,83.3,87.7,53.6,89.9,42.9,65.0,87.4,40.7,68.1
592012,Álex Berenguer,Athletic Club,La Liga,Midfielder,Attackers,2164,6,Creative forward,-3.0878,0.252,0.2914,21.6,60.4,34.1,89.0,37.3,88.2,72.2,47.1,81.2,52.5,74.1,70.2,42.7,67.5
801837,Íñigo Lekue,Athletic Club,La Liga,Defender,Defenders,600,7,Defensive full-back,2.5088,0.6902,0.3002,27.1,23.7,23.3,30.4,41.0,13.6,14.8,85.8,44.8,83.3,14.5,98.7,20.2,0.3
824200,Ademola Lookman,Atlético Madrid,La Liga,Forward,Attackers,622,5,Clinical finisher,-4.5485,-2.4501,0.2116,92.2,12.0,97.3,76.1,84.7,67.1,71.2,50.2,70.2,28.6,19.2,62.0,1.6,20.4
910031,Alex Baena,Atlético Madrid,La Liga,Midfielder,Attackers,1572,6,Creative forward,-4.4205,1.6916,0.2316,30.2,73.3,16.1,98.8,28.6,98.0,98.8,38.8,89.8,42.7,94.1,61.6,38.8,28.6
309078,Alexander Sørloth,Atlético Madrid,La Liga,Forward,Attackers,1981,5,Clinical finisher,-2.1555,-5.3194,0.2856,92.5,12.0,84.3,20.8,85.9,7.1,24.7,14.9,32.9,19.6,2.0,6.3,77.3,96.5
85859,Antoine Griezmann,Atlético Madrid,La Liga,Forward,Attackers,1475,6,Creative forward,-5.1483,-0.5174,0.2604,79.2,87.1,84.7,92.5,79.2,86.3,94.1,21.2,87.1,40.4,68.2,69.4,47.1,40.4
580550,Clément Lenglet,Atlético Madrid,La Liga,Defender,Defenders,1393,2,Stopper centre-back,3.1613,-0.5236,0.4021,27.1,65.0,33.8,32.8,26.5,31.9,66.6,36.3,53.6,13.7,85.2,32.8,63.4,67.5
904970,Conor Gallagher,Atlético Madrid,La Liga,Midfielder,Midfielders,665,3,Ball-winning midfielder,0.0952,1.5712,0.3009,90.5,14.6,78.6,43.2,80.2,20.6,49.4,28.4,67.9,86.4,91.4,60.5,16.9,71.6
807771,Dávid Hancko,Atlético Madrid,La Liga,Defender,Defenders,2434,7,Defensive full-back,1.9807,-0.2051,0.372,27.1,69.7,60.6,73.5,76.0,55.5,71.0,49.5,75.4,50.8,21.5,30.0,47.6,53.9
1099352,Giuliano Simeone,Atlético Madrid,La Liga,Midfielder,Attackers,2109,6,Creative forward,-3.1483,0.8031,0.3012,41.6,89.8,43.5,87.1,21.2,62.4,83.5,63.9,82.4,82.7,89.8,87.8,22.7,60.4
990169,Johnny Cardoso,Atlético Madrid,La Liga,Midfielder,Midfielders,892,3,Ball-winning midfielder,1.9944,2.2975,0.2846,13.8,14.6,3.3,22.6,2.9,6.2,39.5,41.2,51.9,96.3,95.1,35.8,83.1,67.9
325355,José María Giménez,Atlético Madrid,La Liga,Defender,Defenders,1177,2,Stopper centre-back,3.0044,-0.9967,0.4231,27.1,70.7,97.2,41.0,89.9,7.6,53.6,28.1,49.2,41.0,69.4,49.2,65.9,85.5
1402990,Julio Díaz,Atlético Madrid,La Liga,Defender,Defenders,311,0,Progressive wing-back,-0.2006,1.8463,0.2405,27.1,98.9,9.8,88.3,23.0,98.1,91.8,99.4,55.8,35.6,64.7,67.8,0.3,7.9
944656,Julián Alvarez,Atlético Madrid,La Liga,Forward,Attackers,1902,6,Creative forward,-5.1913,-0.7142,0.3033,74.1,76.1,71.4,91.4,69.8,93.3,90.6,63.5,86.7,46.3,18.0,25.1,7.1,16.9
84539,Koke,Atlético Madrid,La Liga,Midfielder,Midfielders,2236,4,Creative playmaker,-0.8658,3.2446,0.2928,52.7,48.6,11.5,87.7,16.0,73.7,61.7,3.7,93.4,51.9,39.1,81.1,35.0,25.1
1094106,Marc Pubill,Atlético Madrid,La Liga,Defender,Defenders,1382,2,Stopper centre-back,3.4111,-1.0322,0.3728,77.0,65.3,67.7,46.2,69.7,19.1,50.2,45.7,35.3,46.7,76.7,64.7,74.4,95.9
353138,Marcos Llorente,Atlético Madrid,La Liga,Defender,Defenders,2184,0,Progressive wing-back,0.2667,2.1791,0.311,27.1,92.4,85.8,95.0,72.2,75.1,95.6,71.9,95.9,88.6,7.6,92.7,12.6,3.5
965011,Matteo Ruggeri,Atlético Madrid,La Liga,Defender,Defenders,1775,0,Progressive wing-back,1.0078,2.0926,0.3615,27.1,90.2,8.4,98.1,18.0,92.7,89.3,45.1,93.4,66.6,50.8,91.2,39.1,41.6
831799,Nahuel Molina,Atlético Madrid,La Liga,Defender,Defenders,1332,0,Progressive wing-back,0.2052,1.9926,0.3479,95.6,88.3,38.5,84.2,88.6,94.6,96.5,88.3,84.5,82.6,37.2,97.2,11.4,4.1
901325,Nicolás González,Atlético Madrid,La Liga,Midfielder,Midfielders,1460,3,Ball-winning midfielder,-1.1126,-0.3332,0.21,95.9,14.6,92.2,67.5,95.5,32.1,58.8,93.4,27.6,41.2,39.5,24.7,68.7,96.7
1119345,Obed Vargas,Atlético Madrid,La Liga,Midfielder,Midfielders,739,3,Ball-winning midfielder,0.7052,1.7857,0.2838,13.8,66.7,7.4,24.3,18.5,17.7,9.9,83.5,31.3,93.4,52.7,8.6,39.9,6.2
1142588,Pablo Barrios,Atlético Madrid,La Liga,Midfielder,Midfielders,1666,4,Creative playmaker,-0.7982,3.1786,0.2409,39.5,39.9,58.8,63.0,60.5,56.8,55.6,96.7,90.5,29.2,90.5,94.7,16.0,56.8
787751,Robin Le Normand,Atlético Madrid,La Liga,Defender,Defenders,1789,2,Stopper centre-back,3.4879,-1.3105,0.5465,71.9,58.7,38.0,17.4,24.3,8.5,41.0,11.4,22.9,45.1,49.5,15.1,66.9,82.3
1391752,Rodrigo Mendoza,Atlético Madrid,La Liga,Midfielder,Midfielders,1231,4,Creative playmaker,-1.0859,1.5134,0.3094,49.8,46.1,67.5,49.0,60.9,57.6,53.1,92.2,66.7,21.8,7.0,44.4,30.0,23.9
944660,Thiago Almada,Atlético Madrid,La Liga,Midfielder,Attackers,1312,6,Creative forward,-3.2816,1.0457,0.2578,47.1,37.5,50.2,82.4,15.3,85.5,66.7,70.6,95.7,89.4,75.1,92.5,18.4,24.3
785989,Borja Iglesias,Celta Vigo,La Liga,Forward,Attackers,1902,5,Clinical finisher,-3.0628,-3.8795,0.3172,95.3,48.6,87.5,32.2,51.0,29.0,34.5,23.9,27.8,16.5,4.7,23.1,47.8,51.0
1084730,Bryan Zaragoza,Celta Vigo,La Liga,Forward,Attackers,1135,1,Wide dribbler,-3.5665,-0.5389,0.2547,20.8,42.4,27.1,88.6,46.3,65.9,75.7,87.1,70.6,26.3,22.0,27.8,16.1,5.5
360718,Carl Starfelt,Celta Vigo,La Liga,Defender,Defenders,1493,2,Stopper centre-back,4.0408,-1.4292,0.4681,27.1,23.7,40.2,2.8,16.7,5.4,14.8,13.2,5.7,33.4,51.7,21.5,88.3,65.6
1069703,Carlos Domínguez,Celta Vigo,La Liga,Defender,Defenders,610,2,Stopper centre-back,3.7331,-1.0301,0.4215,27.1,23.7,80.4,7.3,23.7,12.6,14.8,4.7,30.9,63.7,24.9,54.3,85.5,70.0
1526628,Fer López,Celta Vigo,La Liga,Midfielder,Midfielders,1174,4,Creative playmaker,-1.1938,2.3134,0.3178,51.9,47.3,68.3,64.2,46.1,52.7,65.0,95.5,64.6,19.3,28.0,86.8,17.3,14.0
949962,Ferrán Jutglà,Celta Vigo,La Liga,Forward,Attackers,1669,5,Clinical finisher,-2.7599,-2.9312,0.3314,84.7,70.6,71.0,29.4,65.1,31.8,28.8,58.0,35.7,11.0,62.7,36.9,73.7,51.4
1120669,Hugo Sotelo,Celta Vigo,La Liga,Midfielder,Midfielders,1342,4,Creative playmaker,-0.8634,4.0074,0.2656,13.8,70.4,1.6,78.6,2.1,85.2,82.7,4.5,91.8,44.0,56.0,92.6,42.8,9.1
1154935,Hugo Álvarez,Celta Vigo,La Liga,Midfielder,Attackers,1343,1,Wide dribbler,-2.8783,-0.0043,0.273,56.9,63.9,33.7,58.8,3.5,78.4,78.8,53.3,93.3,45.1,84.7,44.3,32.2,4.3
19356,Iago Aspas,Celta Vigo,La Liga,Forward,Attackers,1155,6,Creative forward,-5.532,1.3317,0.249,75.7,84.3,69.4,97.6,51.4,96.5,97.6,45.5,98.8,68.8,95.3,65.9,4.3,16.5
962890,Ilaix Moriba,Celta Vigo,La Liga,Midfielder,Midfielders,2495,3,Ball-winning midfielder,0.4466,1.6444,0.3966,49.4,59.7,27.6,37.0,20.2,27.2,57.2,37.4,29.2,83.1,60.5,20.2,43.6,27.2
1526627,Javi Rodríguez,Celta Vigo,La Liga,Defender,Defenders,2561,7,Defensive full-back,2.5083,-0.4497,0.3432,27.1,52.4,30.1,33.3,41.6,43.1,52.1,48.6,79.2,33.1,40.5,8.8,42.0,25.6
1008259,Javier Rueda,Celta Vigo,La Liga,Midfielder,Defenders,1410,0,Progressive wing-back,-0.4275,1.473,0.2278,93.4,100.0,86.3,96.2,68.8,77.9,98.4,95.0,77.0,29.7,79.5,41.3,10.7,6.0
1173575,Jones El-Abdellaoui,Celta Vigo,La Liga,Forward,Attackers,683,1,Wide dribbler,-2.0738,-2.2069,0.3096,55.3,12.0,67.5,35.3,54.3,55.3,7.3,71.0,49.8,36.5,58.8,52.4,90.2,47.1
796320,Joseph Aidoo,Celta Vigo,La Liga,Defender,Defenders,639,2,Stopper centre-back,3.9084,-1.2431,0.3997,27.1,23.7,41.8,6.0,22.1,2.5,14.8,24.9,8.2,4.7,73.5,53.6,80.4,60.6
1630975,Manu Fernández,Celta Vigo,La Liga,Defender,Defenders,765,7,Defensive full-back,3.2537,-0.3247,0.4,27.1,23.7,7.3,8.5,15.8,44.2,14.8,21.5,33.8,55.8,42.9,58.4,52.1,18.9
69408,Marcos Alonso,Celta Vigo,La Liga,Defender,Defenders,2770,7,Defensive full-back,2.2919,0.2871,0.3034,61.2,23.7,77.0,65.9,76.3,50.8,59.6,72.9,92.1,21.1,39.7,91.8,70.3,54.6
1398526,Miguel Román,Celta Vigo,La Liga,Midfielder,Midfielders,1310,3,Ball-winning midfielder,0.1465,1.9865,0.3417,47.3,14.6,39.5,56.8,13.6,61.3,74.1,11.9,43.6,58.4,49.0,60.9,65.4,40.3
1398524,Pablo Durán,Celta Vigo,La Liga,Forward,Attackers,1431,1,Wide dribbler,-1.8507,-1.8007,0.3525,32.9,60.8,54.7,42.0,60.8,17.3,45.1,13.3,44.3,51.8,55.7,48.2,62.4,47.8
1002764,Sergio Carreira,Celta Vigo,La Liga,Midfielder,Defenders,2693,7,Defensive full-back,1.465,0.1649,0.3053,77.9,51.7,62.9,68.5,51.4,66.6,34.7,84.2,88.3,10.7,32.2,48.6,12.0,2.2
1126779,Williot Swedberg,Celta Vigo,La Liga,Midfielder,Attackers,1268,1,Wide dribbler,-2.8061,-1.4143,0.2125,68.6,95.7,59.6,41.2,27.1,22.7,69.4,32.9,38.8,94.1,43.9,20.8,25.1,7.8
1145100,Yoel Lago,Celta Vigo,La Liga,Defender,Defenders,947,2,Stopper centre-back,3.7433,-1.2996,0.3327,27.1,23.7,4.1,6.9,4.4,18.0,14.8,35.6,2.8,43.5,18.3,11.7,88.0,26.2
1012410,Álvaro Núñez,Celta Vigo,La Liga,Defender,Defenders,1984,0,Progressive wing-back,0.735,1.3341,0.388,27.1,75.1,15.8,89.9,20.2,83.9,91.2,77.6,92.4,24.6,23.7,69.7,4.4,5.0
859773,Óscar Mingueza,Celta Vigo,La Liga,Midfielder,Defenders,1967,0,Progressive wing-back,-0.5229,1.7414,0.2877,70.3,94.3,34.7,98.7,62.8,95.9,94.2,78.2,98.7,40.7,4.7,50.8,6.3,12.6
1082968,Abderrahman Rebbach,Deportivo Alavés,La Liga,Midfielder,Attackers,1508,6,Creative forward,-3.0195,1.1687,0.2708,16.1,86.1,21.2,85.1,45.1,81.6,93.7,53.7,57.3,87.1,93.3,89.4,86.7,36.9
891931,Ander Guevara,Deportivo Alavés,La Liga,Midfielder,Midfielders,680,3,Ball-winning midfielder,0.4142,1.9433,0.3089,69.5,70.0,15.2,35.4,23.5,39.9,71.6,53.9,62.1,47.7,58.0,86.4,97.5,87.7
855832,Antonio Blanco,Deportivo Alavés,La Liga,Midfielder,Midfielders,3116,3,Ball-winning midfielder,0.8341,2.4095,0.346,42.0,51.9,19.8,30.5,54.7,28.0,28.8,55.6,35.8,77.8,93.4,92.2,46.3,61.3
1046796,Calebe Gonçalves,Deportivo Alavés,La Liga,Midfielder,Midfielders,764,3,Ball-winning midfielder,-0.0321,3.3061,0.2389,13.8,14.6,4.5,25.1,17.3,77.8,43.2,97.1,54.7,87.2,69.5,93.4,7.0,5.8
794937,Carles Aleñá,Deportivo Alavés,La Liga,Midfielder,Midfielders,1995,4,Creative playmaker,-1.5789,2.1731,0.4099,13.8,81.1,68.7,80.2,67.1,84.0,73.3,46.1,70.0,51.0,16.5,24.3,33.3,36.2
873717,Carlos Benavídez,Deportivo Alavés,La Liga,Defender,Defenders,338,7,Defensive full-back,2.5845,-0.7621,0.2809,27.1,23.7,69.7,71.0,78.5,73.5,14.8,4.7,60.6,86.6,30.0,0.9,47.3,56.2
1084399,Carlos Vicente,Deportivo Alavés,La Liga,Midfielder,Attackers,1256,1,Wide dribbler,-2.8268,0.0735,0.227,69.0,12.0,49.8,82.0,2.7,85.9,92.5,36.5,61.6,88.6,69.4,83.1,69.4,46.7
138383,Denis Suárez,Deportivo Alavés,La Liga,Midfielder,Midfielders,1432,4,Creative playmaker,-1.1768,2.6722,0.2927,44.4,68.3,37.2,60.5,16.5,72.8,46.1,94.7,78.2,17.7,10.7,90.5,20.2,6.6
879875,Facundo Garcés,Deportivo Alavés,La Liga,Defender,Defenders,792,2,Stopper centre-back,4.0928,-2.0526,0.3852,27.1,23.7,49.8,4.4,87.4,2.5,14.8,4.7,0.6,39.7,29.3,15.8,98.4,84.9
1084043,Ibrahim Diabaté,Deportivo Alavés,La Liga,Forward,Midfielders,587,5,Clinical finisher,-0.1365,-2.959,0.1886,95.5,14.6,93.8,0.8,91.4,6.6,9.9,6.2,1.6,0.4,7.4,0.4,28.4,90.1
788141,Jon Guridi,Deportivo Alavés,La Liga,Midfielder,Midfielders,1259,3,Ball-winning midfielder,0.7646,0.9972,0.4359,13.8,14.6,70.8,12.8,49.4,39.1,9.9,51.9,30.5,67.5,37.4,51.0,57.6,79.4
934383,Jon Pacheco,Deportivo Alavés,La Liga,Defender,Defenders,1734,2,Stopper centre-back,3.3537,-1.0555,0.4465,27.1,23.7,17.4,15.5,13.2,32.2,42.0,28.4,30.3,30.0,12.6,52.1,71.6,72.6
235648,Jonny Otto,Deportivo Alavés,La Liga,Defender,Defenders,2998,7,Defensive full-back,2.3329,0.916,0.4225,27.1,23.7,18.9,59.0,19.9,58.0,47.9,80.4,76.3,62.1,70.7,85.2,7.9,17.7
814385,Lucas Boyé,Deportivo Alavés,La Liga,Forward,Attackers,1959,5,Clinical finisher,-3.2386,-2.6122,0.285,87.5,29.0,81.2,32.9,81.2,60.4,56.5,79.6,37.6,79.6,48.6,43.9,53.3,71.0
896073,Nahuel Tenaglia,Deportivo Alavés,La Liga,Defender,Defenders,3239,2,Stopper centre-back,3.4525,-0.7793,0.3714,74.4,23.7,54.9,13.1,65.9,18.6,30.0,47.6,15.5,68.8,74.8,32.5,67.2,42.3
1084381,Pablo Ibáñez,Deportivo Alavés,La Liga,Midfielder,Midfielders,2253,3,Ball-winning midfielder,-0.1582,1.5107,0.3574,32.9,34.6,84.4,26.3,82.3,34.8,23.9,84.4,53.9,80.7,51.4,72.4,36.6,62.6
831253,Toni Martínez,Deportivo Alavés,La Liga,Forward,Attackers,2725,5,Clinical finisher,-2.1727,-4.1851,0.2644,83.1,51.0,72.5,31.4,85.1,27.6,48.2,23.1,22.7,37.3,14.7,40.4,81.6,98.8
985726,Victor Parada,Deportivo Alavés,La Liga,Defender,Defenders,2165,2,Stopper centre-back,1.9101,-0.8705,0.285,27.1,83.9,51.9,65.6,47.3,63.7,65.9,54.1,26.5,16.4,6.3,11.4,41.0,45.1
1403364,Youssef Enriquez,Deportivo Alavés,La Liga,Defender,Defenders,1347,0,Progressive wing-back,0.8424,0.649,0.3574,27.1,66.6,62.9,95.9,71.3,88.6,90.9,71.6,57.4,19.9,18.6,76.0,17.0,30.3
1513222,Ángel Pérez,Deportivo Alavés,La Liga,Midfielder,Attackers,1290,1,Wide dribbler,-1.9433,0.8023,0.2868,17.3,81.6,4.7,71.0,4.7,78.0,34.1,68.6,63.1,65.7,85.9,91.8,93.7,4.7
928672,Adrià Pedrosa,Elche,La Liga,Defender,Defenders,1092,0,Progressive wing-back,0.7234,1.1341,0.3255,82.6,72.2,58.0,93.1,89.3,99.4,95.0,62.1,67.8,81.5,63.6,24.6,39.4,7.6
286167,Aleix Febas,Elche,La Liga,Midfielder,Midfielders,3166,3,Ball-winning midfielder,-0.4488,2.7772,0.2714,41.2,40.7,39.9,53.1,21.8,35.4,35.8,93.0,89.7,72.4,42.4,70.0,14.8,3.7
190159,André Silva,Elche,La Liga,Forward,Attackers,1858,5,Clinical finisher,-2.7576,-3.4938,0.347,84.3,12.0,91.2,25.9,76.1,46.3,15.3,31.0,58.8,21.2,34.5,34.5,58.8,65.1
1542721,Buba Sangaré,Elche,La Liga,Defender,Defenders,557,7,Defensive full-back,3.0093,0.3912,0.3411,27.1,23.7,18.5,21.3,8.2,14.2,73.8,76.7,61.2,95.9,76.3,33.1,10.4,58.0
988672,David Affengruber,Elche,La Liga,Defender,Defenders,2953,7,Defensive full-back,3.5755,0.4266,0.3389,58.0,49.8,32.8,55.2,37.9,28.7,48.9,57.1,41.3,86.1,93.1,88.3,72.9,69.1
962710,Germán Valera,Elche,La Liga,Midfielder,Attackers,2874,1,Wide dribbler,-2.2803,1.0759,0.2729,32.5,68.2,8.6,78.0,3.1,66.7,84.3,61.6,87.5,89.8,87.1,73.7,87.1,26.7
914765,Gonzalo Villar,Elche,La Liga,Midfielder,Midfielders,718,3,Ball-winning midfielder,0.098,1.4901,0.24,67.1,14.6,9.9,38.7,9.9,3.7,9.9,80.7,93.0,55.6,5.3,35.4,26.3,72.8
848512,Grady Diangana,Elche,La Liga,Midfielder,Attackers,929,1,Wide dribbler,-1.3779,-1.5717,0.3245,25.9,12.0,15.7,24.7,22.7,37.6,46.7,47.8,59.6,25.5,57.6,32.2,52.9,41.6
1402908,Héctor Fort,Elche,La Liga,Defender,Defenders,500,0,Progressive wing-back,-0.0207,-0.7681,0.1819,99.7,99.7,95.0,42.6,99.7,70.3,14.8,96.5,56.2,7.3,57.7,43.5,7.3,30.9
1094758,John Donald,Elche,La Liga,Defender,Defenders,683,7,Defensive full-back,2.6455,-0.3767,0.3772,95.0,23.7,91.8,18.3,77.9,11.5,14.8,46.1,63.4,85.8,41.3,71.3,15.1,65.0
808955,Josan,Elche,La Liga,Midfielder,Attackers,572,6,Creative forward,-4.4771,3.3113,0.1828,7.6,100.0,1.2,100.0,0.8,100.0,96.1,54.9,93.7,91.0,91.0,66.3,46.3,9.4
1126447,Lucas Cepeda,Elche,La Liga,Midfielder,Attackers,405,1,Wide dribbler,-2.7047,-0.3108,0.2514,49.0,12.0,38.4,76.9,80.8,63.5,7.3,56.3,89.4,97.6,32.2,71.0,1.6,15.7
827504,Léo Pétrot,Elche,La Liga,Defender,Defenders,1614,7,Defensive full-back,3.1779,-0.4642,0.4152,27.1,23.7,44.5,19.2,40.4,9.5,44.5,30.9,59.3,67.5,32.5,62.5,52.4,66.2
1014595,Marc Aguado,Elche,La Liga,Midfielder,Midfielders,2522,3,Ball-winning midfielder,1.765,1.3591,0.2965,32.5,45.3,2.5,6.2,1.6,11.1,22.6,0.8,28.4,46.9,92.2,14.8,76.1,11.9
1100646,Martim Neto,Elche,La Liga,Midfielder,Midfielders,1352,4,Creative playmaker,-2.4982,2.5361,0.2714,70.0,97.1,31.7,87.2,33.7,81.1,72.0,90.5,81.9,21.0,2.5,28.8,25.5,12.8
141832,Pedro Bigas,Elche,La Liga,Defender,Defenders,2068,7,Defensive full-back,2.3737,0.1275,0.309,68.8,86.1,35.0,61.5,38.5,66.9,77.6,33.1,86.1,40.4,73.2,36.6,62.5,72.2
825754,Rafa Mir,Elche,La Liga,Forward,Attackers,1815,5,Clinical finisher,-2.295,-3.7752,0.3306,76.5,12.0,78.0,23.5,92.9,6.7,36.7,6.3,43.5,29.6,36.1,11.8,61.6,52.9
605374,Tete Morente,Elche,La Liga,Forward,Attackers,933,1,Wide dribbler,-0.8405,0.4418,0.2846,25.3,49.4,2.7,38.2,1.2,45.9,71.2,42.0,76.9,90.4,96.1,79.2,94.9,62.7
855831,Víctor Chust,Elche,La Liga,Defender,Defenders,2165,7,Defensive full-back,2.8511,0.0204,0.4748,67.5,23.7,24.0,46.2,33.8,21.8,14.8,54.1,75.7,78.5,31.5,59.0,44.8,36.9
1154587,Álvaro Rodriguez,Elche,La Liga,Forward,Attackers,2200,5,Clinical finisher,-3.1002,-3.2768,0.2128,60.4,80.8,70.6,50.2,86.7,64.7,70.2,77.3,39.2,49.8,14.1,19.6,72.9,98.4
1396048,Carlos Romero,Espanyol,La Liga,Defender,Defenders,3195,0,Progressive wing-back,1.0217,1.0293,0.2931,97.5,73.5,82.6,82.0,94.6,71.6,76.3,95.6,45.7,89.3,61.5,90.2,9.8,3.2
758664,Charles Pickel,Espanyol,La Liga,Midfielder,Midfielders,712,3,Ball-winning midfielder,0.9959,-0.362,0.303,67.5,14.6,61.3,1.6,61.7,4.1,9.9,50.6,13.2,18.1,40.9,21.0,64.2,91.8
1129360,Clemens Riedel,Espanyol,La Liga,Defender,Defenders,1402,2,Stopper centre-back,3.6781,-1.236,0.4668,27.1,64.4,9.1,13.1,12.0,30.9,14.8,13.6,12.3,30.3,22.4,42.9,87.4,74.4
877037,Cyril Ngonge,Espanyol,La Liga,Forward,Attackers,426,6,Creative forward,-3.6878,1.1996,0.2021,7.6,98.4,12.5,84.7,60.4,79.4,99.2,52.5,47.5,67.5,92.2,91.0,19.6,74.5
877262,Edu Expósito,Espanyol,La Liga,Midfielder,Midfielders,2542,4,Creative playmaker,-2.6622,3.142,0.256,31.7,87.2,51.9,97.1,76.5,98.8,90.1,83.1,48.6,46.5,47.3,37.9,49.8,36.6
857205,Fernando Calero,Espanyol,La Liga,Defender,Defenders,2150,2,Stopper centre-back,3.5923,-1.1338,0.4362,27.1,23.7,78.9,3.2,47.9,11.0,36.9,16.1,3.8,26.5,66.2,48.3,69.7,53.3
891511,Javi Puado,Espanyol,La Liga,Midfielder,Attackers,678,1,Wide dribbler,-2.9106,-1.5558,0.2628,56.5,12.0,83.5,50.6,43.5,62.7,63.1,29.8,64.3,15.3,60.4,81.2,16.5,19.2
1019236,Jofre Carreras,Espanyol,La Liga,Midfielder,Attackers,921,1,Wide dribbler,-2.2878,-0.9666,0.3577,26.3,12.0,44.7,62.7,55.3,68.2,47.1,75.7,23.1,43.5,78.0,71.8,45.5,20.8
84972,Kike García,Espanyol,La Liga,Forward,Attackers,1749,5,Clinical finisher,-2.4569,-4.1298,0.2932,78.0,31.4,83.1,52.5,85.5,43.5,49.4,17.1,22.0,23.1,46.3,27.1,71.8,97.3
81992,Leandro Cabrera,Espanyol,La Liga,Defender,Defenders,3330,2,Stopper centre-back,2.9733,-2.2095,0.4129,82.0,23.7,79.8,49.5,92.7,36.6,29.7,29.0,21.1,8.8,21.8,5.4,79.8,85.8
1064026,Omar El Hilali,Espanyol,La Liga,Defender,Defenders,2828,7,Defensive full-back,2.8806,0.5098,0.3866,27.1,63.4,2.5,66.9,2.5,60.3,58.7,39.9,37.5,92.1,74.1,25.6,32.2,21.5
175185,Pere Milla,Espanyol,La Liga,Midfielder,Attackers,1989,1,Wide dribbler,-2.3943,-1.4966,0.3009,64.7,28.2,63.5,56.5,74.5,71.8,54.7,18.4,40.0,78.8,91.8,57.3,63.3,57.3
826010,Pol Lozano,Espanyol,La Liga,Midfielder,Midfielders,2182,3,Ball-winning midfielder,0.3231,1.1744,0.3369,53.5,35.0,16.5,54.3,25.9,49.0,35.4,4.1,39.1,20.2,57.6,13.6,38.7,18.5
1088565,Ramón Terrats,Espanyol,La Liga,Midfielder,Midfielders,1062,4,Creative playmaker,-1.0255,1.1237,0.2891,54.3,77.8,71.2,53.5,62.1,71.2,83.1,63.0,15.2,18.9,58.8,5.3,12.3,45.7
1392592,Roberto Fernández,Espanyol,La Liga,Forward,Attackers,2387,5,Clinical finisher,-2.0211,-3.3546,0.3731,55.7,57.6,69.8,45.5,52.9,21.6,54.7,9.4,4.7,12.5,38.8,18.4,67.1,83.1
1021165,Rubén Sánchez,Espanyol,La Liga,Defender,Defenders,830,0,Progressive wing-back,1.0841,1.0701,0.3463,27.1,80.8,30.1,90.2,85.2,81.1,84.9,98.1,51.7,56.8,58.4,87.1,22.1,52.1
1063015,Tyrhys Dolan,Espanyol,La Liga,Midfielder,Attackers,2431,1,Wide dribbler,-1.9728,0.3787,0.3358,19.2,75.7,11.4,74.1,9.8,54.9,62.0,66.7,42.4,92.2,84.3,70.6,26.7,26.3
1064009,Urko González,Espanyol,La Liga,Midfielder,Midfielders,2629,3,Ball-winning midfielder,1.5777,1.327,0.4023,13.8,32.1,8.2,9.5,18.9,10.3,9.9,39.1,9.1,60.9,73.7,65.0,79.0,50.2
997035,Alejandro Balde,FC Barcelona,La Liga,Defender,Defenders,1874,0,Progressive wing-back,0.2592,1.5619,0.2945,27.1,77.0,36.0,83.0,45.7,89.3,81.1,91.8,97.2,57.4,2.2,78.9,2.8,4.4
186795,Andreas Christensen,FC Barcelona,La Liga,Defender,Defenders,434,2,Stopper centre-back,2.7501,-1.0017,0.2978,27.1,23.7,61.5,27.1,82.6,21.5,14.8,4.7,79.5,12.0,5.0,76.3,50.5,86.1
789071,Dani Olmo,FC Barcelona,La Liga,Midfielder,Midfielders,2077,4,Creative playmaker,-4.3087,2.3857,0.2085,95.1,97.5,97.9,97.9,98.8,93.4,94.7,56.0,91.4,37.4,26.7,45.3,33.7,51.9
876214,Eric García,FC Barcelona,La Liga,Defender,Defenders,2730,0,Progressive wing-back,1.7782,1.1952,0.2751,61.5,65.9,92.4,74.4,82.0,85.5,60.1,13.9,97.5,75.6,93.7,55.8,21.3,48.6
1153270,Fermín López,FC Barcelona,La Liga,Midfielder,Midfielders,1797,6,Creative forward,-5.4128,2.518,0.18,94.7,99.2,98.8,95.1,100.0,83.5,99.2,97.9,82.3,61.3,7.8,33.7,2.5,15.6
855833,Ferran Torres,FC Barcelona,La Liga,Forward,Attackers,1984,5,Clinical finisher,-3.8621,-4.3504,0.274,96.9,47.5,96.9,34.1,87.1,45.1,55.3,10.6,40.8,12.9,16.1,7.8,22.0,61.6
795222,Frenkie de Jong,FC Barcelona,La Liga,Midfielder,Midfielders,1637,4,Creative playmaker,-2.2638,4.3648,0.2192,40.1,93.8,41.6,92.6,5.3,90.3,96.3,15.6,99.6,41.6,59.7,59.7,22.2,18.1
1103693,Gavi,FC Barcelona,La Liga,Midfielder,Midfielders,574,3,Ball-winning midfielder,0.1836,2.1755,0.2586,13.8,75.3,0.8,27.2,0.8,67.1,55.1,7.8,85.6,65.8,17.7,32.9,40.5,86.0
1094827,Gerard Martín,FC Barcelona,La Liga,Defender,Defenders,2140,7,Defensive full-back,3.0379,0.0742,0.357,27.1,23.7,9.5,47.3,23.3,60.9,37.5,44.8,90.5,63.1,68.8,22.7,62.8,63.4
138892,João Cancelo,FC Barcelona,La Liga,Defender,Defenders,962,0,Progressive wing-back,-1.1107,2.8369,0.2103,98.7,95.7,59.0,96.8,95.3,94.3,99.5,100.0,93.1,94.3,42.3,95.3,5.4,11.0
827212,Jules Koundé,FC Barcelona,La Liga,Defender,Defenders,2269,0,Progressive wing-back,0.7784,1.3739,0.3591,66.6,83.0,74.0,91.8,53.3,78.9,88.6,83.0,98.4,49.5,67.2,50.5,12.3,46.1
1402912,Lamine Yamal,FC Barcelona,La Liga,Midfielder,Attackers,2268,6,Creative forward,-9.0066,1.1797,0.1464,94.1,98.8,90.6,99.6,99.2,98.8,100.0,99.6,100.0,64.7,59.2,69.8,3.9,2.0
1526618,Marc Bernal,FC Barcelona,La Liga,Midfielder,Midfielders,795,3,Ball-winning midfielder,0.2112,1.755,0.2666,86.4,61.3,67.1,39.5,33.3,22.6,64.6,85.2,67.1,95.1,85.2,10.7,82.3,83.1
1000483,Marc Casadó,FC Barcelona,La Liga,Midfielder,Midfielders,999,3,Ball-winning midfielder,-0.2453,1.7069,0.2749,13.8,52.9,53.9,38.1,45.7,67.5,9.9,10.7,87.7,32.1,28.8,23.0,18.9,35.8
814590,Marcus Rashford,FC Barcelona,La Liga,Forward,Attackers,1761,6,Creative forward,-6.3715,-0.5768,0.2258,77.6,96.1,74.5,90.2,96.9,96.1,85.5,74.9,98.4,27.5,10.6,22.7,40.4,13.3
1402913,Pau Cubarsí,FC Barcelona,La Liga,Defender,Defenders,2708,2,Stopper centre-back,3.3521,-0.7103,0.4601,62.0,23.7,21.8,28.1,28.1,15.5,34.4,10.6,69.4,38.2,47.9,44.8,65.6,71.9
992587,Pedri,FC Barcelona,La Liga,Midfielder,Midfielders,2107,4,Creative playmaker,-3.2819,5.6916,0.173,54.7,97.9,42.0,95.9,39.1,98.4,84.4,95.1,100.0,64.2,66.7,98.8,32.9,17.3
831005,Raphinha,FC Barcelona,La Liga,Midfielder,Attackers,1388,6,Creative forward,-7.7916,-0.9547,0.1578,98.8,77.3,98.4,99.2,98.8,98.4,98.0,68.2,95.3,25.9,49.0,46.3,40.0,12.2
41789,Robert Lewandowski,FC Barcelona,La Liga,Forward,Attackers,1656,5,Clinical finisher,-3.7773,-4.8164,0.2624,98.0,55.7,98.8,26.7,93.3,25.9,52.5,18.0,29.8,3.1,23.1,10.2,74.1,69.4
925097,Ronald Araújo,FC Barcelona,La Liga,Defender,Defenders,1072,2,Stopper centre-back,2.4182,-1.3134,0.2807,99.4,23.7,96.8,42.9,90.2,29.7,54.9,4.7,47.9,69.7,27.1,67.2,37.9,91.2
1162107,Roony Bardghji,FC Barcelona,La Liga,Forward,Attackers,661,6,Creative forward,-5.0817,0.0483,0.2524,34.5,64.7,37.3,92.9,83.5,88.6,84.7,96.5,92.9,39.2,40.8,15.7,18.0,2.0
1101232,Abdel Abqar,Getafe,La Liga,Defender,Defenders,1440,2,Stopper centre-back,3.2295,-0.5043,0.3122,27.1,84.2,22.7,28.4,38.8,29.3,79.2,22.4,5.0,64.4,82.3,13.9,69.1,45.4
1515554,Adrian Liso,Getafe,La Liga,Forward,Attackers,1723,1,Wide dribbler,-0.1722,-2.4186,0.2328,38.0,12.0,14.5,3.5,12.2,1.6,7.3,35.7,14.5,82.0,30.2,37.6,15.7,78.4
128637,Allan Nyom,Getafe,La Liga,Defender,Defenders,524,0,Progressive wing-back,1.5891,-0.3825,0.2254,27.1,93.7,37.4,95.6,49.8,85.8,76.7,32.5,26.8,65.9,1.3,34.1,59.3,88.6
604954,Borja Mayoral,Getafe,La Liga,Forward,Attackers,1068,5,Clinical finisher,-1.2588,-2.6848,0.2807,67.5,43.5,50.6,4.7,10.2,5.9,22.0,19.2,48.6,20.8,61.6,33.7,19.2,66.3
1392054,Coba Da Costa,Getafe,La Liga,Midfielder,Attackers,361,1,Wide dribbler,-1.0378,-0.9732,0.1771,7.6,12.0,7.5,66.3,9.4,40.8,7.3,93.3,64.7,96.5,36.5,58.8,7.8,96.9
1918369,Davinchi,Getafe,La Liga,Defender,Defenders,698,7,Defensive full-back,2.576,0.2921,0.2984,27.1,23.7,37.4,67.5,50.2,48.3,14.8,94.0,33.1,97.8,27.8,39.4,33.4,35.6
350560,Diego Rico,Getafe,La Liga,Defender,Defenders,1767,7,Defensive full-back,2.9941,0.5193,0.427,27.1,23.7,20.7,58.0,54.3,61.8,41.6,50.5,51.4,85.5,93.4,55.5,31.5,33.4
307702,Djené,Getafe,La Liga,Defender,Defenders,2585,2,Stopper centre-back,3.7975,-0.713,0.4124,27.1,23.7,5.8,3.5,6.6,6.9,14.8,51.1,18.6,30.6,68.5,59.6,68.1,56.8
576276,Domingos Duarte,Getafe,La Liga,Defender,Defenders,2928,2,Stopper centre-back,3.8667,-1.6636,0.5187,58.4,50.5,33.1,12.1,35.3,5.7,32.8,4.7,6.6,7.6,57.1,23.7,88.6,77.9
353154,Javier Muñoz,Getafe,La Liga,Midfielder,Midfielders,560,3,Ball-winning midfielder,-0.1086,1.2975,0.2966,13.8,14.6,35.4,70.8,88.1,59.3,9.9,51.4,32.1,21.4,74.9,30.9,32.1,37.0
949707,Juan Iglesias,Getafe,La Liga,Defender,Defenders,3189,7,Defensive full-back,2.362,0.0425,0.3515,55.5,60.9,36.3,57.3,70.7,57.4,55.2,83.6,34.4,95.3,22.1,24.3,51.1,22.1
53739,Kiko Femenía,Getafe,La Liga,Defender,Defenders,2020,7,Defensive full-back,2.3006,0.6861,0.3774,69.1,55.5,36.9,63.7,31.2,71.3,57.1,50.8,56.5,47.3,90.5,80.1,9.1,18.0
811629,Luis Milla,Getafe,La Liga,Midfielder,Midfielders,3273,4,Creative playmaker,-1.2318,3.3442,0.2731,27.6,94.2,17.3,86.8,29.2,95.5,81.9,45.7,46.1,35.4,77.0,89.7,59.7,73.3
974713,Luis Vázquez,Getafe,La Liga,Forward,Attackers,1204,5,Clinical finisher,-0.4502,-3.7262,0.2497,49.4,40.8,24.7,7.5,38.4,4.3,7.3,5.9,11.0,12.2,45.1,14.1,55.3,92.2
1154549,Mario Martín,Getafe,La Liga,Midfielder,Midfielders,2134,3,Ball-winning midfielder,0.9976,-0.2203,0.2778,53.9,35.8,64.8,21.8,53.1,8.2,25.5,46.5,3.7,77.4,29.2,7.0,47.7,97.5
973536,Martín Satriano,Getafe,La Liga,Forward,Attackers,1604,1,Wide dribbler,-1.997,-2.2193,0.31,67.1,33.3,47.1,33.3,41.6,30.2,68.6,69.8,38.4,55.7,70.6,45.1,70.2,83.9
385888,Mauro Arambarri,Getafe,La Liga,Midfielder,Midfielders,3255,3,Ball-winning midfielder,0.0916,0.1292,0.3339,77.0,40.3,86.0,9.1,77.4,26.3,20.2,68.7,5.3,58.8,29.6,39.5,29.2,79.8
1392092,Sebastián Boselli,Getafe,La Liga,Defender,Defenders,406,7,Defensive full-back,2.6039,-0.1549,0.2148,27.1,23.7,83.6,36.9,86.4,25.4,85.5,66.9,19.9,99.1,1.6,37.2,51.4,53.6
1108450,Zaid Romero,Getafe,La Liga,Defender,Defenders,1350,7,Defensive full-back,3.8783,0.1594,0.2475,77.6,23.7,68.1,6.3,65.6,6.0,14.8,90.9,15.1,80.8,97.8,95.6,82.6,63.1
1398518,Álex Sancris,Getafe,La Liga,Forward,Attackers,710,1,Wide dribbler,-1.4771,-0.0739,0.2836,7.6,61.6,2.4,57.3,28.2,42.0,32.2,27.5,39.6,48.2,36.9,97.3,25.9,39.2
1002347,Alejandro Francés,Girona FC,La Liga,Defender,Defenders,1121,0,Progressive wing-back,1.443,0.8886,0.3572,27.1,91.5,74.0,89.3,96.5,74.1,73.5,73.5,91.2,66.2,67.8,54.9,65.0,36.6
1084081,Arnau Martínez,Girona FC,La Liga,Defender,Defenders,2678,7,Defensive full-back,2.0074,0.7663,0.3799,78.2,78.2,65.1,64.7,62.5,74.8,88.3,66.1,79.8,71.9,82.6,65.8,54.9,34.9
35612,Axel Witsel,Girona FC,La Liga,Midfielder,Midfielders,2533,3,Ball-winning midfielder,0.9063,1.7037,0.3664,32.1,44.7,52.7,20.6,27.6,25.5,33.1,23.0,53.1,30.9,70.0,91.4,77.8,82.7
991421,Azzedine Ounahi,Girona FC,La Liga,Midfielder,Midfielders,1766,6,Creative forward,-4.2032,2.8787,0.1843,88.9,56.4,83.1,95.5,95.1,88.1,97.5,99.6,95.1,14.4,47.7,33.3,6.6,10.7
910026,Bryan Gil,Girona FC,La Liga,Midfielder,Attackers,1597,1,Wide dribbler,-2.5908,0.6278,0.3208,7.6,72.2,28.2,72.5,20.0,54.1,79.2,84.3,67.1,80.4,71.4,82.4,33.7,16.1
1482424,Claudio Echeverri,Girona FC,La Liga,Midfielder,Midfielders,618,4,Creative playmaker,-3.2166,0.7795,0.2083,73.0,73.3,96.3,57.2,99.2,60.9,77.8,98.4,84.0,15.6,2.9,4.5,11.9,2.5
32048,Cristhian Stuani,Girona FC,La Liga,Forward,Attackers,430,5,Clinical finisher,-2.8085,-5.6275,0.2207,100.0,12.0,100.0,48.2,97.6,5.5,7.3,11.8,2.7,65.7,30.6,9.8,34.5,94.1
44864,Daley Blind,Girona FC,La Liga,Defender,Defenders,2610,7,Defensive full-back,3.1042,0.8116,0.396,27.1,23.7,10.6,45.7,9.5,47.6,35.3,62.5,84.9,62.5,80.1,89.9,57.7,34.4
835484,Fran Beltrán,Girona FC,La Liga,Midfielder,Midfielders,1561,3,Ball-winning midfielder,0.3703,1.6447,0.36,41.6,14.6,22.2,34.4,40.7,33.3,42.0,27.2,81.5,34.2,63.8,30.5,61.7,30.9
1632454,Hugo Rincón,Girona FC,La Liga,Defender,Defenders,1758,7,Defensive full-back,1.8265,0.2888,0.3069,72.6,59.0,54.6,54.9,31.5,58.4,61.5,67.5,85.2,91.5,2.8,40.7,20.5,29.3
973699,Iván Martín,Girona FC,La Liga,Midfielder,Midfielders,2538,3,Ball-winning midfielder,0.1879,2.3385,0.3437,13.8,32.5,13.4,43.6,7.0,45.9,32.5,78.2,68.3,70.8,23.9,79.0,36.2,44.4
1106573,Jhon Solís,Girona FC,La Liga,Midfielder,Midfielders,384,3,Ball-winning midfielder,1.2201,1.0987,0.334,13.8,14.6,18.9,6.6,26.3,2.9,9.9,57.6,34.6,13.2,60.1,58.0,74.3,20.6
1391616,Joel Roca,Girona FC,La Liga,Midfielder,Attackers,1482,1,Wide dribbler,-2.9869,-1.1711,0.3164,43.1,34.5,44.3,58.0,81.6,38.8,30.6,89.8,65.1,54.9,13.7,67.5,51.0,22.4
218616,Portu,Girona FC,La Liga,Forward,Attackers,473,1,Wide dribbler,-0.952,-2.6253,0.2206,7.6,12.0,51.8,49.0,31.8,14.1,7.3,0.8,24.3,9.4,56.5,17.6,1.6,54.5
191182,Thomas Lemar,Girona FC,La Liga,Midfielder,Midfielders,1273,4,Creative playmaker,-1.6755,1.9393,0.286,85.2,43.6,75.7,60.9,58.0,74.5,32.1,90.9,88.9,56.4,8.6,31.3,0.4,2.1
319735,Viktor Tsygankov,Girona FC,La Liga,Midfielder,Attackers,2641,1,Wide dribbler,-2.6975,-0.5951,0.3103,46.7,72.9,45.5,63.1,33.7,84.7,33.3,44.3,88.6,57.6,85.1,38.8,68.2,59.6
1485300,Vitor Reis,Girona FC,La Liga,Defender,Defenders,3138,2,Stopper centre-back,3.492,-1.149,0.6218,56.5,48.4,56.2,13.6,52.4,31.5,46.2,41.6,20.2,37.9,44.2,53.9,83.3,80.8
976374,Vladyslav Vanat,Girona FC,La Liga,Forward,Attackers,1960,5,Clinical finisher,-1.8123,-3.9103,0.2816,78.8,29.0,75.7,24.3,9.0,12.5,33.7,11.0,5.9,5.5,17.3,0.4,42.4,45.9
1092769,Yáser Asprilla,Girona FC,La Liga,Midfielder,Attackers,605,1,Wide dribbler,-2.7369,0.1325,0.2593,7.6,12.0,9.4,85.9,53.7,81.2,73.3,85.1,56.5,29.6,87.5,69.0,31.0,21.6
294593,Álex Moreno,Girona FC,La Liga,Defender,Defenders,2562,0,Progressive wing-back,1.5972,0.568,0.3555,27.1,79.7,61.8,71.6,54.6,62.1,83.9,93.7,76.0,47.8,54.6,47.0,46.1,13.6
997244,Adrián de la Fuente,Levante UD,La Liga,Defender,Defenders,2710,2,Stopper centre-back,2.5307,-1.0204,0.3089,89.0,51.4,97.5,65.3,97.2,65.8,60.6,42.3,36.6,8.2,94.0,18.6,80.8,43.5
1177401,Alan Matturro,Levante UD,La Liga,Defender,Defenders,957,2,Stopper centre-back,2.8678,-0.3669,0.2639,86.6,76.0,67.0,47.0,73.2,46.4,79.7,4.7,11.4,66.9,12.0,93.4,95.9,56.5
1649918,Carlos Espí,Levante UD,La Liga,Forward,Attackers,1350,5,Clinical finisher,-2.4494,-4.8211,0.2695,97.6,12.0,89.4,7.1,95.7,15.5,18.0,38.4,7.8,31.0,78.8,35.9,51.8,89.8
1010656,Carlos Álvarez,Levante UD,La Liga,Midfielder,Midfielders,1907,4,Creative playmaker,-2.0295,1.9452,0.3484,72.0,38.3,72.4,90.9,71.6,89.3,75.7,71.2,59.7,4.5,28.4,42.0,2.1,4.9
855837,Diego Pampín,Levante UD,La Liga,Defender,Defenders,534,7,Defensive full-back,2.453,0.022,0.3998,27.1,23.7,43.7,59.3,48.6,56.8,14.8,87.7,42.0,32.6,50.3,77.4,41.3,28.1
1393673,Etta Eyong,Levante UD,La Liga,Forward,Attackers,1703,5,Clinical finisher,-2.7146,-2.9135,0.3519,71.4,82.4,83.9,37.6,73.3,27.6,50.6,24.7,12.2,57.1,47.8,42.7,63.9,76.9
1014042,Iván Romero,Levante UD,La Liga,Forward,Attackers,2287,1,Wide dribbler,-2.3426,-1.8771,0.3648,58.8,26.7,67.1,31.8,59.6,39.6,47.5,71.4,34.9,71.0,65.5,62.4,14.9,63.5
149606,Jeremy Toljan,Levante UD,La Liga,Defender,Defenders,3173,0,Progressive wing-back,1.51,0.3377,0.3062,55.8,82.3,34.1,86.8,18.9,73.2,93.4,31.9,32.5,57.7,37.9,14.2,23.3,2.5
1010383,Jon Ander Olasagasti,Levante UD,La Liga,Midfielder,Midfielders,1748,4,Creative playmaker,-1.6653,1.8613,0.3406,37.4,91.8,70.0,84.0,72.8,89.7,79.4,47.7,35.0,19.8,38.7,32.1,46.3,76.5
1807070,Jorge Cabello,Levante UD,La Liga,Defender,Defenders,364,2,Stopper centre-back,3.3781,-2.2022,0.236,27.1,23.7,1.3,0.3,1.3,2.5,14.8,69.1,1.3,49.1,0.5,0.3,73.2,49.8
344129,José Luis Morales,Levante UD,La Liga,Forward,Attackers,383,6,Creative forward,-4.237,0.3286,0.2279,51.4,85.1,92.2,59.6,71.0,76.9,90.2,86.3,71.4,85.9,86.3,99.2,60.8,33.3
1649919,Kareem Tunde,Levante UD,La Liga,Midfielder,Attackers,1151,1,Wide dribbler,-0.3128,-0.8106,0.2598,7.6,42.0,11.0,7.8,27.5,8.2,20.4,59.6,17.6,70.2,98.8,75.3,6.3,52.2
1083832,Kervin Arriaga,Levante UD,La Liga,Midfielder,Midfielders,1544,3,Ball-winning midfielder,0.9414,1.0291,0.2924,79.0,79.4,35.0,33.7,41.2,11.9,42.4,37.0,12.8,78.6,48.1,77.8,97.1,93.8
984789,Manuel Sánchez,Levante UD,La Liga,Defender,Defenders,2818,7,Defensive full-back,2.3656,0.4674,0.4481,59.6,63.7,31.7,62.1,36.6,60.6,59.0,59.6,50.2,90.2,51.4,41.6,22.4,11.7
1496360,Matias Moreno,Levante UD,La Liga,Defender,Defenders,2266,2,Stopper centre-back,3.644,-0.7947,0.4362,27.1,23.7,48.6,37.7,34.7,38.5,36.6,28.7,20.8,44.5,87.4,28.1,68.8,69.4
859769,Oriol Rey,Levante UD,La Liga,Midfielder,Midfielders,1327,3,Ball-winning midfielder,1.168,0.8203,0.3422,13.8,42.8,15.6,14.8,13.2,29.6,9.9,1.6,17.3,23.0,34.2,32.5,83.5,53.1
927066,Pablo Martínez,Levante UD,La Liga,Midfielder,Midfielders,1865,4,Creative playmaker,-1.9519,2.284,0.2768,36.6,90.1,56.4,94.7,66.3,84.8,95.1,54.7,24.3,2.1,62.6,37.4,59.3,39.5
1869106,Paco Cortés,Levante UD,La Liga,Forward,Attackers,476,1,Wide dribbler,-2.2034,-0.748,0.2674,7.6,12.0,11.8,48.6,56.5,51.8,83.1,80.0,21.2,9.0,56.1,79.6,43.5,11.8
909554,Roger Brugué,Levante UD,La Liga,Midfielder,Attackers,1007,1,Wide dribbler,-1.8934,-2.3141,0.3151,23.9,46.7,58.4,53.7,68.6,23.1,42.7,39.2,33.3,38.8,52.9,23.9,92.5,63.1
1170694,Ugo Raghouber,Levante UD,La Liga,Midfielder,Midfielders,721,3,Ball-winning midfielder,2.2741,1.0913,0.2548,13.8,14.6,3.7,3.9,4.9,18.5,9.9,80.2,7.0,74.5,98.8,29.2,84.4,94.7
813574,Unai Elgezabal,Levante UD,La Liga,Defender,Defenders,958,2,Stopper centre-back,3.3789,-2.5518,0.3194,86.0,23.7,71.3,40.1,22.4,17.7,14.8,4.7,2.2,3.8,3.2,11.0,89.3,86.4
966802,Unai Vencedor,Levante UD,La Liga,Midfielder,Midfielders,818,3,Ball-winning midfielder,0.1056,2.3902,0.257,13.8,14.6,0.8,85.6,0.8,69.5,82.3,33.3,44.0,76.1,32.3,40.3,64.6,77.4
952222,Víctor García,Levante UD,La Liga,Midfielder,Attackers,1056,1,Wide dribbler,-1.3412,-0.4782,0.3828,41.2,43.9,29.0,39.6,25.9,56.5,41.6,55.7,34.1,86.7,92.5,84.7,83.9,63.9
992331,Íker Losada,Levante UD,La Liga,Midfielder,Attackers,908,1,Wide dribbler,-1.1814,-0.733,0.303,62.0,51.0,30.6,38.8,12.5,49.0,27.5,25.1,29.4,86.3,98.0,68.6,69.0,21.2
807116,Antonio Raíllo,Mallorca,La Liga,Defender,Defenders,2070,2,Stopper centre-back,3.3363,-1.8376,0.4303,27.1,54.9,29.2,29.2,50.8,37.2,38.8,4.7,19.2,8.5,20.5,12.9,70.7,91.8
949722,Antonio Sánchez,Mallorca,La Liga,Midfielder,Midfielders,1088,3,Ball-winning midfielder,0.5665,2.2169,0.3176,13.8,14.6,16.9,49.4,9.1,52.3,69.5,30.5,19.3,42.4,64.2,87.2,72.4,16.5
1513896,David López,Mallorca,La Liga,Defender,Defenders,833,2,Stopper centre-back,4.3144,-2.147,0.3394,27.1,23.7,41.0,8.8,38.2,2.5,14.8,39.1,10.7,23.0,35.6,4.1,99.7,86.8
1939173,Jan Virgili,Mallorca,La Liga,Midfielder,Attackers,1804,1,Wide dribbler,-3.0094,-0.4262,0.2833,26.7,79.2,16.5,54.9,25.1,69.4,80.0,92.9,43.1,34.1,52.2,54.9,21.6,43.1
344847,Johan Mojica,Mallorca,La Liga,Defender,Defenders,2737,0,Progressive wing-back,1.1442,1.506,0.3395,27.1,87.1,21.5,86.4,53.9,90.2,82.3,68.8,71.6,37.5,28.7,99.1,25.2,16.4
826004,Manu Morlanes,Mallorca,La Liga,Midfielder,Midfielders,1788,3,Ball-winning midfielder,0.3215,1.9988,0.4065,74.9,14.6,60.1,41.2,22.2,42.4,39.1,26.7,65.8,81.1,62.1,66.7,41.6,38.3
893642,Marash Kumbulla,Mallorca,La Liga,Defender,Defenders,438,2,Stopper centre-back,2.6868,-1.8088,0.2936,27.1,23.7,25.2,5.0,60.9,20.8,14.8,38.2,35.0,1.3,4.4,16.7,28.7,75.1
300522,Martin Valjent,Mallorca,La Liga,Defender,Defenders,3309,2,Stopper centre-back,3.6523,-1.5906,0.3837,27.1,23.7,27.1,6.6,42.6,8.2,14.8,20.7,21.5,42.0,14.2,7.6,89.6,57.1
1170693,Mateo Joseph,Mallorca,La Liga,Forward,Attackers,1710,1,Wide dribbler,-1.3742,-1.3111,0.3541,28.2,69.0,54.7,18.0,33.3,24.7,38.0,46.1,25.5,79.2,80.4,56.1,82.7,36.1
879543,Mateu Morey,Mallorca,La Liga,Defender,Defenders,736,7,Defensive full-back,2.335,-0.5222,0.3878,92.7,23.7,46.4,48.3,46.4,45.7,65.6,68.5,38.5,34.7,35.3,46.4,46.4,15.5
255999,Omar Mascarell,Mallorca,La Liga,Midfielder,Midfielders,2245,3,Ball-winning midfielder,1.9564,1.1697,0.3354,52.3,48.1,4.1,2.9,4.1,7.4,34.2,14.4,6.6,57.6,86.4,46.5,95.5,67.1
788216,Pablo Maffeo,Mallorca,La Liga,Defender,Defenders,2672,7,Defensive full-back,2.2306,0.4126,0.4523,62.8,67.8,16.4,66.2,16.1,68.3,61.2,92.1,43.8,63.4,66.9,56.8,39.7,29.7
1082981,Pablo Torre,Mallorca,La Liga,Midfielder,Midfielders,1637,4,Creative playmaker,-2.2055,2.3879,0.4322,85.6,88.1,58.0,82.7,68.7,90.3,63.8,70.0,76.5,35.0,19.3,49.8,18.1,14.4
988351,Samú Costa,Mallorca,La Liga,Midfielder,Midfielders,2705,3,Ball-winning midfielder,0.7566,0.0809,0.3391,87.7,42.0,73.9,16.9,63.0,22.2,30.5,36.6,20.6,63.0,53.9,29.6,93.0,93.0
110783,Sergi Darder,Mallorca,La Liga,Midfielder,Midfielders,2689,4,Creative playmaker,-1.9926,2.5049,0.3329,30.0,77.4,43.2,84.8,58.4,91.4,93.4,81.9,51.4,2.5,55.6,39.1,12.8,8.6
309546,Takuma Asano,Mallorca,La Liga,Forward,Attackers,681,1,Wide dribbler,-1.5709,-1.7291,0.2647,33.3,12.0,51.0,69.8,54.9,5.1,62.7,7.1,26.3,93.7,39.2,43.1,27.5,57.6
828239,Toni Lato,Mallorca,La Liga,Defender,Defenders,599,7,Defensive full-back,1.7802,0.8442,0.3501,27.1,89.9,1.3,72.6,1.3,64.0,71.6,89.9,55.2,65.6,39.1,68.1,13.6,21.8
310874,Vedat Muriqi,Mallorca,La Liga,Forward,Attackers,3134,5,Clinical finisher,-2.4938,-5.5007,0.2722,94.9,24.3,93.7,15.7,91.4,20.0,29.8,15.7,13.7,3.5,5.5,20.0,92.2,95.7
1000150,Zito Luvumbo,Mallorca,La Liga,Forward,Attackers,519,1,Wide dribbler,-3.3075,-1.2948,0.1855,7.6,95.3,14.1,66.7,23.1,72.9,79.6,75.3,20.4,1.0,2.0,1.2,14.1,11.4
1010165,Abel Bretones,Osasuna,La Liga,Defender,Defenders,1658,0,Progressive wing-back,1.4595,0.2032,0.3454,74.1,81.1,42.3,82.3,57.7,69.7,74.4,79.2,57.1,14.5,47.3,54.6,26.5,14.2
985329,Aimar Oroz,Osasuna,La Liga,Midfielder,Midfielders,2152,4,Creative playmaker,-1.2621,2.0478,0.374,13.8,50.2,44.9,73.7,58.8,79.8,62.1,85.6,65.4,20.6,15.2,52.7,15.2,69.1
900792,Alejandro Catena,Osasuna,La Liga,Defender,Defenders,3073,2,Stopper centre-back,3.2034,-1.2419,0.5788,84.5,62.5,81.4,39.4,53.6,43.1,47.3,34.1,16.7,39.4,46.4,42.6,84.5,76.7
37318,Ante Budimir,Osasuna,La Liga,Forward,Attackers,2953,5,Clinical finisher,-1.8618,-5.3897,0.3041,89.0,12.0,93.3,20.0,87.5,9.4,25.1,2.0,3.5,28.2,26.3,3.5,88.2,94.5
1399702,Asier Osambela,Osasuna,La Liga,Defender,Midfielders,372,3,Ball-winning midfielder,1.0989,-0.6463,0.1977,88.5,14.6,56.8,9.9,73.7,30.9,67.9,0.8,22.6,4.1,63.0,34.6,97.9,99.6
1067582,Enzo Boyomo,Osasuna,La Liga,Defender,Defenders,2545,7,Defensive full-back,2.8236,-0.2293,0.3632,64.8,68.8,45.9,43.7,34.4,39.1,52.4,19.9,16.1,72.9,14.8,81.7,57.4,41.3
1119586,Iker Muñoz,Osasuna,La Liga,Midfielder,Defenders,953,7,Defensive full-back,2.3598,0.0974,0.3544,27.1,23.7,39.7,31.9,84.5,54.6,14.8,58.2,80.4,22.7,52.7,83.6,11.7,47.3
825133,Javi Galán,Osasuna,La Liga,Defender,Defenders,1820,0,Progressive wing-back,1.3658,1.9455,0.2835,27.1,58.0,12.9,89.0,24.0,95.0,60.1,98.4,83.6,81.5,85.8,79.8,28.4,12.9
976141,Jon Moncayola,Osasuna,La Liga,Midfielder,Midfielders,3028,4,Creative playmaker,-0.3163,2.0378,0.3277,13.8,64.6,35.8,61.7,24.3,60.5,72.8,25.5,37.0,25.1,34.6,62.1,62.1,26.3
944225,Jorge Herrando,Osasuna,La Liga,Defender,Defenders,1608,2,Stopper centre-back,3.5485,-1.3298,0.3903,27.1,60.6,18.5,50.8,8.8,9.8,44.8,31.5,4.7,31.2,49.8,3.2,82.0,54.9
814360,Juan Cruz,Osasuna,La Liga,Defender,Defenders,660,2,Stopper centre-back,2.6938,-1.3998,0.2772,27.1,23.7,63.9,37.7,6.3,33.1,14.8,47.0,18.3,4.1,10.1,7.9,42.3,12.3
591132,Kike Barja,Osasuna,La Liga,Forward,Attackers,484,6,Creative forward,-3.6211,-1.0934,0.1879,72.2,97.3,31.8,94.9,18.8,89.0,7.3,56.9,56.1,23.5,54.9,21.6,60.0,68.2
187313,Lucas Torró,Osasuna,La Liga,Midfielder,Midfielders,2307,3,Ball-winning midfielder,1.4873,0.0247,0.2404,13.8,33.7,39.1,12.1,52.7,24.3,23.5,22.2,12.3,16.5,72.8,38.3,72.0,99.2
149370,Moi Gómez,Osasuna,La Liga,Midfielder,Midfielders,1218,4,Creative playmaker,-1.2149,3.7055,0.262,13.8,73.7,11.1,74.5,35.0,61.7,78.2,70.4,96.7,12.3,46.5,96.7,19.8,53.7
997280,Raúl García de Haro,Osasuna,La Liga,Forward,Attackers,1042,5,Clinical finisher,-2.891,-3.8865,0.2645,93.3,45.1,94.9,49.4,92.2,44.3,22.7,66.3,12.9,83.1,79.6,25.5,87.5,92.5
980383,Raúl Moro,Osasuna,La Liga,Midfielder,Attackers,629,1,Wide dribbler,-2.8386,0.0963,0.2206,7.6,91.0,0.4,75.7,2.4,73.7,69.8,81.2,65.9,1.0,18.4,56.5,78.0,8.2
260031,Rubén García,Osasuna,La Liga,Midfielder,Defenders,2247,0,Progressive wing-back,-0.6521,1.2211,0.3275,81.7,97.2,92.1,98.4,95.6,98.4,94.6,79.5,76.7,61.5,19.6,52.7,0.9,23.3
842419,Valentin Rosier,Osasuna,La Liga,Defender,Defenders,2554,7,Defensive full-back,2.142,1.122,0.3362,64.4,52.7,29.7,70.3,66.2,62.8,68.8,87.1,64.0,53.3,90.9,96.5,33.8,11.4
1145642,Víctor Muñoz,Osasuna,La Liga,Forward,Attackers,2668,1,Wide dribbler,-2.7275,-1.6483,0.2894,45.9,36.5,38.0,49.8,75.7,33.3,18.4,93.7,51.0,31.4,45.9,50.6,36.9,38.0
981604,Alemão,Rayo Vallecano,La Liga,Forward,Attackers,1149,5,Clinical finisher,-1.2305,-4.0719,0.2992,64.3,12.0,57.6,3.9,45.9,12.2,7.3,20.8,9.0,6.3,7.1,5.1,71.0,71.4
965031,Andrei Rațiu,Rayo Vallecano,La Liga,Defender,Defenders,2810,0,Progressive wing-back,0.2365,2.268,0.3028,27.1,85.2,77.6,93.7,89.6,94.0,94.2,99.1,85.8,80.1,68.1,94.6,20.8,13.9
1131581,Carlos Martín,Rayo Vallecano,La Liga,Midfielder,Attackers,467,1,Wide dribbler,-1.1059,-1.5854,0.2862,7.6,12.0,48.6,18.4,32.9,14.5,45.5,34.1,35.3,84.7,2.0,63.5,44.3,62.4
88528,Florian Lejeune,Rayo Vallecano,La Liga,Defender,Defenders,3231,2,Stopper centre-back,3.2653,-0.5506,0.3359,74.8,47.8,72.6,10.4,97.8,54.9,44.0,39.9,30.0,59.0,79.2,84.5,86.4,75.7
966637,Fran Pérez,Rayo Vallecano,La Liga,Midfielder,Attackers,1250,1,Wide dribbler,-1.8633,-0.0376,0.2829,35.7,39.0,27.5,44.3,8.6,35.3,51.4,49.8,45.1,62.7,18.8,100.0,25.5,5.1
326471,Gerard Gumbau,Rayo Vallecano,La Liga,Midfielder,Midfielders,1197,4,Creative playmaker,-1.1572,2.0207,0.2943,13.8,89.3,40.9,86.0,74.5,84.4,89.3,35.4,18.5,61.7,39.9,17.3,80.7,63.0
1089108,Ilias Akhomach,Rayo Vallecano,La Liga,Midfielder,Attackers,897,1,Wide dribbler,-2.4337,-0.0651,0.3158,7.6,52.2,36.9,39.2,64.3,61.8,74.1,70.2,69.0,96.9,27.8,65.5,56.5,6.3
899982,Isi Palazón,Rayo Vallecano,La Liga,Midfielder,Attackers,2262,1,Wide dribbler,-3.0914,-0.5319,0.343,31.2,59.2,40.4,73.7,48.6,72.5,80.4,43.9,78.8,41.4,13.3,67.1,57.6,48.6
152446,Iván Balliu,Rayo Vallecano,La Liga,Defender,Defenders,594,7,Defensive full-back,2.2291,0.9413,0.3469,27.1,23.7,63.4,47.9,41.3,53.6,14.8,90.2,77.3,83.9,81.1,72.9,1.6,8.8
900003,Jorge de Frutos,Rayo Vallecano,La Liga,Forward,Attackers,2483,5,Clinical finisher,-2.5799,-2.6208,0.3268,70.2,25.5,75.3,46.7,57.3,50.6,35.3,50.6,19.6,47.1,60.8,27.5,20.4,42.4
1120947,Jozhua Vertrouwd,Rayo Vallecano,La Liga,Defender,Defenders,441,2,Stopper centre-back,3.5295,-1.2773,0.3833,27.1,23.7,12.1,5.0,12.6,50.2,14.8,4.7,6.0,11.7,30.6,26.5,73.8,37.9
850035,Luiz Felipe,Rayo Vallecano,La Liga,Defender,Midfielders,491,3,Ball-winning midfielder,2.8709,-0.2462,0.2155,13.8,14.6,44.4,0.4,14.0,2.5,9.9,0.8,0.4,79.0,90.9,1.2,98.4,82.3
1458073,Nobel Mendy,Rayo Vallecano,La Liga,Defender,Defenders,1811,2,Stopper centre-back,3.6837,-1.6013,0.3864,88.6,23.7,82.3,9.3,52.7,13.2,40.4,27.4,2.5,13.7,53.9,41.0,98.1,53.0
542634,Pacha,Rayo Vallecano,La Liga,Defender,Defenders,1493,0,Progressive wing-back,0.5653,1.6893,0.2584,92.1,23.7,92.9,92.1,95.0,89.0,97.8,89.0,68.1,97.2,39.4,96.2,8.2,31.2
913679,Pathé Ismaël Ciss,Rayo Vallecano,La Liga,Midfielder,Midfielders,2003,3,Ball-winning midfielder,1.6432,1.4636,0.3335,56.4,37.0,78.2,3.9,39.9,20.2,26.3,27.6,25.5,84.8,95.5,77.4,96.7,77.0
900669,Pedro Díaz,Rayo Vallecano,La Liga,Midfielder,Midfielders,1881,3,Ball-winning midfielder,-0.6849,1.6275,0.3015,13.8,39.1,51.4,45.3,88.9,58.0,51.6,58.4,52.3,60.1,11.5,66.3,18.5,35.4
1010421,Pep Chavarría,Rayo Vallecano,La Liga,Defender,Defenders,2681,0,Progressive wing-back,1.5626,1.0526,0.4143,62.5,66.9,25.2,85.5,58.7,78.5,76.0,73.8,71.3,54.6,53.0,86.8,29.0,15.8
932764,Randy Nteka,Rayo Vallecano,La Liga,Forward,Midfielders,381,5,Clinical finisher,-1.5302,-3.3819,0.1671,100.0,14.6,100.0,7.8,99.6,48.6,9.9,73.3,10.3,36.2,0.6,3.7,92.2,100.0
910024,Sergio Camello,Rayo Vallecano,La Liga,Forward,Attackers,830,1,Wide dribbler,-3.9574,-0.9871,0.2249,89.8,55.3,65.1,40.0,82.0,83.5,52.2,83.5,49.4,76.9,49.4,94.5,1.6,31.4
588566,Unai López,Rayo Vallecano,La Liga,Midfielder,Midfielders,1623,4,Creative playmaker,-0.9217,2.9502,0.3151,13.8,88.5,26.3,50.2,59.3,92.6,64.2,58.8,63.8,24.7,80.2,80.7,50.2,32.5
345111,Álvaro García,Rayo Vallecano,La Liga,Midfielder,Defenders,2105,0,Progressive wing-back,-1.8849,0.3488,0.1881,98.1,97.8,99.7,99.1,99.4,98.7,100.0,32.2,55.5,13.2,11.4,37.9,2.5,6.6
900008,Óscar Valentín,Rayo Vallecano,La Liga,Midfielder,Midfielders,2113,3,Ball-winning midfielder,1.7334,1.5781,0.3777,34.2,14.6,23.3,31.7,14.8,12.3,25.9,13.2,22.2,91.8,78.2,44.9,90.9,65.0
1011375,Abdessamad Ezzalzouli,Real Betis,La Liga,Midfielder,Midfielders,2255,4,Creative playmaker,-3.461,1.3842,0.2148,98.8,96.7,99.2,74.9,97.5,68.3,93.8,94.2,58.8,67.1,30.5,62.6,11.1,68.7
893062,Aitor Ruibal,Real Betis,La Liga,Defender,Attackers,1814,1,Wide dribbler,-0.9874,0.04,0.2787,45.5,51.8,35.7,34.5,21.6,36.1,36.7,33.3,59.2,98.0,97.3,91.4,97.3,24.7
1152139,Angel Ortiz,Real Betis,La Liga,Defender,Defenders,582,7,Defensive full-back,1.7536,1.8017,0.215,27.1,23.7,7.6,88.6,7.6,79.8,72.6,91.2,51.1,99.7,6.9,80.4,17.4,0.6
958380,Antony,Real Betis,La Liga,Midfielder,Attackers,2459,6,Creative forward,-4.5449,0.5585,0.3167,60.8,82.7,63.9,88.0,90.6,89.4,82.0,49.0,94.5,66.9,92.9,82.7,34.1,18.4
789381,Chimy Ávila,Real Betis,La Liga,Forward,Attackers,394,1,Wide dribbler,-1.514,-1.7961,0.2127,49.8,12.0,72.2,65.5,36.9,90.6,7.3,0.8,51.8,51.4,98.4,44.7,90.6,81.6
887055,Cucho Hernández,Real Betis,La Liga,Forward,Attackers,2592,5,Clinical finisher,-3.1698,-2.532,0.3503,74.9,54.1,74.9,35.9,86.3,53.7,68.2,48.2,51.4,43.9,47.1,40.8,52.2,68.6
115665,Cédric Bakambu,Real Betis,La Liga,Forward,Attackers,593,5,Clinical finisher,-2.9154,-4.1988,0.3154,81.6,67.5,91.8,31.0,87.8,16.1,74.9,4.7,10.2,17.6,45.5,1.6,86.3,69.8
305278,Diego Llorente,Real Betis,La Liga,Defender,Attackers,1226,2,Stopper centre-back,2.889,-1.7051,0.1879,18.4,12.0,5.3,0.8,0.4,1.2,7.3,1.6,0.4,74.5,100.0,64.3,100.0,85.1
798835,Giovani Lo Celso,Real Betis,La Liga,Midfielder,Midfielders,1396,4,Creative playmaker,-3.0016,2.8138,0.3361,68.7,85.6,81.1,80.9,84.8,93.8,89.7,77.0,94.2,25.9,12.8,61.3,5.8,37.4
188365,Héctor Bellerín,Real Betis,La Liga,Defender,Defenders,1840,0,Progressive wing-back,0.882,0.4534,0.3525,88.0,89.3,25.2,92.4,29.3,89.9,89.0,54.9,83.3,25.2,20.2,17.0,42.6,19.2
914835,Junior Firpo,Real Betis,La Liga,Defender,Defenders,832,7,Defensive full-back,1.9544,0.4196,0.3665,27.1,80.4,60.9,74.0,51.7,76.8,84.5,65.3,73.5,77.6,58.0,18.3,48.3,50.8
99519,Marc Bartra,Real Betis,La Liga,Defender,Defenders,1984,2,Stopper centre-back,3.7546,-1.0327,0.456,69.4,23.7,43.7,23.3,70.3,26.2,14.8,46.7,28.4,39.1,69.7,46.1,95.0,67.8
847128,Marc Roca,Real Betis,La Liga,Midfielder,Midfielders,2025,3,Ball-winning midfielder,0.5629,1.8347,0.5008,34.6,36.6,36.6,30.9,30.9,41.6,48.1,39.9,39.5,65.0,66.3,51.9,70.8,14.8
1015287,Natan,Real Betis,La Liga,Defender,Defenders,2810,2,Stopper centre-back,4.0788,-1.49,0.4595,27.1,23.7,17.8,3.8,25.6,25.9,14.8,18.9,4.4,9.1,63.1,32.2,92.7,73.5
1129401,Nelson Deossa,Real Betis,La Liga,Midfielder,Midfielders,736,3,Ball-winning midfielder,-0.7351,1.2057,0.1731,13.8,14.6,32.5,18.1,90.5,50.8,45.3,100.0,70.8,26.7,27.6,73.7,56.8,97.9
816763,Pablo Fornals,Real Betis,La Liga,Midfielder,Midfielders,2865,4,Creative playmaker,-2.7382,3.2094,0.2872,93.4,84.4,69.5,89.7,69.5,97.9,79.8,64.6,89.3,23.5,70.4,73.3,15.6,21.0
1893910,Pablo García,Real Betis,La Liga,Midfielder,Attackers,388,1,Wide dribbler,-1.2056,-0.757,0.2217,7.6,12.0,62.7,9.4,83.9,7.5,7.3,58.8,53.7,85.5,94.9,94.9,5.9,2.0
67769,Ricardo Rodríguez,Real Betis,La Liga,Defender,Defenders,1560,2,Stopper centre-back,2.6483,-0.8734,0.2997,27.1,61.5,7.9,29.2,9.8,49.8,46.7,12.9,45.4,27.8,6.6,9.8,49.5,23.7
989113,Rodrigo Riquelme,Real Betis,La Liga,Midfielder,Attackers,838,1,Wide dribbler,-2.5982,0.2568,0.3117,29.0,54.9,45.1,60.8,70.6,69.8,28.2,61.2,81.6,80.8,73.7,96.1,43.1,31.0
1137814,Sergi Altimira,Real Betis,La Liga,Midfielder,Midfielders,1198,3,Ball-winning midfielder,1.3003,3.0817,0.2478,50.2,74.1,8.6,32.7,11.1,40.7,9.9,18.1,42.8,98.8,93.8,91.8,63.8,69.5
359272,Sofyan Amrabat,Real Betis,La Liga,Midfielder,Midfielders,1296,3,Ball-winning midfielder,0.9832,2.2562,0.2675,13.8,14.6,7.0,15.2,15.2,17.3,9.9,31.3,49.8,39.1,42.0,97.9,37.4,9.5
1186010,Valentín Gómez,Real Betis,La Liga,Defender,Midfielders,1881,3,Ball-winning midfielder,2.0495,0.4374,0.2776,36.2,14.6,19.3,14.0,11.5,15.6,51.6,49.0,2.9,60.1,76.5,17.7,99.6,88.1
838629,Álvaro Fidalgo,Real Betis,La Liga,Midfielder,Midfielders,547,3,Ball-winning midfielder,0.2239,0.7964,0.2751,76.5,14.6,52.3,12.1,22.6,28.8,9.9,40.3,79.4,24.3,18.9,11.5,63.4,2.9
142622,Antonio Rüdiger,Real Madrid,La Liga,Defender,Defenders,1492,2,Stopper centre-back,2.2822,-1.5072,0.2905,75.9,23.7,65.9,43.7,77.0,16.4,48.4,4.7,42.3,4.4,2.5,43.8,35.6,63.7
1091116,Arda Güler,Real Madrid,La Liga,Midfielder,Midfielders,2026,6,Creative forward,-5.3411,4.587,0.1681,79.4,98.8,86.6,99.2,89.7,99.6,98.4,82.7,98.4,68.3,13.2,46.9,4.1,4.1
859025,Aurélien Tchouaméni,Real Madrid,La Liga,Midfielder,Midfielders,2622,3,Ball-winning midfielder,0.7025,2.0964,0.2806,30.9,14.6,55.6,58.8,76.1,42.8,49.8,2.5,82.7,75.3,94.7,69.5,74.9,92.6
835485,Brahim Díaz,Real Madrid,La Liga,Midfielder,Attackers,1284,6,Creative forward,-4.2561,1.5055,0.2563,17.8,98.0,19.6,79.6,5.9,91.4,92.2,82.0,91.8,60.4,17.6,74.9,10.2,7.5
138572,Dani Carvajal,Real Madrid,La Liga,Defender,Defenders,976,0,Progressive wing-back,0.3561,1.2501,0.3083,27.1,75.7,40.2,97.2,42.3,84.5,98.7,34.7,88.6,52.4,10.7,43.2,8.5,3.8
547838,Dani Ceballos,Real Madrid,La Liga,Midfielder,Midfielders,498,3,Ball-winning midfielder,-0.0518,4.8234,0.1728,13.8,14.6,2.1,68.7,12.8,80.7,9.9,43.2,99.2,94.2,81.1,97.5,27.2,4.5
66492,David Alaba,Real Madrid,La Liga,Defender,Defenders,428,2,Stopper centre-back,2.6144,-1.4769,0.2675,27.1,23.7,62.1,17.8,83.3,2.5,14.8,4.7,50.8,31.9,0.5,29.0,47.9,49.2
1176744,Dean Huijsen,Real Madrid,La Liga,Defender,Defenders,2037,2,Stopper centre-back,2.3787,-0.7882,0.3441,84.9,74.4,93.7,56.8,86.1,52.1,39.4,17.4,87.7,21.8,33.1,34.4,76.7,73.2
973887,Eduardo Camavinga,Real Madrid,La Liga,Midfielder,Midfielders,1532,3,Ball-winning midfielder,0.0416,3.157,0.2474,42.4,14.6,44.0,67.1,31.3,44.0,42.8,63.4,90.1,97.9,48.6,69.1,60.1,31.3
831808,Federico Valverde,Real Madrid,La Liga,Midfielder,Midfielders,2746,4,Creative playmaker,-1.9897,2.7165,0.3464,76.1,93.0,57.4,81.5,78.6,74.1,71.2,62.1,94.7,23.9,44.0,55.1,69.1,43.2
851271,Fran García,Real Madrid,La Liga,Defender,Defenders,933,7,Defensive full-back,1.6429,0.0423,0.3353,87.1,77.3,84.4,64.4,56.2,55.8,14.8,49.2,88.0,61.2,18.9,35.3,11.0,12.0
1403559,Franco Mastantuono,Real Madrid,La Liga,Forward,Attackers,1049,6,Creative forward,-3.7573,0.0207,0.2467,23.1,12.0,53.3,84.3,70.2,65.1,87.8,87.5,92.2,78.4,37.3,54.1,9.0,30.6
1402716,Gonzalo García,Real Madrid,La Liga,Forward,Attackers,988,5,Clinical finisher,-2.7466,-3.4491,0.3809,90.2,47.8,86.3,46.3,39.6,54.5,43.5,7.8,31.4,40.0,41.2,18.0,48.6,79.2
991011,Jude Bellingham,Real Madrid,La Liga,Midfielder,Midfielders,1917,4,Creative playmaker,-2.6164,1.9795,0.2426,93.0,84.0,98.4,59.7,93.0,82.7,59.3,96.3,90.9,86.0,31.7,67.9,23.9,81.9
826643,Kylian Mbappé,Real Madrid,La Liga,Forward,Attackers,2604,6,Creative forward,-7.2735,-2.5854,0.1455,99.2,73.7,99.6,87.5,100.0,94.5,67.8,94.9,97.6,2.0,6.3,5.9,1.6,17.3
1156645,Raúl Asencio,Real Madrid,La Liga,Defender,Defenders,1706,2,Stopper centre-back,2.242,-1.312,0.2995,89.9,23.7,73.5,44.5,71.6,32.5,42.6,12.0,47.6,17.4,9.1,13.6,31.9,32.8
910536,Rodrygo,Real Madrid,La Liga,Forward,Attackers,680,6,Creative forward,-6.6044,2.21,0.2204,33.7,97.6,67.8,96.1,94.3,94.9,99.6,91.8,99.6,80.0,59.6,93.3,27.8,2.0
2237795,Thiago Pitarch,Real Madrid,La Liga,Midfielder,Midfielders,596,4,Creative playmaker,-0.8783,2.2787,0.2627,13.8,96.3,38.3,33.3,40.3,47.7,79.0,77.8,62.6,7.8,68.7,38.7,20.6,10.3
795064,Trent Alexander-Arnold,Real Madrid,La Liga,Defender,Defenders,1169,0,Progressive wing-back,-0.8581,2.5277,0.2229,27.1,99.4,31.7,99.4,75.1,100.0,87.4,60.3,97.8,24.3,57.4,58.7,0.6,2.8
868812,Vinícius Júnior,Real Madrid,La Liga,Forward,Attackers,2825,6,Creative forward,-5.8749,-1.0019,0.2065,88.2,69.4,80.8,80.8,88.6,93.7,52.9,95.3,98.0,32.2,5.9,39.6,3.1,2.0
1085081,Álvaro Carreras,Real Madrid,La Liga,Defender,Defenders,2340,0,Progressive wing-back,1.3274,2.274,0.2085,80.3,82.6,21.1,61.8,29.7,89.6,36.3,80.1,100.0,19.6,89.3,100.0,14.2,38.5
822519,Éder Militão,Real Madrid,La Liga,Defender,Defenders,1141,7,Defensive full-back,1.6839,-0.4442,0.3183,96.5,71.0,97.8,60.3,98.7,65.8,72.9,42.6,59.6,70.3,36.3,78.5,54.3,69.7
1120504,Abdel Rahim,Real Oviedo,La Liga,Defender,Defenders,1726,7,Defensive full-back,2.8727,0.6769,0.3414,27.1,23.7,3.5,59.6,7.9,77.6,62.0,63.1,57.7,36.9,95.9,73.2,45.7,32.5
882475,Alberto Reina,Real Oviedo,La Liga,Midfielder,Midfielders,2487,4,Creative playmaker,-0.6991,0.9881,0.2944,72.4,32.9,72.0,53.9,37.9,64.2,70.0,43.6,36.6,11.5,36.2,16.5,9.1,33.7
560756,Dani Calvo,Real Oviedo,La Liga,Defender,Defenders,1617,2,Stopper centre-back,4.067,-2.1764,0.3225,27.1,23.7,19.9,11.0,8.5,9.1,44.0,12.6,0.9,24.9,11.7,1.9,99.4,78.9
892235,David Carmo,Real Oviedo,La Liga,Defender,Defenders,1787,2,Stopper centre-back,3.842,-1.5548,0.4681,72.2,23.7,57.3,27.4,48.3,43.7,41.3,19.2,24.0,35.0,54.9,21.8,96.8,89.3
345333,David Costas,Real Oviedo,La Liga,Defender,Defenders,2075,2,Stopper centre-back,3.609,-1.2546,0.5021,68.5,23.7,49.1,7.6,10.1,23.7,38.5,49.8,7.6,35.3,65.9,20.2,66.6,73.8
606346,Eric Bailly,Real Oviedo,La Liga,Defender,Defenders,1236,2,Stopper centre-back,3.7771,-1.4811,0.4255,78.9,23.7,26.5,15.1,32.8,24.1,14.8,66.1,4.1,6.3,65.3,65.8,82.3,88.0
976104,Federico Viñas,Real Oviedo,La Liga,Forward,Attackers,2451,5,Clinical finisher,-1.8198,-2.4041,0.2509,66.3,25.9,63.1,29.8,47.6,40.4,44.1,82.4,23.9,87.8,71.8,51.8,71.4,91.8
942836,Haissem Hassan,Real Oviedo,La Liga,Midfielder,Attackers,1943,1,Wide dribbler,-2.1541,-0.1562,0.2477,7.6,65.9,7.1,70.6,24.7,34.5,25.7,96.1,31.8,87.5,42.4,53.7,26.3,5.9
1008037,Ilyas Chaira,Real Oviedo,La Liga,Midfielder,Attackers,2458,1,Wide dribbler,-2.0989,-1.5115,0.3154,48.2,40.0,48.2,23.1,82.4,19.2,29.4,64.3,44.7,91.4,26.7,76.9,17.3,45.1
945404,Javi López,Real Oviedo,La Liga,Defender,Defenders,1726,7,Defensive full-back,1.9596,1.1367,0.3614,27.1,59.5,32.2,71.9,33.1,80.1,62.0,86.1,47.0,65.3,53.5,97.5,28.1,15.1
357598,Josip Brekalo,Real Oviedo,La Liga,Midfielder,Attackers,483,6,Creative forward,-2.8029,1.6068,0.2092,7.6,12.0,3.1,86.3,30.6,89.8,94.9,33.7,83.1,93.3,75.7,85.9,5.1,2.0
905639,Kwasi Sibo,Real Oviedo,La Liga,Midfielder,Midfielders,1689,3,Ball-winning midfielder,1.7784,0.7825,0.3276,13.8,14.6,6.6,2.1,8.2,1.2,9.9,13.6,3.3,54.7,45.3,43.2,75.3,44.9
190405,Leander Dendoncker,Real Oviedo,La Liga,Midfielder,Midfielders,1339,3,Ball-winning midfielder,1.6247,0.701,0.3596,46.5,14.6,31.3,13.4,18.1,11.5,9.9,14.8,9.9,88.9,46.1,19.3,85.6,78.4
597876,Lucas Ahijado,Real Oviedo,La Liga,Defender,Defenders,1100,7,Defensive full-back,1.8472,1.5597,0.2558,27.1,71.9,80.8,78.4,81.4,70.7,75.2,94.3,52.7,98.4,83.0,66.9,18.9,7.3
885664,Luka Ilić,Real Oviedo,La Liga,Midfielder,Midfielders,756,3,Ball-winning midfielder,0.4769,0.1482,0.3012,65.4,14.6,51.0,36.0,49.0,9.5,9.9,38.7,11.9,7.4,25.9,22.2,30.5,41.6
844752,Nacho Vidal,Real Oviedo,La Liga,Defender,Defenders,2277,7,Defensive full-back,2.822,-0.4198,0.4313,27.1,23.7,88.6,36.6,61.8,34.1,14.8,73.2,36.3,64.0,70.0,31.7,34.7,20.8
944629,Nicolas Fonseca,Real Oviedo,La Liga,Midfielder,Midfielders,1019,3,Ball-winning midfielder,2.0003,2.0261,0.2726,13.8,14.6,13.4,11.5,26.7,4.5,9.9,10.3,16.9,97.5,91.8,48.6,60.5,25.9
35532,Salomón Rondón,Real Oviedo,La Liga,Forward,Attackers,1037,5,Clinical finisher,-0.7584,-4.1534,0.2481,42.0,12.0,52.9,8.6,46.7,6.3,7.3,34.9,7.1,1.0,8.6,25.9,72.5,94.9
17651,Santi Cazorla,Real Oviedo,La Liga,Midfielder,Midfielders,940,4,Creative playmaker,-2.1392,3.671,0.2706,13.8,54.7,17.7,93.4,23.9,97.1,77.0,84.8,85.2,28.8,11.9,88.1,16.5,30.5
822379,Santiago Colombatto,Real Oviedo,La Liga,Midfielder,Midfielders,2069,3,Ball-winning midfielder,0.3602,1.6759,0.3645,13.8,36.2,9.5,51.4,21.4,55.6,47.7,14.0,37.9,43.2,27.2,46.1,71.6,24.7
1201412,Thiago Fernández,Real Oviedo,La Liga,Midfielder,Attackers,822,6,Creative forward,-3.6495,1.4003,0.2161,7.6,99.2,3.9,94.5,14.5,49.4,88.6,88.2,60.0,59.6,74.5,80.8,12.5,14.9
1086128,Álex Forés,Real Oviedo,La Liga,Forward,Attackers,382,1,Wide dribbler,-1.2421,-2.6664,0.2146,7.6,85.5,56.9,2.4,38.8,2.4,7.3,32.5,8.2,14.1,34.1,30.6,6.7,53.3
966441,Aihen Muñoz,Real Sociedad,La Liga,Defender,Defenders,885,7,Defensive full-back,2.3934,-0.3147,0.332,89.3,23.7,60.3,57.7,59.9,57.7,14.8,61.8,54.9,93.7,8.2,18.9,44.2,18.6
966862,Ander Barrenetxea,Real Sociedad,La Liga,Midfielder,Attackers,1769,6,Creative forward,-4.4793,2.032,0.2867,37.3,89.0,20.0,90.6,32.5,94.1,95.3,95.7,85.5,73.3,89.0,95.7,29.0,32.9
785468,Aritz Elustondo,Real Sociedad,La Liga,Defender,Defenders,725,2,Stopper centre-back,3.3757,-0.644,0.3962,27.1,83.6,55.8,10.1,47.0,10.4,14.8,4.7,40.7,50.2,71.6,49.5,61.8,74.1
1066045,Arsen Zakharyan,Real Sociedad,La Liga,Midfielder,Midfielders,448,4,Creative playmaker,-3.054,2.2128,0.204,13.8,14.6,87.2,98.4,97.1,93.0,97.9,11.5,86.0,43.6,13.6,9.9,1.2,16.0
980410,Beñat Turrientes,Real Sociedad,La Liga,Midfielder,Midfielders,1367,3,Ball-winning midfielder,-0.0762,2.0229,0.3022,13.8,86.4,29.2,23.9,64.2,39.5,30.0,87.2,32.5,81.9,25.5,76.5,70.0,46.5
845385,Brais Méndez,Real Sociedad,La Liga,Midfielder,Midfielders,1672,4,Creative playmaker,-2.5477,1.31,0.3094,97.1,58.4,95.5,77.4,85.2,70.0,81.1,81.5,83.1,45.3,10.3,57.6,7.8,80.7
832427,Carlos Soler,Real Sociedad,La Liga,Midfielder,Midfielders,2332,4,Creative playmaker,-1.7792,1.8575,0.3991,75.7,62.8,61.7,78.2,65.8,86.0,84.8,40.7,73.7,22.6,24.7,14.0,34.2,11.1
257091,Duje Ćaleta-Car,Real Sociedad,La Liga,Defender,Defenders,2152,2,Stopper centre-back,3.7859,-1.7544,0.4483,67.8,23.7,59.9,30.4,52.1,10.7,14.8,4.7,13.2,9.8,65.6,36.3,72.6,94.0
280979,Gonçalo Guedes,Real Sociedad,La Liga,Midfielder,Attackers,1839,1,Wide dribbler,-3.3269,-1.229,0.3044,76.1,78.4,35.3,65.9,55.7,57.6,72.9,43.1,69.8,61.2,27.5,38.4,11.8,37.3
838159,Igor Zubeldia,Real Sociedad,La Liga,Defender,Defenders,2088,2,Stopper centre-back,3.7455,-1.217,0.5267,27.1,54.6,13.9,23.0,19.2,23.0,38.2,11.0,12.6,38.8,44.5,17.4,87.7,70.5
1116388,Jon Aramburu,Real Sociedad,La Liga,Defender,Defenders,2788,7,Defensive full-back,3.1958,0.4498,0.3402,60.9,23.7,70.3,35.3,67.2,44.8,14.8,56.5,65.3,97.5,91.2,63.4,33.1,57.7
1216309,Jon Gorrotxategi,Real Sociedad,La Liga,Midfielder,Midfielders,2215,3,Ball-winning midfielder,1.1063,1.9289,0.3947,33.7,67.1,16.0,8.6,11.9,31.7,34.6,28.8,38.7,52.3,87.2,74.5,72.8,68.3
1466116,Jon Martin,Real Sociedad,La Liga,Defender,Defenders,2250,2,Stopper centre-back,3.8765,-1.8183,0.4175,81.4,23.7,83.3,4.1,58.4,7.9,14.8,51.4,14.5,10.4,80.8,35.6,86.1,92.1
949156,Luka Sučić,Real Sociedad,La Liga,Midfielder,Midfielders,1018,3,Ball-winning midfielder,-0.8024,-0.1112,0.2602,89.9,52.3,83.5,28.8,86.8,40.3,9.9,84.0,30.0,14.0,15.6,26.7,54.7,73.7
823622,Mikel Oyarzabal,Real Sociedad,La Liga,Forward,Attackers,2714,5,Clinical finisher,-4.0736,-2.3595,0.2597,85.9,63.5,89.8,56.1,72.5,65.5,88.2,62.4,54.5,50.2,15.3,48.6,59.6,67.8
1026015,Orri Óskarsson,Real Sociedad,La Liga,Forward,Attackers,842,5,Clinical finisher,-2.8733,-5.2372,0.2599,99.6,12.0,98.0,5.5,80.0,11.4,51.0,9.0,6.3,38.4,11.8,2.4,35.7,74.9
1139409,Pablo Marín,Real Sociedad,La Liga,Midfielder,Midfielders,1511,3,Ball-winning midfielder,0.0641,0.9172,0.3087,13.8,41.6,47.7,46.1,32.1,37.0,44.0,75.7,4.5,37.0,18.5,18.5,30.9,21.8
855835,Sergio Gómez,Real Sociedad,La Liga,Defender,Defenders,2705,0,Progressive wing-back,0.3414,2.7013,0.3013,27.1,96.8,45.4,97.8,35.0,96.5,99.1,65.0,86.8,90.5,52.4,91.5,15.5,13.2
880218,Takefusa Kubo,Real Sociedad,La Liga,Midfielder,Attackers,1508,6,Creative forward,-3.6423,0.7344,0.3279,31.2,86.1,22.5,86.7,29.8,86.7,86.3,88.6,68.6,84.3,83.5,49.8,31.4,29.0
839585,Yangel Herrera,Real Sociedad,La Liga,Midfielder,Midfielders,642,3,Ball-winning midfielder,1.4013,-0.3204,0.2368,13.8,14.6,32.1,30.0,36.6,5.3,9.9,57.2,21.8,40.7,6.6,15.6,94.2,98.8
328145,Adnan Januzaj,Sevilla,La Liga,Midfielder,Attackers,320,6,Creative forward,-3.4692,1.9913,0.1711,7.6,12.0,5.9,92.2,42.4,99.6,7.3,90.2,94.9,83.5,43.1,97.6,50.2,2.0
946381,Akor Adams,Sevilla,La Liga,Forward,Attackers,2070,5,Clinical finisher,-2.2708,-4.3211,0.4558,80.4,62.0,80.4,19.2,73.7,13.3,14.9,31.8,11.8,7.8,4.3,16.5,76.1,84.3
34120,Alexis Sánchez,Sevilla,La Liga,Forward,Attackers,1305,1,Wide dribbler,-2.5396,-0.5511,0.3224,59.2,65.5,52.5,55.7,32.2,82.0,19.2,22.0,78.4,72.2,67.5,81.6,9.8,55.7
1428699,Andrés Castrin,Sevilla,La Liga,Defender,Defenders,1281,2,Stopper centre-back,3.5944,-0.5418,0.3495,78.5,23.7,36.6,11.4,69.1,12.0,14.8,76.0,22.9,47.8,83.9,82.3,78.9,66.6
859021,Batista Mendy,Sevilla,La Liga,Midfielder,Midfielders,1624,3,Ball-winning midfielder,1.0796,1.4022,0.4486,40.7,14.6,40.3,10.7,42.4,18.1,9.9,44.0,26.7,66.7,64.6,77.0,55.1,53.7
875890,Chidera Ejuke,Sevilla,La Liga,Forward,Attackers,954,1,Wide dribbler,-2.6323,0.6432,0.2175,24.7,48.2,25.1,36.5,50.2,58.0,26.7,100.0,80.8,83.9,76.1,98.4,10.6,33.7
21555,César Azpilicueta,Sevilla,La Liga,Defender,Defenders,1218,7,Defensive full-back,3.2899,0.1173,0.3464,27.1,69.4,2.8,52.4,3.2,25.4,53.0,26.5,43.2,77.0,94.6,19.2,30.6,58.4
799054,Djibril Sow,Sevilla,La Liga,Midfielder,Midfielders,2195,3,Ball-winning midfielder,-0.2355,1.1787,0.3214,83.1,75.7,47.3,44.0,32.5,51.4,35.0,16.5,33.3,46.1,57.2,16.9,3.3,33.3
818986,Gabriel Suazo,Sevilla,La Liga,Defender,Defenders,2096,0,Progressive wing-back,1.3831,2.9257,0.22,27.1,54.3,24.3,96.5,13.9,97.5,84.2,76.3,84.2,99.4,75.7,86.4,9.5,6.9
1018190,Isaac Romero,Sevilla,La Liga,Forward,Attackers,1498,5,Clinical finisher,-1.5092,-2.5762,0.3012,52.2,12.0,62.4,11.4,67.1,29.8,30.2,25.9,23.5,44.3,53.3,63.9,77.6,70.2
1015240,José Ángel Carmona,Sevilla,La Liga,Defender,Defenders,2564,7,Defensive full-back,2.0177,1.1321,0.3744,63.9,79.2,33.4,67.2,68.5,71.9,68.3,77.0,67.2,77.3,81.7,93.1,18.0,55.2
1010655,Juanlu Sánchez,Sevilla,La Liga,Midfielder,Defenders,2002,0,Progressive wing-back,0.6669,1.7546,0.3369,27.1,88.0,45.9,90.5,61.2,82.2,86.1,93.4,82.0,94.6,9.5,83.9,4.1,18.3
1097719,Kike Salas,Sevilla,La Liga,Defender,Defenders,2208,2,Stopper centre-back,4.0028,-0.8004,0.2866,82.3,23.7,71.9,26.5,75.7,35.3,14.8,52.1,33.4,76.0,89.6,79.5,89.9,96.8
960006,Lucien Agoumé,Sevilla,La Liga,Midfielder,Midfielders,2693,3,Ball-winning midfielder,0.7857,2.4657,0.3222,29.6,55.6,12.3,25.5,9.5,50.0,72.4,23.5,60.9,79.8,94.2,56.8,55.6,85.2
840951,Marcão,Sevilla,La Liga,Defender,Attackers,943,2,Stopper centre-back,1.6221,-2.8596,0.2076,7.6,12.0,4.3,0.4,3.9,0.6,7.3,2.7,3.1,31.8,65.9,46.7,99.6,85.9
268903,Neal Maupay,Sevilla,La Liga,Forward,Attackers,870,1,Wide dribbler,-1.7718,-2.5633,0.2483,47.5,53.7,33.3,12.9,34.1,67.5,7.3,11.4,36.9,10.6,11.0,16.1,5.5,51.8
68332,Nemanja Gudelj,Sevilla,La Liga,Midfielder,Midfielders,2370,3,Ball-winning midfielder,1.928,-0.4148,0.2613,51.4,14.6,28.2,2.5,56.4,4.9,23.0,11.1,2.1,30.0,61.7,6.2,98.8,81.1
1534422,Oso,Sevilla,La Liga,Midfielder,Defenders,1409,0,Progressive wing-back,0.0991,0.3927,0.3301,93.7,96.2,86.3,76.7,93.1,93.4,80.8,91.5,66.6,72.2,6.0,44.5,1.9,26.8
997033,Peque Fernández,Sevilla,La Liga,Midfielder,Attackers,1012,1,Wide dribbler,-1.8294,-1.061,0.3208,42.4,46.3,9.8,27.1,11.8,63.9,7.3,78.0,73.3,52.9,9.0,62.7,4.7,71.8
872919,Rubén Vargas,Sevilla,La Liga,Midfielder,Attackers,1608,1,Wide dribbler,-3.1234,-0.1301,0.2728,40.4,94.9,32.9,62.0,58.0,73.3,53.3,60.4,63.9,66.3,58.4,83.5,41.6,61.2
1003007,Tanguy Nianzou,Sevilla,La Liga,Defender,Defenders,648,2,Stopper centre-back,3.4882,-2.0749,0.346,27.1,23.7,74.4,2.5,95.9,34.4,14.8,47.3,17.0,58.7,11.0,9.1,92.4,90.2
845693,André Almeida,Valencia,La Liga,Midfielder,Midfielders,1035,4,Creative playmaker,-1.7552,3.4082,0.3377,13.8,79.0,28.8,83.5,32.9,79.4,85.4,86.8,92.6,38.3,54.5,39.9,4.9,7.4
827064,Arnaut Danjuma,Valencia,La Liga,Forward,Attackers,1627,1,Wide dribbler,-3.0854,-1.0702,0.3388,39.4,56.3,51.4,82.7,43.9,35.7,77.6,72.5,31.0,45.5,12.2,63.1,12.9,31.8
344751,Baptiste Santamaria,Valencia,La Liga,Midfielder,Midfielders,775,3,Ball-winning midfielder,0.4191,1.1707,0.2919,63.4,63.4,23.3,56.0,25.1,14.4,65.4,56.4,41.6,6.8,46.9,72.8,96.3,88.5
996928,César Tárrega,Valencia,La Liga,Defender,Defenders,2597,2,Stopper centre-back,3.9849,-1.5776,0.4715,27.1,23.7,26.2,1.9,34.1,6.6,14.8,55.5,3.5,27.1,48.9,16.4,90.2,71.6
998950,Diego López,Valencia,La Liga,Midfielder,Attackers,1777,1,Wide dribbler,-1.4669,-1.0504,0.4109,46.3,30.6,20.8,51.4,14.1,31.4,49.0,29.4,48.2,58.8,71.0,71.4,28.6,66.7
151138,Dimitri Foulquier,Valencia,La Liga,Defender,Defenders,1157,7,Defensive full-back,2.3962,-0.4055,0.3364,27.1,23.7,55.2,25.6,43.8,54.3,14.8,81.4,38.8,18.0,15.8,73.8,34.4,19.9
814023,Eray Cömert,Valencia,La Liga,Defender,Defenders,1339,2,Stopper centre-back,3.0315,-0.856,0.3611,95.3,67.4,83.9,41.3,71.9,49.5,50.8,4.7,22.4,52.1,79.8,27.4,80.1,34.9
857482,Filip Ugrinić,Valencia,La Liga,Midfielder,Midfielders,1513,4,Creative playmaker,-1.1591,2.3338,0.3934,13.8,80.7,34.4,82.3,57.6,72.0,88.1,79.0,43.2,31.7,31.3,58.4,76.5,56.0
609752,Guido Rodríguez,Valencia,La Liga,Midfielder,Midfielders,1308,3,Ball-winning midfielder,0.6468,1.5393,0.3122,92.2,14.6,43.6,32.7,46.9,16.5,31.3,55.1,54.3,92.2,36.6,85.2,91.8,70.4
909119,Hugo Duro,Valencia,La Liga,Forward,Attackers,1989,5,Clinical finisher,-1.4709,-4.0684,0.3617,81.2,12.0,77.6,13.7,26.7,26.3,24.3,4.3,6.7,30.2,25.9,11.2,63.3,80.8
1122610,Javier Guerra,Valencia,La Liga,Midfielder,Midfielders,2086,4,Creative playmaker,-1.5297,1.9676,0.3616,78.2,92.2,77.4,66.3,65.4,72.4,70.8,79.8,42.4,16.0,67.5,53.5,39.1,31.7
996929,Jesús Vázquez,Valencia,La Liga,Defender,Defenders,970,0,Progressive wing-back,0.9255,0.7159,0.2497,27.1,23.7,34.4,70.7,72.6,92.4,78.9,98.7,64.4,42.3,3.8,92.4,31.2,29.0
913695,José Copete,Valencia,La Liga,Defender,Defenders,1768,2,Stopper centre-back,3.2997,-1.2398,0.4836,27.1,23.7,81.9,37.2,64.5,30.3,14.8,56.8,39.7,28.4,60.3,10.4,77.0,64.7
227922,José Luis Gayà,Valencia,La Liga,Defender,Defenders,2461,7,Defensive full-back,1.9154,0.708,0.4406,65.3,69.1,35.5,78.9,44.8,79.2,63.4,61.2,63.7,84.9,33.8,63.7,36.3,19.6
909966,Largie Ramazani,Valencia,La Liga,Forward,Attackers,1250,1,Wide dribbler,-3.8347,-1.6273,0.2139,79.6,39.0,89.0,73.3,94.9,52.9,70.6,76.9,52.5,70.6,96.5,64.7,29.4,14.5
962029,Lucas Beltrán,Valencia,La Liga,Forward,Attackers,1366,1,Wide dribbler,-2.1895,-1.4911,0.3906,16.5,62.7,54.1,43.1,54.3,31.0,62.4,52.2,57.6,54.1,38.4,52.4,51.4,73.7
900433,Luis Rioja,Valencia,La Liga,Midfielder,Attackers,2636,1,Wide dribbler,-2.2662,0.1506,0.3597,27.1,81.2,7.8,74.5,17.6,63.1,58.4,63.1,63.5,71.8,80.0,59.6,79.2,7.1
797306,Mouctar Diakhaby,Valencia,La Liga,Defender,Defenders,544,2,Stopper centre-back,4.0108,-1.3749,0.3383,97.2,23.7,88.3,10.7,64.5,15.1,14.8,30.0,9.8,49.8,95.3,52.4,94.0,83.6
826948,Pepelu,Valencia,La Liga,Midfielder,Midfielders,2232,3,Ball-winning midfielder,0.6167,1.7012,0.3878,53.1,14.6,77.0,51.0,43.6,42.0,24.3,20.2,56.0,71.6,52.3,89.3,91.4,67.5
315916,Renzo Saravia,Valencia,La Liga,Defender,Defenders,353,7,Defensive full-back,3.3557,0.7271,0.3255,27.1,23.7,12.1,12.6,18.6,30.6,14.8,70.0,45.1,71.3,97.5,89.3,19.9,16.7
851282,Thierry Correia,Valencia,La Liga,Defender,Defenders,1394,0,Progressive wing-back,1.4692,1.2297,0.4375,27.1,85.5,27.9,87.7,26.2,75.7,82.0,70.7,78.2,82.0,59.9,51.1,6.6,22.4
754710,Umar Sadiq,Valencia,La Liga,Forward,Attackers,1061,5,Clinical finisher,-2.9033,-2.6867,0.321,67.8,72.5,58.0,58.4,66.7,30.6,61.6,65.5,16.5,34.9,8.2,34.9,20.0,83.5
892521,Unai Núñez,Valencia,La Liga,Defender,Defenders,921,7,Defensive full-back,3.2016,-0.5476,0.3882,27.1,23.7,50.9,53.6,85.5,19.1,14.8,4.7,17.4,62.8,56.8,65.3,55.5,44.5
1012444,Alberto Moleiro,Villarreal,La Liga,Midfielder,Attackers,2490,1,Wide dribbler,-3.1643,-0.4719,0.3436,69.8,74.5,40.0,63.5,29.0,64.3,76.1,62.0,66.7,53.7,63.5,72.2,23.1,6.7
1184541,Alexander Freeman,Villarreal,La Liga,Defender,Defenders,356,7,Defensive full-back,3.3074,0.7534,0.3457,27.1,23.7,6.9,14.8,17.7,30.0,14.8,80.8,68.5,96.5,50.3,87.7,53.3,51.7
1468090,Alfon González,Villarreal,La Liga,Forward,Attackers,655,1,Wide dribbler,-1.9702,-2.3039,0.2742,58.4,12.0,46.3,22.4,61.6,58.4,7.3,40.4,45.9,5.1,42.0,56.9,64.5,20.0
797290,Alfonso Pedraza,Villarreal,La Liga,Defender,Defenders,1690,0,Progressive wing-back,0.944,1.8429,0.3157,73.2,91.2,68.5,93.4,57.1,88.3,93.7,90.5,42.6,86.6,92.4,77.0,10.1,0.9
345195,Ayoze Pérez,Villarreal,La Liga,Forward,Attackers,1127,5,Clinical finisher,-3.3076,-2.2893,0.2387,76.9,92.9,79.6,36.9,40.0,60.0,58.8,51.4,42.0,71.4,48.2,12.2,41.2,64.5
39182,Dani Parejo,Villarreal,La Liga,Midfielder,Midfielders,1398,3,Ball-winning midfielder,-0.0266,2.6656,0.2816,45.7,14.6,37.9,51.9,2.5,81.5,60.9,42.4,65.0,91.4,42.8,44.0,32.5,24.3
1009372,Georges Mikautadze,Villarreal,La Liga,Forward,Attackers,2117,5,Clinical finisher,-4.3556,-3.1327,0.2359,91.4,89.4,85.9,47.8,76.5,56.1,73.7,67.8,32.2,7.5,31.0,10.6,8.2,29.4
146866,Gerard Moreno,Villarreal,La Liga,Forward,Attackers,1350,5,Clinical finisher,-3.859,-2.5438,0.241,95.7,12.0,78.8,71.4,71.4,71.4,64.1,58.4,77.6,38.0,39.6,35.9,76.5,67.1
873189,Juan Foyth,Villarreal,La Liga,Defender,Defenders,936,7,Defensive full-back,3.9585,0.0828,0.3256,27.1,23.7,14.2,19.2,11.7,2.5,14.8,48.9,26.2,68.5,92.1,79.2,72.2,20.5
593526,Nicolas Pépé,Villarreal,La Liga,Forward,Attackers,2396,6,Creative forward,-5.0005,0.5581,0.4325,62.7,92.5,61.6,91.0,62.4,92.2,91.8,89.0,83.9,62.4,79.2,74.5,56.1,41.2
879694,Pape Gueye,Villarreal,La Liga,Midfielder,Midfielders,2143,3,Ball-winning midfielder,-0.4187,1.4321,0.3085,84.4,50.6,82.3,65.8,86.0,54.3,46.9,50.2,58.4,38.7,88.1,55.6,88.5,60.5
1525863,Pau Navarro,Villarreal,La Liga,Defender,Defenders,1924,7,Defensive full-back,3.6499,-0.6477,0.3179,27.1,23.7,4.4,5.7,4.1,17.4,39.7,52.7,11.0,88.0,34.5,14.5,68.5,37.5
984623,Rafa Marín,Villarreal,La Liga,Defender,Defenders,1980,2,Stopper centre-back,3.4737,-1.1164,0.4636,69.7,23.7,20.7,35.8,15.5,38.8,57.4,18.0,25.6,51.3,30.9,15.5,87.1,64.4
1087359,Renato Veiga,Villarreal,La Liga,Defender,Defenders,2485,2,Stopper centre-back,3.5485,-1.4603,0.4177,27.1,23.7,11.4,11.7,26.8,8.8,14.8,4.7,29.7,2.7,31.9,28.7,76.0,61.8
843678,Santi Comesaña,Villarreal,La Liga,Midfielder,Midfielders,2413,4,Creative playmaker,-0.4463,1.7864,0.3103,62.1,88.9,79.4,72.4,46.5,53.5,41.2,30.0,55.1,28.4,68.3,72.0,78.6,70.0
1468046,Santiago Mouriño,Villarreal,La Liga,Defender,Defenders,2384,7,Defensive full-back,3.2557,1.0396,0.2599,65.6,70.0,50.5,20.0,55.2,36.9,36.0,71.3,48.6,98.7,59.3,95.9,64.7,47.9
986245,Sergi Cardona,Villarreal,La Liga,Defender,Defenders,1969,0,Progressive wing-back,1.6507,0.9888,0.3154,70.0,94.0,58.0,87.4,81.7,80.8,78.2,34.4,63.1,78.9,95.0,38.2,24.3,22.7
973290,Tajon Buchanan,Villarreal,La Liga,Midfielder,Attackers,1835,1,Wide dribbler,-1.4929,-0.076,0.2807,68.2,30.2,12.9,43.9,11.4,29.4,60.0,51.0,49.0,74.1,96.9,94.1,45.9,9.0
1172477,Tani Oluwaseyi,Villarreal,La Liga,Forward,Attackers,922,5,Clinical finisher,-1.9246,-3.1001,0.2761,44.3,78.0,64.7,17.3,23.5,14.9,72.5,42.7,3.9,32.9,9.8,9.4,45.1,82.4
316148,Thomas Partey,Villarreal,La Liga,Midfielder,Midfielders,930,3,Ball-winning midfielder,0.9031,1.4865,0.3251,13.8,14.6,42.8,21.4,48.6,36.6,9.9,63.8,52.7,6.8,84.8,83.1,71.2,72.0
846036,Ben White,Arsenal,Premier League,Defender,Defenders,713,0,Progressive wing-back,1.1665,1.1913,0.3647,27.1,84.5,66.6,76.3,61.5,84.2,95.9,59.0,96.2,60.6,62.8,45.7,36.6,51.1
934235,Bukayo Saka,Arsenal,Premier League,Forward,Attackers,2225,6,Creative forward,-5.3005,0.9414,0.3706,60.0,80.0,60.4,97.3,79.6,97.6,91.4,85.9,90.2,67.8,82.4,87.5,21.2,50.6
1144630,Cristhian Mosquera,Arsenal,Premier League,Defender,Defenders,1003,7,Defensive full-back,3.0966,-0.012,0.3471,27.1,23.7,10.6,60.6,3.5,53.0,14.8,17.7,78.9,89.6,22.7,25.1,56.8,62.8
856714,Declan Rice,Arsenal,Premier League,Midfielder,Midfielders,3099,4,Creative playmaker,-1.5808,3.1859,0.3115,63.8,72.8,56.0,91.8,55.6,88.5,95.9,29.2,86.4,44.9,70.8,79.8,84.8,74.5
864921,Eberechi Eze,Arsenal,Premier League,Midfielder,Midfielders,1900,4,Creative playmaker,-2.2855,0.3489,0.2464,97.9,53.9,90.5,68.3,98.4,33.7,60.1,89.7,60.1,11.9,20.6,23.9,7.4,21.4
794839,Gabriel Jesus,Arsenal,Premier League,Forward,Attackers,421,5,Clinical finisher,-3.299,-3.938,0.2127,94.5,12.0,95.7,23.9,98.4,17.6,7.3,80.8,60.4,1.0,81.2,73.3,73.3,82.0
869792,Gabriel Magalhães,Arsenal,Premier League,Defender,Defenders,2751,2,Stopper centre-back,2.4899,-1.7816,0.324,88.3,86.4,91.5,63.1,85.8,26.8,75.2,10.1,56.8,15.1,26.8,2.8,81.1,90.9
922573,Gabriel Martinelli,Arsenal,Premier League,Forward,Attackers,1079,1,Wide dribbler,-3.5258,-0.7253,0.2435,22.0,94.1,65.9,47.5,64.7,48.6,78.0,83.1,47.1,51.0,7.8,78.4,49.4,40.0
958959,Jurriën Timber,Arsenal,Premier League,Defender,Defenders,2457,0,Progressive wing-back,0.8189,0.4548,0.347,91.2,94.6,98.7,62.5,88.0,82.2,70.3,68.1,92.7,74.1,37.5,47.5,8.8,48.9
836705,Kai Havertz,Arsenal,Premier League,Forward,Attackers,583,5,Clinical finisher,-4.0007,-2.2857,0.1866,63.5,99.6,91.2,45.1,77.3,80.0,75.3,17.1,68.2,60.8,20.8,19.2,82.4,86.7
135666,Leandro Trossard,Arsenal,Premier League,Forward,Attackers,2006,6,Creative forward,-3.8801,-0.1798,0.3441,57.3,90.2,47.5,74.9,63.1,75.3,81.2,57.3,85.1,59.2,61.2,60.8,34.9,19.6
547410,Martin Ødegaard,Arsenal,Premier League,Midfielder,Midfielders,1370,4,Creative playmaker,-3.661,3.8257,0.2042,46.1,98.4,50.6,97.5,73.3,97.5,90.9,46.9,96.3,4.9,16.9,52.3,3.7,5.3
966837,Martín Zubimendi,Arsenal,Premier League,Midfielder,Midfielders,3001,3,Ball-winning midfielder,0.9294,0.8949,0.3747,73.7,29.6,53.1,39.9,34.6,23.0,21.0,12.8,70.4,56.8,77.8,15.2,86.0,86.8
592010,Mikel Merino,Arsenal,Premier League,Midfielder,Midfielders,1035,4,Creative playmaker,-1.6229,0.96,0.2441,98.4,92.6,94.7,69.1,84.0,55.1,85.4,32.5,34.2,56.0,54.5,71.2,68.3,92.2
1423711,Myles Lewis-Skelly,Arsenal,Premier League,Defender,Defenders,722,7,Defensive full-back,1.9114,-0.0262,0.2902,27.1,23.7,16.1,29.8,17.4,56.5,14.8,87.4,82.6,12.3,16.1,57.1,3.8,16.1
966547,Noni Madueke,Arsenal,Premier League,Forward,Attackers,1226,6,Creative forward,-3.6691,-0.0727,0.2736,48.6,40.4,10.2,85.5,39.2,74.9,93.3,86.7,84.3,56.1,54.5,29.8,30.6,44.3
1002837,Piero Hincapié,Arsenal,Premier League,Defender,Defenders,1792,7,Defensive full-back,2.609,0.3684,0.4004,71.6,77.9,22.1,75.4,7.3,67.2,60.9,55.8,70.7,74.4,77.0,29.3,58.7,57.4
957602,Riccardo Calafiori,Arsenal,Premier League,Defender,Defenders,1707,7,Defensive full-back,1.4561,-0.6685,0.2799,72.9,79.7,99.1,46.7,99.1,55.2,14.8,83.3,83.9,51.7,29.0,62.8,23.0,81.7
804508,Viktor Gyökeres,Arsenal,Premier League,Forward,Attackers,2254,5,Clinical finisher,-2.715,-4.006,0.3588,91.8,27.5,87.8,33.7,51.8,28.6,39.2,8.2,22.4,9.8,3.9,20.4,43.9,64.5
941168,William Saliba,Arsenal,Premier League,Defender,Defenders,2615,2,Stopper centre-back,2.8615,-0.6818,0.3651,63.2,23.7,35.5,53.6,9.1,42.6,35.0,43.5,73.8,23.3,13.2,64.4,61.5,81.1
923973,Amadou Onana,Aston Villa,Premier League,Midfielder,Midfielders,1776,3,Ball-winning midfielder,1.7521,0.5138,0.3505,60.1,14.6,54.3,16.0,43.2,9.1,9.9,22.6,19.8,82.7,81.5,20.6,92.6,89.3
826204,Boubacar Kamara,Aston Villa,Premier League,Midfielder,Midfielders,1418,3,Ball-winning midfielder,0.449,1.7348,0.3114,45.3,84.8,14.0,29.6,6.6,49.4,9.9,70.8,71.2,49.8,76.1,35.0,49.4,89.7
803039,Donyell Malen,Aston Villa,Premier League,Forward,Attackers,680,5,Clinical finisher,-3.5566,-4.2567,0.2638,89.4,63.1,94.1,16.5,94.3,34.9,7.3,52.9,28.2,26.7,2.0,2.7,9.4,28.2
867887,Douglas Luiz,Aston Villa,Premier League,Midfielder,Midfielders,944,4,Creative playmaker,-0.5296,2.957,0.2845,58.8,14.6,28.2,74.1,47.3,87.2,76.5,45.3,77.8,64.6,88.5,71.6,43.2,51.0
783126,Emiliano Buendía,Aston Villa,Premier League,Midfielder,Attackers,1784,1,Wide dribbler,-2.3096,0.1651,0.2668,63.1,52.5,31.0,52.2,67.5,70.2,61.2,14.5,79.6,94.9,88.2,96.5,69.8,58.0
827679,Ezri Konsa,Aston Villa,Premier League,Defender,Defenders,3036,2,Stopper centre-back,2.7764,-1.1971,0.3024,27.1,23.7,46.8,18.6,27.1,12.9,30.9,42.9,37.2,1.6,19.9,31.7,45.1,25.2
976263,Ian Maatsen,Aston Villa,Premier League,Defender,Defenders,1615,0,Progressive wing-back,0.8723,1.8171,0.3522,27.1,60.3,77.9,91.5,94.0,95.6,91.5,92.7,89.3,92.7,55.2,82.6,44.5,27.4
851100,Jadon Sancho,Aston Villa,Premier League,Midfielder,Attackers,891,6,Creative forward,-3.3783,0.6732,0.2371,7.6,79.6,3.5,83.5,5.1,91.8,74.5,78.4,96.9,17.3,28.6,32.5,57.3,22.0
250223,John McGinn,Aston Villa,Premier League,Midfielder,Midfielders,2169,4,Creative playmaker,-1.9525,1.6086,0.3965,84.0,77.0,69.1,85.2,56.0,83.1,77.4,65.0,50.2,13.6,19.8,22.6,14.4,18.9
1089388,Lamare Bogarde,Aston Villa,Premier League,Midfielder,Midfielders,1104,3,Ball-winning midfielder,1.7194,0.8714,0.2822,13.8,14.6,0.8,4.5,0.8,1.6,9.9,9.1,25.9,79.4,14.0,16.0,74.3,43.6
808590,Leon Bailey,Aston Villa,Premier League,Forward,Attackers,466,6,Creative forward,-3.0199,2.0045,0.2211,7.6,76.9,12.2,96.5,22.4,95.3,46.3,47.5,84.7,85.1,76.9,99.6,44.7,45.5
96538,Lucas Digne,Aston Villa,Premier League,Defender,Defenders,1866,0,Progressive wing-back,0.8552,0.8141,0.3011,27.1,98.9,42.6,95.3,66.9,90.9,81.7,36.0,72.9,73.8,23.0,23.3,30.3,60.3
833956,Matty Cash,Aston Villa,Premier League,Defender,Defenders,3020,0,Progressive wing-back,1.2371,-0.1402,0.3241,85.2,74.8,44.2,77.1,87.1,79.5,65.3,53.0,81.7,44.8,17.7,10.7,18.6,26.5
948261,Morgan Rogers,Aston Villa,Premier League,Midfielder,Midfielders,3285,4,Creative playmaker,-2.3999,0.8715,0.3226,91.4,76.1,84.8,65.4,92.2,68.7,87.7,82.3,56.8,9.5,9.1,27.2,25.9,41.2
555386,Ollie Watkins,Aston Villa,Premier League,Forward,Attackers,2852,5,Clinical finisher,-2.7638,-3.9529,0.399,87.1,49.0,85.5,14.9,72.2,23.9,31.8,39.6,26.7,29.0,27.1,6.7,23.5,62.0
864169,Pau Torres,Aston Villa,Premier League,Defender,Defenders,1676,7,Defensive full-back,2.6699,-0.5683,0.3328,27.1,23.7,75.1,24.0,46.1,5.0,14.8,57.7,66.9,22.1,13.6,74.4,38.5,42.6
98435,Ross Barkley,Aston Villa,Premier League,Midfielder,Midfielders,865,4,Creative playmaker,-2.2003,1.4053,0.3079,96.3,57.8,80.2,75.3,81.9,54.7,91.8,88.1,72.0,47.3,4.1,57.2,37.0,75.3
303638,Tyrone Mings,Aston Villa,Premier League,Defender,Defenders,1323,2,Stopper centre-back,2.9958,-1.763,0.3899,27.1,23.7,91.2,34.4,60.3,41.6,51.7,24.6,40.4,0.3,26.2,31.2,75.7,84.5
143334,Victor Lindelöf,Aston Villa,Premier League,Defender,Defenders,985,2,Stopper centre-back,2.5995,-1.5388,0.2649,27.1,75.4,32.5,9.8,21.1,17.0,57.7,4.7,25.9,2.2,24.3,1.3,34.1,27.8
331737,Youri Tielemans,Aston Villa,Premier League,Midfielder,Midfielders,1862,4,Creative playmaker,-0.9182,3.1227,0.3176,13.8,85.2,33.3,83.1,55.1,78.6,67.5,32.9,78.6,90.1,55.1,49.0,28.0,63.4
44566,Adam Smith,Bournemouth,Premier League,Defender,Defenders,1095,7,Defensive full-back,2.5061,-0.5377,0.2827,27.1,92.1,1.3,25.1,1.3,50.5,54.6,15.8,44.5,48.3,18.0,6.6,35.0,35.3
999028,Adrien Truffert,Bournemouth,Premier League,Defender,Defenders,3380,7,Defensive full-back,1.9638,1.3693,0.3602,54.3,87.7,45.1,74.8,37.5,76.0,62.8,84.9,81.1,75.6,74.4,92.1,48.6,36.0
1104986,Alex Scott,Bournemouth,Premier League,Midfielder,Midfielders,2859,3,Ball-winning midfielder,0.2326,1.9629,0.3498,58.0,30.9,67.9,55.6,70.0,44.4,46.5,72.0,31.7,60.1,75.3,93.8,89.3,65.4
991478,Amine Adli,Bournemouth,Premier League,Midfielder,Attackers,1106,1,Wide dribbler,-1.568,-0.5574,0.2817,52.5,42.7,40.8,61.6,26.3,61.2,21.2,28.2,74.9,92.9,76.5,92.9,87.8,84.7
962408,Bafodé Diakité,Bournemouth,Premier League,Defender,Defenders,1286,2,Stopper centre-back,3.8421,-0.939,0.4747,27.1,23.7,3.2,12.1,2.8,22.1,14.8,4.7,46.4,54.9,33.4,40.1,78.5,79.2
855731,David Brooks,Bournemouth,Premier League,Midfielder,Attackers,1220,6,Creative forward,-4.96,0.2011,0.2966,18.8,83.1,80.0,91.8,93.7,85.1,95.7,64.7,82.7,75.3,44.7,74.1,74.9,32.2
1426228,Eli Junior Kroupi,Bournemouth,Premier League,Forward,Attackers,1690,5,Clinical finisher,-3.0344,-3.1799,0.2583,96.1,12.0,82.0,34.9,76.9,53.3,39.6,38.0,40.4,20.0,66.3,51.4,93.3,29.8
998490,Evanilson,Bournemouth,Premier League,Forward,Attackers,2759,5,Clinical finisher,-1.7397,-3.1367,0.3327,44.7,24.7,69.0,18.8,56.9,41.6,27.1,20.0,18.0,6.7,37.6,31.8,62.7,72.2
1156586,James Hill,Bournemouth,Premier League,Defender,Defenders,2120,2,Stopper centre-back,3.9131,-1.2226,0.253,27.1,84.9,48.3,54.6,48.9,61.5,55.5,16.7,14.8,33.8,95.6,30.3,94.3,100.0
851596,Justin Kluivert,Bournemouth,Premier League,Midfielder,Midfielders,951,4,Creative playmaker,-2.2794,1.5039,0.3118,81.1,14.6,89.3,76.5,77.0,91.8,76.1,77.4,74.1,5.8,11.1,42.4,0.8,29.6
548188,Lewis Cook,Bournemouth,Premier League,Midfielder,Midfielders,905,3,Ball-winning midfielder,1.9136,3.2905,0.214,13.8,55.1,2.9,28.4,4.5,57.2,9.9,17.3,35.4,85.6,100.0,95.1,89.7,54.7
830659,Marcos Senesi,Bournemouth,Premier League,Defender,Defenders,3290,2,Stopper centre-back,2.7338,0.533,0.2578,27.1,88.6,51.9,89.6,43.5,67.5,80.4,29.7,75.1,45.4,91.8,71.0,92.1,81.4
895576,Marcus Tavernier,Bournemouth,Premier League,Midfielder,Midfielders,2738,4,Creative playmaker,-2.7424,1.697,0.3531,86.8,69.5,95.1,79.0,91.8,86.8,78.6,86.0,80.7,15.2,23.5,68.3,51.0,46.1
1464966,Rayan,Bournemouth,Premier League,Midfielder,Attackers,1119,1,Wide dribbler,-2.6064,-1.6878,0.3071,77.3,70.2,45.9,69.4,56.1,51.0,59.2,51.8,55.7,42.0,82.0,58.0,91.4,80.4
322391,Ryan Christie,Bournemouth,Premier League,Midfielder,Midfielders,986,3,Ball-winning midfielder,-0.8533,2.0843,0.2504,79.8,14.6,84.0,44.7,90.9,53.1,58.0,95.9,75.7,83.5,73.3,88.5,67.9,66.3
800419,Tyler Adams,Bournemouth,Premier League,Midfielder,Midfielders,1778,3,Ball-winning midfielder,1.4367,1.7613,0.3513,59.7,56.0,12.8,13.4,10.3,8.6,39.9,18.5,41.2,58.0,96.7,64.6,81.5,72.4
1406130,Veljko Milosavljević,Bournemouth,Premier League,Defender,Defenders,375,2,Stopper centre-back,3.6491,-1.1337,0.5637,27.1,23.7,44.8,52.7,16.4,28.4,14.8,43.2,27.8,46.1,45.7,28.4,81.7,83.3
1184308,Álex Jiménez,Bournemouth,Premier League,Defender,Defenders,2330,7,Defensive full-back,1.7417,1.3587,0.2952,66.2,23.7,54.3,65.0,80.1,59.9,53.9,96.8,69.7,94.0,53.5,94.3,5.0,5.4
966869,Aaron Hickey,Brentford,Premier League,Defender,Defenders,716,7,Defensive full-back,3.031,-0.5349,0.3475,27.1,23.7,66.2,20.8,73.5,2.5,14.8,4.7,29.0,36.3,49.2,77.9,29.7,34.1
1106451,Dango Ouattara,Brentford,Premier League,Midfielder,Attackers,2279,1,Wide dribbler,-2.4608,-1.5968,0.2511,59.6,58.8,60.0,77.5,52.2,46.7,91.0,43.5,27.5,35.3,95.7,54.5,96.1,81.2
855864,Ethan Pinnock,Brentford,Premier League,Defender,Defenders,321,2,Stopper centre-back,4.6605,-1.4321,0.3347,27.1,23.7,3.8,17.8,21.8,2.5,14.8,48.3,7.3,60.3,83.6,27.1,97.5,95.0
1016907,Igor Thiago,Brentford,Premier League,Forward,Attackers,3284,5,Clinical finisher,-2.217,-4.3542,0.3545,92.9,23.9,95.3,21.2,58.4,18.8,40.0,37.3,13.3,44.7,50.2,28.6,92.9,90.2
42694,Jordan Henderson,Brentford,Premier League,Midfielder,Midfielders,1929,4,Creative playmaker,-0.1877,2.0423,0.2789,35.4,72.4,4.9,64.6,3.7,45.9,88.9,4.9,45.3,8.2,44.4,50.6,65.8,32.1
972421,Keane Lewis-Potter,Brentford,Premier League,Defender,Midfielders,1990,4,Creative playmaker,-0.9149,1.0202,0.3145,70.6,71.2,76.1,63.6,70.8,43.2,73.7,59.7,16.0,9.9,21.4,41.6,69.5,23.0
1006387,Kevin Schade,Brentford,Premier League,Midfielder,Attackers,2757,5,Clinical finisher,-1.714,-2.5963,0.334,54.5,50.2,76.9,28.6,38.0,36.5,55.7,28.6,21.6,61.6,78.4,47.5,70.6,88.6
576384,Kristoffer Ajer,Brentford,Premier League,Defender,Defenders,1820,2,Stopper centre-back,3.5668,-1.3699,0.4983,27.1,58.0,49.1,42.0,46.7,19.6,40.1,27.1,10.1,57.1,38.8,18.0,79.5,87.4
799251,Mathias Jensen,Brentford,Premier League,Midfielder,Midfielders,2277,4,Creative playmaker,-1.5815,2.6379,0.3244,65.0,34.2,55.1,96.7,53.9,73.3,92.8,61.7,66.3,32.9,49.8,54.3,62.6,11.5
1137431,Michael Kayode,Brentford,Premier League,Defender,Defenders,3264,7,Defensive full-back,1.8503,0.7199,0.3513,54.6,47.3,38.8,73.2,17.0,82.6,63.7,97.2,34.7,67.8,54.3,80.8,24.9,33.8
907072,Mikkel Damsgaard,Brentford,Premier League,Midfielder,Midfielders,2078,4,Creative playmaker,-2.1964,3.8715,0.2723,78.6,78.6,65.8,96.3,61.3,87.7,97.1,64.2,77.4,82.3,72.4,93.0,17.7,49.0
958916,Nathan Collins,Brentford,Premier League,Defender,Defenders,2972,2,Stopper centre-back,3.0811,-0.9953,0.4021,57.7,63.1,76.0,54.3,59.0,40.7,71.9,38.8,20.5,5.0,60.6,70.3,84.9,83.9
599128,Rico Henry,Brentford,Premier League,Defender,Defenders,1334,7,Defensive full-back,2.1866,-0.0718,0.3114,27.1,68.1,14.8,44.2,28.7,32.8,51.1,88.0,34.1,20.2,9.8,89.6,25.9,39.7
924378,Sepp van den Berg,Brentford,Premier League,Defender,Defenders,2761,2,Stopper centre-back,3.2711,-1.9415,0.2933,27.1,65.6,94.0,53.0,72.9,26.5,74.8,9.8,13.6,2.7,43.8,47.5,85.8,98.7
814873,Vitaly Janelt,Brentford,Premier League,Midfielder,Midfielders,1449,4,Creative playmaker,-0.3178,3.1102,0.23,43.6,90.5,32.9,75.7,30.0,69.1,92.8,18.9,56.4,42.8,98.4,81.5,81.1,74.1
1031258,Yehor Yarmoliuk,Brentford,Premier League,Midfielder,Midfielders,2675,3,Ball-winning midfielder,1.0997,2.1843,0.3471,30.5,42.4,21.0,23.5,12.3,18.9,22.2,41.6,24.7,81.5,60.9,95.9,58.4,63.8
1198075,Brajan Gruda,Brighton & Hove Albion,Premier League,Midfielder,Midfielders,740,4,Creative playmaker,-2.5045,1.51,0.2464,66.3,66.3,88.5,61.3,85.6,90.9,44.9,98.8,60.5,8.6,4.5,65.4,1.6,57.2
1199043,Carlos Baleba,Brighton & Hove Albion,Premier League,Midfielder,Midfielders,1677,3,Ball-winning midfielder,1.4829,1.5707,0.3314,13.8,14.6,20.6,19.3,49.8,16.9,27.6,52.3,8.6,49.0,93.0,87.7,70.4,79.0
1416535,Charalampos Kostoulas,Brighton & Hove Albion,Premier League,Forward,Attackers,386,6,Creative forward,-5.5116,-0.9064,0.1346,83.5,83.9,88.6,61.2,99.6,95.7,97.3,94.1,74.5,98.4,33.7,98.8,60.4,97.6
33902,Danny Welbeck,Brighton & Hove Albion,Premier League,Forward,Attackers,2268,5,Clinical finisher,-2.4047,-3.5449,0.3537,88.6,27.1,87.1,22.7,52.5,28.2,38.4,12.9,30.6,40.8,52.5,14.5,80.8,44.7
1065588,Diego Gómez,Brighton & Hove Albion,Premier League,Midfielder,Midfielders,2136,3,Ball-winning midfielder,-0.2764,0.9649,0.2627,84.8,35.4,93.0,42.8,80.7,44.9,56.0,65.8,18.9,95.9,40.9,59.3,45.7,90.5
825844,Ferdi Kadıoğlu,Brighton & Hove Albion,Premier League,Defender,Defenders,3134,7,Defensive full-back,1.6886,0.3356,0.3689,56.5,23.7,67.0,81.4,79.5,66.2,46.2,55.2,89.6,59.6,25.9,56.5,14.5,23.0
946695,Georginio Rutter,Brighton & Hove Albion,Premier League,Midfielder,Attackers,1804,1,Wide dribbler,-2.5722,-0.6058,0.3689,36.9,66.7,25.9,69.0,48.2,58.8,83.9,69.0,53.3,77.6,75.1,45.5,84.3,54.1
1142315,Jack Hinshelwood,Brighton & Hove Albion,Premier League,Midfielder,Midfielders,1750,4,Creative playmaker,-1.1981,-0.0456,0.2405,83.5,74.5,91.4,66.7,83.5,36.2,40.7,7.0,26.3,14.8,6.2,7.8,51.9,34.6
791,James Milner,Brighton & Hove Albion,Premier League,Midfielder,Midfielders,802,3,Ball-winning midfielder,0.0098,1.4737,0.3726,62.6,60.5,66.3,41.6,39.5,46.5,41.6,2.9,63.0,44.4,33.7,47.3,81.9,39.1
962012,Jan Paul van Hecke,Brighton & Hove Albion,Premier League,Defender,Defenders,3211,2,Stopper centre-back,2.9467,-0.8776,0.3722,83.9,72.6,90.4,51.1,63.1,45.4,45.1,16.4,77.9,31.5,78.2,29.7,71.0,90.5
219572,Joël Veltman,Brighton & Hove Albion,Premier League,Defender,Defenders,1073,7,Defensive full-back,3.2248,-0.227,0.3834,83.6,23.7,90.9,22.7,28.4,41.0,14.8,31.2,68.8,79.2,89.9,39.7,46.7,59.9
936849,Kaoru Mitoma,Brighton & Hove Albion,Premier League,Midfielder,Attackers,1721,1,Wide dribbler,-2.6551,-0.5981,0.3962,38.4,31.8,41.2,70.2,30.2,75.7,50.2,72.2,82.0,47.8,65.1,51.0,54.5,46.3
115365,Lewis Dunk,Brighton & Hove Albion,Premier League,Defender,Defenders,2844,2,Stopper centre-back,3.1111,-0.9064,0.4331,59.0,23.7,64.7,22.1,74.4,24.9,33.1,23.3,47.3,17.7,44.8,74.9,59.6,77.3
959628,Mats Wieffer,Brighton & Hove Albion,Premier League,Defender,Defenders,1914,0,Progressive wing-back,1.7416,1.1338,0.3007,86.6,89.0,89.3,77.1,84.2,80.4,79.7,64.0,73.2,96.2,66.6,88.6,40.4,70.5
997152,Maxim De Cuyper,Brighton & Hove Albion,Premier League,Defender,Defenders,1443,0,Progressive wing-back,-1.1363,1.6395,0.228,93.1,95.7,95.6,99.7,79.8,99.7,99.5,65.6,70.0,21.5,26.5,72.6,6.9,10.4
788784,Olivier Boscagli,Brighton & Hove Albion,Premier League,Defender,Defenders,819,7,Defensive full-back,3.3846,1.3205,0.2419,27.1,81.7,5.2,56.2,5.4,51.7,14.8,39.4,83.0,49.1,98.7,99.7,62.1,65.3
48480,Pascal Groß,Brighton & Hove Albion,Premier League,Midfielder,Midfielders,1636,4,Creative playmaker,-1.7401,2.8592,0.3625,40.1,76.5,49.4,94.2,45.3,94.2,74.5,25.1,83.5,42.0,32.3,36.6,53.9,42.0
1400106,Yankuba Minteh,Brighton & Hove Albion,Premier League,Midfielder,Attackers,2398,6,Creative forward,-3.1005,0.5903,0.2592,29.8,67.1,22.5,83.1,22.0,80.4,85.9,92.5,54.1,95.3,80.8,60.4,31.8,43.9
1036269,Yasin Ayari,Brighton & Hove Albion,Premier League,Midfielder,Midfielders,1941,3,Ball-winning midfielder,-0.2045,1.6936,0.3108,71.6,72.0,70.4,27.6,83.1,32.5,38.3,67.1,16.5,54.3,79.8,90.1,42.0,16.9
996985,Armando Broja,Burnley,Premier League,Forward,Attackers,874,5,Clinical finisher,-0.8072,-3.0242,0.247,27.8,53.1,43.9,5.9,27.8,11.0,27.8,40.0,29.0,18.0,46.7,32.9,59.2,93.7
817979,Axel Tuanzebe,Burnley,Premier League,Defender,Defenders,1202,2,Stopper centre-back,3.7353,-1.7313,0.4218,79.2,23.7,56.6,8.0,6.9,2.5,14.8,4.7,6.3,10.1,31.2,20.5,83.9,59.0
996910,Bashir Humphreys,Burnley,Premier League,Defender,Defenders,1578,7,Defensive full-back,2.7514,-0.3402,0.3964,27.1,23.7,30.6,45.1,49.2,58.7,45.7,54.6,61.5,53.6,16.4,66.2,64.4,49.5
855845,Florentino Luís,Burnley,Premier League,Midfielder,Midfielders,2118,3,Ball-winning midfielder,2.0156,2.2998,0.2804,13.8,51.0,10.3,7.4,14.4,21.0,9.9,16.9,23.0,95.5,97.1,63.4,86.8,61.7
1009386,Hannibal Mejbri,Burnley,Premier League,Midfielder,Midfielders,1253,4,Creative playmaker,-2.1156,2.963,0.3476,48.6,95.9,40.9,77.8,68.3,77.4,88.5,91.8,69.5,62.6,24.3,56.4,8.6,17.7
875360,Hjalmar Ekdal,Burnley,Premier League,Defender,Defenders,1539,2,Stopper centre-back,4.0466,-1.793,0.4086,27.1,23.7,17.0,16.1,30.3,28.1,14.8,21.1,5.4,43.2,20.8,16.1,95.6,88.3
809276,Jacob Bruun Larsen,Burnley,Premier League,Forward,Attackers,1038,1,Wide dribbler,-1.4429,-1.1353,0.3388,7.6,45.5,17.6,44.7,18.0,44.7,42.0,41.6,65.5,22.4,72.9,33.3,75.7,54.9
1020680,Jaidon Anthony,Burnley,Premier League,Midfielder,Attackers,2743,1,Wide dribbler,-2.1243,-0.7114,0.452,54.9,35.3,29.4,40.8,35.7,56.9,47.8,60.8,54.9,53.3,68.6,85.1,54.1,27.5
161717,James Ward-Prowse,Burnley,Premier League,Midfielder,Midfielders,1109,4,Creative playmaker,-0.6632,2.8335,0.2075,13.8,49.4,6.2,79.4,5.8,88.9,98.8,8.2,45.7,6.2,95.9,30.0,58.8,48.1
838399,Joe Worrall,Burnley,Premier League,Defender,Defenders,517,2,Stopper centre-back,4.7334,-2.7641,0.267,27.1,23.7,16.7,0.9,10.4,2.5,14.8,4.7,0.3,6.9,36.6,1.6,100.0,95.3
792122,Josh Cullen,Burnley,Premier League,Midfielder,Midfielders,1519,3,Ball-winning midfielder,0.4608,1.7987,0.3711,64.6,64.2,29.6,48.1,21.0,35.8,66.7,3.3,48.1,48.1,82.7,40.7,79.8,60.1
552036,Josh Laurent,Burnley,Premier League,Midfielder,Midfielders,1783,3,Ball-winning midfielder,1.6447,0.6731,0.3489,37.0,14.6,22.6,8.2,27.2,25.9,9.9,36.2,5.8,66.3,85.6,10.3,77.4,70.8
44614,Kyle Walker,Burnley,Premier League,Defender,Defenders,3097,7,Defensive full-back,2.8005,0.4723,0.4354,27.1,61.8,6.3,45.4,6.0,46.7,56.2,58.2,65.6,45.7,77.3,81.1,30.9,43.8
1048916,Lesley Ugochukwu,Burnley,Premier League,Midfielder,Midfielders,2359,3,Ball-winning midfielder,0.7329,0.3345,0.3621,63.0,33.3,58.4,3.3,38.3,10.7,9.9,47.3,11.5,37.9,35.4,27.6,27.6,58.4
1004505,Loum Tchaouna,Burnley,Premier League,Midfielder,Attackers,1316,1,Wide dribbler,-1.1621,-1.8689,0.3057,34.9,36.9,9.0,25.5,24.3,32.5,18.8,17.6,43.9,46.7,16.5,31.0,38.0,55.3
1136896,Lucas Pires,Burnley,Premier League,Defender,Defenders,1406,7,Defensive full-back,1.4968,1.699,0.285,27.1,23.7,46.8,80.9,91.8,91.8,49.5,92.4,74.8,77.9,75.1,98.1,18.3,1.3
901907,Lyle Foster,Burnley,Premier League,Forward,Attackers,1372,1,Wide dribbler,-1.0441,-2.2902,0.2938,45.1,62.4,41.6,11.0,11.0,18.4,32.5,29.0,27.1,62.0,38.0,37.3,85.1,78.0
795066,Marcus Edwards,Burnley,Premier League,Forward,Attackers,1073,6,Creative forward,-3.666,0.3754,0.2954,22.4,88.2,18.8,72.9,40.8,78.8,92.9,60.0,78.0,27.8,24.3,77.3,13.7,10.6
1117223,Maxime Estève,Burnley,Premier League,Defender,Defenders,2937,2,Stopper centre-back,4.0008,-1.2117,0.5294,27.1,23.7,27.4,24.3,24.6,22.7,32.5,18.3,10.4,26.8,62.5,45.4,90.9,79.5
1392044,Quilindschy Hartman,Burnley,Premier League,Defender,Defenders,1830,0,Progressive wing-back,1.7187,1.3525,0.2827,27.1,98.1,19.9,82.6,40.1,81.7,92.4,44.5,43.5,85.2,91.5,42.0,38.2,4.7
875137,Zian Flemming,Burnley,Premier League,Forward,Attackers,1808,5,Clinical finisher,-1.1863,-4.9379,0.3187,91.0,12.0,76.1,4.3,72.9,10.6,7.3,5.5,5.5,33.7,51.8,9.0,94.1,91.4
1135873,Alejandro Garnacho,Chelsea,Premier League,Forward,Attackers,1283,6,Creative forward,-4.3898,0.6251,0.3606,17.8,90.6,46.7,93.3,58.8,87.8,86.7,48.6,91.4,66.9,42.7,49.4,18.8,14.1
1105779,Andrey Santos,Chelsea,Premier League,Midfielder,Midfielders,1280,3,Ball-winning midfielder,0.99,1.1363,0.3763,47.7,14.6,76.5,36.0,31.7,21.8,31.7,5.3,46.5,72.0,86.8,12.3,49.0,58.0
904827,Benoît Badiashile,Chelsea,Premier League,Defender,Defenders,471,2,Stopper centre-back,4.2618,-0.5994,0.2964,27.1,23.7,1.3,13.9,1.3,2.5,14.8,4.7,29.3,24.0,98.4,26.2,69.4,52.7
982780,Cole Palmer,Chelsea,Premier League,Midfielder,Midfielders,1965,4,Creative playmaker,-2.8171,0.0073,0.1961,99.6,37.4,99.6,63.6,97.9,60.1,50.2,75.3,79.8,5.3,35.8,26.3,10.7,0.4
974505,Enzo Fernández,Chelsea,Premier League,Midfielder,Midfielders,3121,4,Creative playmaker,-2.9969,1.6094,0.2841,93.8,62.1,97.5,93.8,87.2,92.2,80.7,24.3,88.5,10.3,26.3,31.7,21.8,45.3
1597265,Estêvão,Chelsea,Premier League,Midfielder,Attackers,852,6,Creative forward,-5.0254,-0.0224,0.2997,47.8,82.0,61.2,89.4,83.1,79.4,87.1,97.3,80.0,36.9,62.0,66.7,27.1,23.1
1140599,Jamie Gittens,Chelsea,Premier League,Midfielder,Attackers,495,6,Creative forward,-3.7083,0.0608,0.2449,7.6,96.5,24.3,78.8,36.3,76.5,81.6,91.4,62.7,39.6,53.7,35.3,28.2,37.6
1153079,Jorrel Hato,Chelsea,Premier League,Defender,Defenders,1159,7,Defensive full-back,2.8479,0.7221,0.4761,27.1,23.7,30.9,53.6,24.9,65.0,54.3,72.2,65.0,89.9,83.3,64.0,32.5,39.1
1403050,Josh Acheampong,Chelsea,Premier League,Defender,Defenders,700,7,Defensive full-back,2.5308,-0.5906,0.32,94.0,23.7,85.5,22.1,49.5,31.2,14.8,95.9,31.5,53.9,84.2,38.8,21.3,46.7
975079,João Pedro,Chelsea,Premier League,Forward,Defenders,2674,5,Clinical finisher,-1.4681,-2.695,0.2075,100.0,93.1,100.0,68.1,100.0,81.4,83.0,95.3,54.6,11.0,1.9,7.3,1.3,80.4
997087,Liam Delap,Chelsea,Premier League,Forward,Attackers,1139,5,Clinical finisher,-1.1972,-3.9058,0.262,20.4,12.0,70.2,3.1,78.4,2.7,7.3,36.9,19.2,14.5,7.5,12.9,52.5,80.0
996958,Malo Gusto,Chelsea,Premier League,Defender,Defenders,2267,0,Progressive wing-back,0.9458,1.5255,0.3996,81.1,83.3,70.7,87.1,45.1,88.0,73.2,70.3,91.5,44.2,70.3,89.0,4.7,8.5
794939,Marc Cucurella,Chelsea,Premier League,Defender,Defenders,2710,0,Progressive wing-back,1.299,1.0065,0.4359,62.0,87.4,81.1,84.9,65.0,92.1,82.6,10.6,87.1,73.2,56.0,57.4,29.3,36.3
987650,Moisés Caicedo,Chelsea,Premier League,Midfielder,Midfielders,2802,3,Ball-winning midfielder,0.7691,2.9501,0.2801,59.3,31.7,24.3,45.7,37.4,26.7,47.3,39.5,72.4,80.2,99.2,88.9,26.7,22.6
879349,Pedro Neto,Chelsea,Premier League,Midfielder,Attackers,2643,6,Creative forward,-4.068,0.1208,0.3403,40.8,80.4,26.7,89.8,23.9,83.9,85.1,77.6,89.0,24.7,29.0,42.0,20.8,22.7
885908,Reece James,Chelsea,Premier League,Defender,Defenders,1961,0,Progressive wing-back,0.5318,2.1548,0.3346,85.5,95.0,59.3,94.0,90.9,90.5,95.3,69.4,95.0,83.6,90.2,84.9,7.6,47.6
1069488,Roméo Lavia,Chelsea,Premier League,Midfielder,Midfielders,377,3,Ball-winning midfielder,0.3735,2.8403,0.286,13.8,14.6,25.3,71.6,28.0,3.3,67.1,58.0,84.4,88.1,78.6,61.7,31.3,42.4
352668,Tosin Adarabioyo,Chelsea,Premier League,Defender,Defenders,796,2,Stopper centre-back,4.2524,-1.9184,0.2941,27.1,23.7,15.1,50.5,15.1,10.1,64.4,4.7,14.2,38.5,51.1,8.5,96.5,99.4
826134,Trevoh Chalobah,Chelsea,Premier League,Defender,Defenders,2782,2,Stopper centre-back,3.364,-1.0173,0.5337,87.7,23.7,58.7,40.7,50.5,14.5,34.1,40.7,46.1,20.8,62.1,63.1,77.9,77.6
923894,Wesley Fofana,Chelsea,Premier League,Defender,Defenders,1726,2,Stopper centre-back,4.0611,-0.5649,0.2562,27.1,59.5,47.5,38.8,36.9,13.9,42.3,71.0,49.8,6.6,99.4,71.6,90.5,94.3
1109771,Adam Wharton,Crystal Palace,Premier League,Midfielder,Midfielders,2562,4,Creative playmaker,-1.5384,3.5585,0.2701,31.3,79.8,30.0,98.8,52.3,78.2,95.5,42.8,49.0,69.1,61.3,90.9,63.0,49.4
1085180,Brennan Johnson,Crystal Palace,Premier League,Forward,Attackers,1752,1,Wide dribbler,-0.7191,-1.6532,0.3021,27.5,31.0,18.4,27.8,8.2,39.2,15.7,16.5,25.1,73.7,29.4,42.4,91.8,48.2
1064218,Chadi Riad,Crystal Palace,Premier League,Defender,Defenders,554,2,Stopper centre-back,2.6447,-0.1701,0.2856,27.1,91.8,64.4,25.9,63.4,14.8,74.1,29.3,38.2,14.2,47.0,94.0,60.6,71.0
931844,Chris Richards,Crystal Palace,Premier League,Defender,Defenders,2826,2,Stopper centre-back,3.8411,-1.5875,0.3655,59.3,23.7,80.1,50.0,45.4,35.6,33.4,23.7,24.6,59.3,82.0,2.5,84.2,92.7
794338,Daichi Kamada,Crystal Palace,Premier League,Midfielder,Midfielders,1908,3,Ball-winning midfielder,-0.0734,2.4322,0.2976,13.8,14.6,48.1,79.8,38.7,48.1,66.3,44.4,32.9,90.9,32.9,74.9,39.5,38.7
870360,Daniel Muñoz,Crystal Palace,Premier League,Midfielder,Defenders,2403,0,Progressive wing-back,1.2366,0.603,0.316,96.2,82.0,89.6,94.3,91.2,86.8,93.1,14.5,62.1,93.1,46.7,51.7,45.4,59.3
858194,Eddie Nketiah,Crystal Palace,Premier League,Forward,Attackers,416,5,Clinical finisher,-2.6132,-2.2932,0.2509,80.0,12.0,74.1,47.1,90.2,71.0,51.8,54.1,16.9,92.5,63.1,65.1,96.5,75.7
930245,Evann Guessand,Crystal Palace,Premier League,Forward,Attackers,933,1,Wide dribbler,-1.3113,-0.4811,0.327,25.3,76.5,25.5,43.5,6.3,9.0,45.9,67.5,34.5,90.4,67.1,75.7,65.1,58.8
845286,Ismaïla Sarr,Crystal Palace,Premier League,Forward,Attackers,2176,5,Clinical finisher,-1.994,-2.9869,0.3464,72.5,27.8,82.7,16.9,42.9,27.1,31.0,15.3,30.2,23.9,50.6,52.9,78.8,56.1
1471671,Jaydee Canvot,Crystal Palace,Premier League,Defender,Defenders,1347,2,Stopper centre-back,3.6645,-0.6738,0.3207,27.1,23.7,92.9,26.8,44.2,20.0,14.8,24.3,67.5,87.1,30.3,49.8,91.2,80.1
848276,Jean-Philippe Mateta,Crystal Palace,Premier League,Forward,Attackers,2222,5,Clinical finisher,-1.9025,-4.895,0.3509,85.1,12.0,96.1,22.0,69.4,3.9,20.8,23.5,2.4,10.2,34.9,23.5,94.5,88.2
355796,Jefferson Lerma,Crystal Palace,Premier League,Midfielder,Midfielders,1730,3,Ball-winning midfielder,1.1752,1.0973,0.2682,13.8,57.8,57.4,46.5,44.9,31.3,54.7,7.4,21.0,25.5,82.3,82.7,94.7,98.4
1084311,Justin Devenny,Crystal Palace,Premier League,Midfielder,Midfielders,830,3,Ball-winning midfielder,-0.073,-0.1536,0.2598,61.7,14.6,94.2,19.8,71.2,34.8,9.9,20.6,14.8,59.3,1.6,21.8,52.7,52.3
876599,Jørgen Strand Larsen,Crystal Palace,Premier League,Forward,Attackers,2316,5,Clinical finisher,-0.5843,-3.8844,0.2529,37.6,26.3,39.6,15.3,31.4,4.7,14.5,12.5,15.3,3.9,21.2,4.3,88.6,90.6
879674,Maxence Lacroix,Crystal Palace,Premier League,Defender,Defenders,3087,2,Stopper centre-back,3.8788,-1.5379,0.3699,57.4,62.1,76.3,30.9,68.1,20.5,56.5,37.5,8.8,58.0,77.6,13.2,96.2,93.4
43215,Nathaniel Clyne,Crystal Palace,Premier League,Midfielder,Defenders,604,0,Progressive wing-back,1.5815,0.2321,0.2893,27.1,89.6,72.9,83.6,40.7,52.7,92.7,74.4,46.7,73.5,25.6,9.5,49.8,1.9
988275,Tyrick Mitchell,Crystal Palace,Premier League,Midfielder,Defenders,3253,7,Defensive full-back,2.1084,1.1344,0.3832,54.9,59.9,55.5,69.1,51.1,73.8,64.0,62.8,53.0,91.8,42.6,93.7,26.2,14.5
193554,Will Hughes,Crystal Palace,Premier League,Midfielder,Midfielders,1577,3,Ball-winning midfielder,0.1958,1.3424,0.3589,13.8,14.6,38.7,62.1,44.0,62.6,28.4,49.8,47.3,27.2,53.1,25.1,66.7,56.4
984624,Yéremy Pino,Crystal Palace,Premier League,Forward,Attackers,2100,6,Creative forward,-3.631,0.633,0.2621,22.7,44.5,36.5,94.1,40.4,91.0,96.5,34.5,69.4,68.8,56.9,78.0,55.7,53.7
987489,Beto,Everton,Premier League,Forward,Attackers,1613,5,Clinical finisher,-1.5192,-5.6471,0.2436,86.7,32.9,88.2,1.2,63.9,20.8,16.1,35.3,1.6,11.8,5.1,4.7,98.4,98.0
1017392,Carlos Alcaraz,Everton,Premier League,Midfielder,Midfielders,730,4,Creative playmaker,-1.1841,1.5072,0.2923,13.8,67.5,79.0,39.1,94.2,64.6,69.1,69.1,57.6,53.9,9.5,81.9,25.1,83.5
935543,Dwight McNeil,Everton,Premier League,Midfielder,Attackers,1188,1,Wide dribbler,-1.1131,0.1234,0.3024,7.6,41.2,13.7,68.6,36.3,52.2,20.0,20.4,46.7,91.8,88.6,87.1,67.5,36.5
1627560,Harrison Armstrong,Everton,Premier League,Midfielder,Midfielders,537,3,Ball-winning midfielder,0.9228,1.3141,0.3748,13.8,14.6,73.9,15.6,36.2,29.2,9.9,9.5,55.6,88.5,33.3,37.0,56.4,59.7
106337,Idrissa Gana Gueye,Everton,Premier League,Midfielder,Midfielders,2101,3,Ball-winning midfielder,0.1195,1.7627,0.3651,55.1,69.1,53.5,44.7,60.1,21.4,36.2,17.7,61.7,27.6,79.0,67.1,35.8,28.8
914309,Iliman Ndiaye,Everton,Premier League,Midfielder,Attackers,2786,1,Wide dribbler,-2.5397,0.6953,0.2616,43.9,49.8,42.7,67.1,12.9,38.0,54.1,91.0,75.7,95.7,72.2,98.0,32.9,25.1
189061,Jack Grealish,Everton,Premier League,Midfielder,Attackers,1631,6,Creative forward,-3.4849,1.4587,0.2868,29.4,93.7,17.3,83.9,14.9,92.9,67.5,65.1,88.2,64.3,83.9,89.8,32.5,15.3
998253,Jake O'Brien,Everton,Premier League,Defender,Defenders,3131,2,Stopper centre-back,2.944,-1.4196,0.3564,56.5,48.4,61.2,33.9,33.4,56.2,14.8,32.8,35.6,41.6,5.4,35.0,54.6,91.5
927361,James Garner,Everton,Premier League,Midfielder,Midfielders,3414,4,Creative playmaker,-0.4609,3.5267,0.2551,38.3,83.1,30.5,81.9,56.8,76.1,80.2,37.9,74.9,92.6,92.6,64.2,84.0,46.9
145188,James Tarkowski,Everton,Premier League,Defender,Defenders,3330,2,Stopper centre-back,3.2205,-1.873,0.353,73.8,71.3,79.2,59.9,55.5,59.0,43.2,20.2,23.3,25.6,36.0,6.3,89.0,97.5
979563,Jarrad Branthwaite,Everton,Premier League,Defender,Defenders,689,2,Stopper centre-back,3.2795,-1.0914,0.3151,94.3,23.7,56.6,15.8,76.7,48.9,66.9,4.7,72.6,14.8,86.4,59.3,71.9,97.2
861970,Kiernan Dewsbury-Hall,Everton,Premier League,Midfielder,Midfielders,2635,4,Creative playmaker,-2.0958,1.844,0.4237,90.9,71.6,77.8,88.9,65.0,67.9,84.0,72.8,71.6,26.3,14.4,51.4,31.7,42.8
1064082,Merlin Röhl,Everton,Premier League,Midfielder,Midfielders,694,3,Ball-winning midfielder,0.6552,0.2033,0.3233,69.1,14.6,60.5,20.2,72.0,37.4,9.9,25.9,6.2,84.0,20.2,19.8,44.9,86.4
110846,Michael Keane,Everton,Premier League,Defender,Defenders,2619,2,Stopper centre-back,3.8645,-2.0671,0.3677,89.6,52.1,84.4,20.5,86.8,6.3,14.8,38.5,9.5,25.9,73.8,22.4,93.4,96.5
1395746,Thierno Barry,Everton,Premier League,Forward,Attackers,1932,5,Clinical finisher,-0.908,-4.8953,0.2418,72.9,12.0,73.7,5.1,34.5,12.9,26.3,12.2,14.9,8.6,33.3,7.5,79.6,99.2
1085950,Tim Iroegbunam,Everton,Premier League,Midfielder,Midfielders,1505,3,Ball-winning midfielder,1.0598,2.6432,0.2345,13.8,65.4,18.5,21.0,28.4,15.2,56.4,71.6,13.6,99.2,83.5,56.0,10.3,71.2
1174472,Tyler Dibling,Everton,Premier League,Midfielder,Attackers,371,1,Wide dribbler,-0.5862,0.4135,0.1806,7.6,12.0,2.0,14.1,4.3,38.4,7.3,97.6,46.3,54.5,99.6,95.3,65.9,34.1
1403061,Tyrique George,Everton,Premier League,Forward,Attackers,370,6,Creative forward,-3.456,0.616,0.193,7.6,12.0,26.3,96.9,65.5,24.3,98.4,80.4,72.5,88.2,67.8,55.7,1.6,17.6
876643,Vitaliy Mykolenko,Everton,Premier League,Defender,Defenders,2960,7,Defensive full-back,2.5645,-0.1001,0.3757,27.1,49.5,10.1,71.3,20.7,69.4,31.7,50.2,78.5,34.1,40.1,33.8,58.4,52.4
352770,Alex Iwobi,Fulham,Premier League,Midfielder,Attackers,2434,1,Wide dribbler,-2.3516,0.5883,0.2948,36.5,56.9,6.3,80.4,16.5,76.1,36.1,32.2,90.6,52.2,72.5,86.7,36.5,18.8
803174,Antonee Robinson,Fulham,Premier League,Defender,Defenders,1492,7,Defensive full-back,2.2194,2.1459,0.2515,75.9,23.7,73.2,80.9,32.2,93.1,48.4,79.8,86.4,93.4,96.8,99.4,40.1,31.5
861972,Calvin Bassey,Fulham,Premier League,Defender,Defenders,2544,7,Defensive full-back,2.8848,-0.3547,0.4522,64.8,23.7,69.2,14.2,42.0,44.5,14.8,56.2,40.1,71.0,28.1,70.7,43.2,45.7
867445,Emile Smith Rowe,Fulham,Premier League,Midfielder,Midfielders,1943,3,Ball-winning midfielder,-0.367,0.8462,0.2943,71.2,14.6,89.7,25.9,78.2,41.2,26.7,52.7,77.0,39.5,65.4,11.1,23.0,12.3
355528,Harry Wilson,Fulham,Premier League,Midfielder,Attackers,2691,1,Wide dribbler,-3.1099,-1.17,0.2799,66.7,84.7,37.6,75.3,71.8,61.8,64.7,26.3,62.4,48.6,69.8,36.5,91.0,10.2
825719,Issa Diop,Fulham,Premier League,Defender,Defenders,827,2,Stopper centre-back,3.1471,-2.2336,0.3334,90.9,23.7,88.0,2.2,14.2,2.5,14.8,20.7,11.7,5.7,17.4,2.2,61.2,58.7
362682,Joachim Andersen,Fulham,Premier League,Defender,Defenders,2884,2,Stopper centre-back,3.4436,-0.7171,0.4621,27.1,50.8,58.0,61.0,47.6,24.1,58.4,35.3,61.8,32.2,60.9,47.9,94.6,79.8
868715,Jorge Cuenca,Fulham,Premier League,Defender,Defenders,965,2,Stopper centre-back,3.8798,-0.3756,0.362,27.1,23.7,6.6,57.3,3.8,34.7,58.0,35.0,23.7,30.9,88.6,56.2,93.7,55.8
1546231,Josh King,Fulham,Premier League,Midfielder,Attackers,1310,1,Wide dribbler,-1.503,-0.8987,0.3439,16.9,65.1,29.8,16.1,34.9,43.9,7.3,54.5,52.2,76.1,29.8,72.9,64.5,13.7
190877,Kenny Tete,Fulham,Premier League,Defender,Defenders,1802,7,Defensive full-back,2.7114,0.6003,0.4166,71.3,23.7,59.6,70.0,78.9,61.2,40.7,60.6,62.8,95.0,80.4,68.5,41.6,42.9
1112879,Kevin,Fulham,Premier League,Midfielder,Attackers,1037,1,Wide dribbler,-2.4857,0.1635,0.2412,23.5,45.9,13.3,60.0,49.8,57.3,23.1,98.4,76.1,74.9,90.6,76.5,39.2,42.7
1065216,Oscar Bobb,Fulham,Premier League,Midfielder,Attackers,1050,1,Wide dribbler,-2.4676,0.9022,0.2453,7.6,44.5,19.2,81.2,5.5,84.3,22.4,90.6,91.0,78.0,90.2,61.2,8.6,35.3
192442,Raúl Jiménez,Fulham,Premier League,Forward,Attackers,2206,5,Clinical finisher,-2.0343,-3.8799,0.3681,70.6,59.6,85.1,13.3,84.3,42.7,21.6,10.2,17.3,68.2,49.8,22.4,82.0,92.9
1015256,Rodrigo Muniz,Fulham,Premier League,Forward,Attackers,997,5,Clinical finisher,-0.7665,-4.6584,0.2113,24.3,47.1,59.2,1.8,80.4,23.5,23.9,14.1,0.8,15.7,25.5,3.1,96.9,100.0
836698,Ryan Sessegnon,Fulham,Premier League,Defender,Defenders,1822,7,Defensive full-back,1.8656,0.2735,0.4378,95.9,57.4,83.0,77.9,77.6,69.1,71.3,67.2,59.9,79.8,71.3,53.0,36.9,24.3
822470,Samuel Chukwueze,Fulham,Premier League,Forward,Attackers,1075,6,Creative forward,-4.3482,0.645,0.3153,53.7,94.5,32.2,95.7,47.6,87.5,78.4,73.3,75.3,20.4,77.6,89.0,49.8,38.4
793167,Sander Berge,Fulham,Premier League,Midfielder,Midfielders,2911,3,Ball-winning midfielder,1.0226,1.2703,0.4665,13.8,30.0,24.7,23.0,7.4,28.4,38.7,16.0,40.7,63.8,43.2,34.2,65.0,78.4
371222,Saša Lukić,Fulham,Premier League,Midfielder,Midfielders,1734,3,Ball-winning midfielder,-0.0463,1.6332,0.364,37.9,57.2,66.7,58.0,41.8,75.3,54.3,19.3,38.3,74.9,59.3,21.4,73.7,66.7
329417,Timothy Castagne,Fulham,Premier League,Defender,Defenders,1872,7,Defensive full-back,2.4135,0.0248,0.3524,27.1,23.7,75.4,69.4,66.6,76.8,69.7,25.9,66.2,60.9,88.3,12.6,35.3,41.0
82566,Tom Cairney,Fulham,Premier League,Midfielder,Midfielders,805,4,Creative playmaker,-1.1514,1.07,0.2319,86.0,14.6,75.3,54.7,82.7,63.8,9.9,34.6,92.2,1.2,16.0,63.8,21.0,64.6
889861,Anton Stach,Leeds United,Premier League,Midfielder,Midfielders,2378,4,Creative playmaker,-1.7932,2.0481,0.3039,80.7,61.7,63.4,86.4,87.7,96.7,83.5,62.6,44.9,73.7,40.3,48.1,77.0,85.6
871886,Ao Tanaka,Leeds United,Premier League,Midfielder,Midfielders,1326,3,Ball-winning midfielder,0.2209,1.8857,0.3258,70.6,14.6,62.6,58.4,54.3,63.4,30.9,15.2,37.4,36.6,87.7,84.8,35.4,48.6
973431,Brenden Aaronson,Leeds United,Premier League,Forward,Midfielders,2473,4,Creative playmaker,-1.724,1.5358,0.3714,73.0,81.5,81.9,72.8,79.4,65.0,81.5,81.1,18.1,33.3,21.8,60.1,14.0,52.7
828639,Daniel James,Leeds United,Premier League,Midfielder,Attackers,566,1,Wide dribbler,-1.7528,-1.4304,0.3321,7.6,12.0,23.1,53.3,53.3,66.3,38.8,46.7,41.6,49.0,22.4,45.9,83.1,60.8
372344,Dominic Calvert-Lewin,Leeds United,Premier League,Forward,Attackers,2726,5,Clinical finisher,-1.7863,-5.2448,0.302,82.7,25.1,92.9,12.2,65.9,19.6,17.6,6.7,15.7,4.7,14.7,5.5,80.4,96.1
847097,Ethan Ampadu,Leeds United,Premier League,Midfielder,Midfielders,3123,3,Ball-winning midfielder,1.4446,1.7132,0.4178,28.0,29.2,46.5,37.4,30.5,23.5,20.6,21.8,30.9,71.2,88.9,80.2,87.7,81.5
834308,Gabriel Gudmundsson,Leeds United,Premier League,Defender,Defenders,2642,7,Defensive full-back,1.8165,0.6172,0.3761,27.1,23.7,47.5,80.4,60.6,70.0,67.8,94.6,42.9,83.0,41.0,61.5,27.8,9.8
911679,Ilia Gruev,Leeds United,Premier League,Midfielder,Midfielders,1334,3,Ball-winning midfielder,0.5244,1.1667,0.293,13.8,86.8,14.8,34.4,7.8,32.9,49.0,28.0,7.4,22.2,65.0,14.4,50.6,55.1
886930,Jaka Bijol,Leeds United,Premier League,Defender,Defenders,1913,2,Stopper centre-back,3.4188,-1.4676,0.4008,70.7,76.3,51.4,43.2,69.4,39.7,69.1,18.6,17.7,15.5,61.8,19.6,97.2,89.0
827681,James Justin,Leeds United,Premier League,Defender,Defenders,1916,7,Defensive full-back,2.4918,-0.1446,0.3306,86.0,56.2,81.9,58.4,94.3,62.5,88.0,25.2,32.8,90.9,77.9,36.0,57.1,65.9
929132,Jayden Bogle,Leeds United,Premier League,Midfielder,Defenders,2809,7,Defensive full-back,1.6966,0.7567,0.398,59.9,64.0,74.8,83.3,55.8,67.8,85.8,74.8,39.4,75.1,58.7,74.1,14.8,17.0
828640,Joe Rodon,Leeds United,Premier League,Defender,Defenders,2953,2,Stopper centre-back,3.4114,-1.8178,0.5491,76.3,23.7,53.2,20.0,53.0,33.6,32.2,9.5,21.8,11.4,38.5,10.1,75.4,82.6
850823,Joël Piroe,Leeds United,Premier League,Forward,Attackers,315,5,Clinical finisher,-1.4944,-3.0654,0.2094,7.6,12.0,55.7,12.5,98.0,3.5,7.3,8.6,60.8,16.9,44.3,30.2,11.0,70.6
803185,Lukas Nmecha,Leeds United,Premier League,Forward,Attackers,1092,5,Clinical finisher,-2.9202,-3.7847,0.3802,85.5,43.1,96.5,60.4,67.8,32.9,40.4,24.3,20.0,43.1,35.7,29.0,56.9,87.1
865523,Noah Okafor,Leeds United,Premier League,Forward,Attackers,1573,1,Wide dribbler,-2.7176,-1.646,0.2789,82.0,33.7,58.8,32.5,44.7,52.5,56.1,89.4,37.3,69.4,85.5,58.4,58.0,42.0
836675,Pascal Struijk,Leeds United,Premier League,Defender,Defenders,2937,2,Stopper centre-back,3.2903,-1.4452,0.4651,27.1,50.2,90.4,27.8,89.0,46.1,49.2,22.1,36.9,18.3,45.1,51.4,85.2,92.4
866191,Sean Longstaff,Leeds United,Premier League,Midfielder,Midfielders,1046,4,Creative playmaker,-1.5117,2.6128,0.2279,77.8,78.2,62.1,84.4,69.1,94.7,96.7,9.9,21.4,93.8,67.1,23.5,29.6,51.4
826167,Sebastiaan Bornauw,Leeds United,Premier League,Defender,Defenders,439,2,Stopper centre-back,4.0342,-1.6852,0.4702,27.1,23.7,50.9,1.6,12.9,2.5,14.8,37.9,1.9,29.0,52.1,12.0,83.0,74.8
998951,Wilfried Gnonto,Leeds United,Premier League,Forward,Attackers,535,1,Wide dribbler,-1.533,1.4003,0.2069,7.6,71.8,5.3,56.9,31.0,70.6,41.2,41.2,86.3,100.0,70.2,80.4,95.7,11.0
823941,Alexander Isak,Liverpool FC,Premier League,Forward,Attackers,714,5,Clinical finisher,-1.5637,-3.6532,0.2998,73.7,61.2,66.3,1.8,49.4,3.1,31.4,3.5,11.4,58.0,2.0,8.6,76.9,56.9
895324,Alexis Mac Allister,Liverpool FC,Premier League,Midfielder,Midfielders,2675,4,Creative playmaker,-0.7208,1.2997,0.3172,46.9,70.8,73.3,32.1,79.8,63.0,48.6,23.9,67.5,30.5,37.0,25.5,45.3,30.0
262911,Andy Robertson,Liverpool FC,Premier League,Defender,Defenders,1188,0,Progressive wing-back,0.5992,0.4399,0.2708,79.5,23.7,86.8,83.9,74.1,96.8,86.8,41.0,96.8,16.7,15.5,23.0,16.1,30.0
862967,Cody Gakpo,Liverpool FC,Premier League,Midfielder,Attackers,2754,1,Wide dribbler,-3.5691,-1.3432,0.2801,50.2,71.0,56.5,72.2,78.0,80.8,76.9,56.3,77.3,30.6,62.4,41.6,38.4,77.6
1008402,Conor Bradley,Liverpool FC,Premier League,Defender,Defenders,932,0,Progressive wing-back,1.7473,1.3594,0.3539,27.1,77.6,28.7,78.4,56.5,47.9,92.1,77.3,93.7,80.4,71.9,69.4,27.1,48.3
927353,Curtis Jones,Liverpool FC,Premier League,Midfielder,Midfielders,1950,4,Creative playmaker,-1.086,3.6418,0.2394,35.0,53.5,71.6,71.2,48.1,50.0,58.4,76.1,97.9,53.5,50.2,97.1,56.0,23.5
869856,Dominik Szoboszlai,Liverpool FC,Premier League,Midfielder,Midfielders,3233,4,Creative playmaker,-2.6624,3.2181,0.3314,77.4,86.0,74.9,90.1,86.4,95.1,90.5,60.1,93.8,31.3,51.0,78.6,67.1,25.5
845386,Federico Chiesa,Liverpool FC,Premier League,Forward,Attackers,400,5,Clinical finisher,-3.3393,-1.7161,0.1905,80.8,83.5,66.7,63.9,96.1,21.2,89.0,13.7,66.3,94.5,93.7,14.9,89.8,40.8
1019322,Florian Wirtz,Liverpool FC,Premier League,Midfielder,Midfielders,2388,4,Creative playmaker,-3.3156,2.7442,0.2467,80.2,60.9,92.6,90.5,84.4,95.9,59.7,92.6,97.5,40.3,14.8,41.2,8.2,7.8
1048422,Hugo Ekitiké,Liverpool FC,Premier League,Forward,Attackers,1810,5,Clinical finisher,-4.1382,-3.2815,0.261,90.6,78.8,86.7,62.4,89.4,45.5,37.3,84.7,56.9,22.7,20.0,16.9,85.5,72.5
826215,Ibrahima Konaté,Liverpool FC,Premier League,Defender,Defenders,3100,2,Stopper centre-back,3.4443,-1.2579,0.4313,57.1,23.7,42.9,33.9,30.0,27.8,47.0,26.2,62.5,28.1,34.1,42.3,74.1,94.6
970361,Jeremie Frimpong,Liverpool FC,Premier League,Defender,Defenders,1068,0,Progressive wing-back,-0.3211,1.57,0.3041,27.1,73.2,53.2,91.2,83.6,91.2,97.5,97.5,94.0,32.6,7.9,77.4,2.2,8.2
318927,Joe Gomez,Liverpool FC,Premier League,Defender,Defenders,644,0,Progressive wing-back,1.2834,0.4389,0.2649,27.1,98.4,47.9,80.1,67.8,75.4,96.8,63.4,53.9,47.0,72.2,14.8,42.9,64.0
1097425,Miloš Kerkez,Liverpool FC,Premier League,Defender,Defenders,2301,7,Defensive full-back,1.6117,0.0766,0.3242,80.8,53.6,71.0,31.9,30.6,84.9,65.0,67.8,90.9,53.0,10.4,44.2,26.8,40.1
159665,Mohamed Salah,Liverpool FC,Premier League,Midfielder,Attackers,2148,6,Creative forward,-5.1131,-0.2244,0.3227,61.2,92.2,68.6,88.0,78.8,90.2,89.4,37.6,92.5,34.5,23.9,55.3,11.4,23.9
1881902,Rio Ngumoha,Liverpool FC,Premier League,Forward,Attackers,582,6,Creative forward,-5.8126,0.7219,0.2436,63.9,67.8,38.8,98.4,68.2,97.3,89.8,99.2,96.5,18.4,64.7,43.5,22.4,2.0
904897,Ryan Gravenberch,Liverpool FC,Premier League,Midfielder,Midfielders,2996,3,Ball-winning midfielder,-0.0049,1.8974,0.3414,74.5,52.9,34.4,40.3,53.5,43.6,44.4,74.5,81.1,50.6,89.3,28.0,66.3,47.7
151545,Virgil van Dijk,Liverpool FC,Premier League,Defender,Defenders,3420,2,Stopper centre-back,3.1546,-2.4317,0.2491,96.8,23.7,93.4,41.6,77.3,38.2,14.8,11.7,85.5,3.5,24.6,4.4,95.3,99.1
1194333,Abdukodir Khusanov,Manchester City,Premier League,Defender,Defenders,1429,7,Defensive full-back,3.3438,0.9044,0.2953,27.1,23.7,52.7,42.3,39.7,47.0,14.8,66.6,69.1,70.0,99.1,86.1,43.8,24.9
934354,Antoine Semenyo,Manchester City,Premier League,Midfielder,Attackers,3200,1,Wide dribbler,-3.0139,-1.6424,0.2918,83.9,57.3,62.0,38.2,61.2,49.8,53.7,79.2,67.8,72.5,54.1,72.5,48.2,74.1
331209,Bernardo Silva,Manchester City,Premier League,Midfielder,Midfielders,2890,4,Creative playmaker,-1.3386,2.9024,0.3359,44.0,67.9,49.0,69.8,41.8,75.7,63.0,53.1,95.9,29.6,35.0,49.4,37.9,1.2
839956,Erling Haaland,Manchester City,Premier League,Forward,Attackers,2958,5,Clinical finisher,-4.1099,-5.0424,0.2274,98.4,86.7,99.2,37.3,96.5,25.5,66.3,19.6,5.1,16.1,20.4,2.0,83.5,82.7
152077,John Stones,Manchester City,Premier League,Defender,Defenders,449,2,Stopper centre-back,3.07,-1.1042,0.3255,27.1,23.7,1.3,22.1,1.3,20.0,14.8,60.9,58.7,0.9,15.1,60.9,56.2,72.9
964994,Joško Gvardiol,Manchester City,Premier League,Defender,Defenders,1374,7,Defensive full-back,1.7333,-0.5073,0.2759,94.6,86.8,98.4,52.1,93.7,49.2,50.5,24.0,94.3,34.4,47.6,34.7,51.7,66.9
934386,Jérémy Doku,Manchester City,Premier League,Midfielder,Attackers,1784,6,Creative forward,-6.1326,2.5661,0.2246,54.1,88.6,22.0,98.0,42.0,99.2,96.9,98.8,99.2,58.4,83.1,82.0,3.5,12.9
877994,Marc Guéhi,Manchester City,Premier League,Defender,Defenders,3150,2,Stopper centre-back,2.3351,-0.1743,0.2895,84.2,73.8,96.5,67.8,87.7,59.3,69.4,37.2,89.0,36.6,85.5,66.6,63.1,87.1
945122,Matheus Nunes,Manchester City,Premier League,Defender,Defenders,2865,0,Progressive wing-back,1.2462,2.1165,0.2819,58.7,90.9,13.6,69.7,14.8,77.3,80.1,85.5,99.4,69.4,43.5,95.0,36.0,42.0
149663,Nathan Aké,Manchester City,Premier League,Defender,Defenders,703,2,Stopper centre-back,1.661,-0.6013,0.2337,27.1,23.7,89.9,68.8,74.8,78.2,90.2,4.7,95.6,12.9,16.7,3.5,50.8,76.3
954056,Nico González,Manchester City,Premier League,Midfielder,Attackers,1575,3,Ball-winning midfielder,0.3991,0.9131,0.1896,15.7,12.0,0.8,25.1,1.6,16.9,16.5,31.4,97.3,98.8,99.2,93.7,98.8,78.8
1142703,Nico O'Reilly,Manchester City,Premier League,Defender,Defenders,2648,0,Progressive wing-back,0.5251,-0.1009,0.3359,97.8,78.5,99.4,79.2,98.1,72.9,83.3,82.0,87.4,67.2,19.2,55.2,16.4,61.5
873554,Omar Marmoush,Manchester City,Premier League,Forward,Attackers,734,6,Creative forward,-4.4685,-1.6155,0.2062,71.0,96.9,65.5,42.4,95.3,68.6,82.4,62.7,55.3,69.8,35.3,26.3,7.5,25.5
859765,Phil Foden,Manchester City,Premier League,Midfielder,Midfielders,2107,4,Creative playmaker,-4.0242,2.2353,0.2605,94.2,87.7,93.4,92.2,92.6,96.3,94.2,78.6,87.2,12.8,12.3,42.8,9.5,7.0
931278,Rayan Aït-Nouri,Manchester City,Premier League,Defender,Defenders,976,0,Progressive wing-back,0.1356,2.7526,0.2409,27.1,95.3,65.1,97.5,88.3,87.7,78.5,99.7,98.1,96.8,67.5,81.4,5.7,40.7
979128,Rayan Cherki,Manchester City,Premier League,Midfielder,Midfielders,1794,6,Creative forward,-6.4864,4.6579,0.1575,81.9,99.6,88.1,100.0,96.7,99.2,99.6,99.2,98.8,32.5,8.2,50.2,2.9,0.8
1136731,Rico Lewis,Manchester City,Premier League,Defender,Defenders,423,0,Progressive wing-back,-0.6709,2.5593,0.2063,27.1,97.5,50.2,100.0,62.1,96.2,98.1,64.7,99.1,12.6,88.0,30.9,3.2,1.6
827606,Rodri,Manchester City,Premier League,Midfielder,Midfielders,1513,4,Creative playmaker,-0.2508,3.1226,0.2169,42.8,14.6,42.4,80.9,42.8,77.0,43.6,30.9,97.1,70.0,50.6,96.3,88.1,90.9
318941,Rúben Dias,Manchester City,Premier League,Defender,Defenders,2149,2,Stopper centre-back,2.9909,-1.2473,0.3554,83.1,23.7,29.2,31.2,37.2,36.3,14.8,22.7,82.3,1.9,46.1,25.9,66.2,78.2
1046795,Sávio,Manchester City,Premier League,Midfielder,Attackers,846,1,Wide dribbler,-2.8353,-0.0657,0.2609,28.6,54.5,47.8,79.2,49.0,37.3,7.3,82.7,96.1,37.6,73.3,76.1,35.3,2.0
893549,Tijjani Reijnders,Manchester City,Premier League,Midfielder,Midfielders,1640,4,Creative playmaker,-2.4318,0.5203,0.2483,91.8,60.1,90.9,70.4,95.9,51.9,63.4,79.4,84.8,0.8,22.2,9.1,40.5,3.3
971037,Amad Diallo,Manchester United,Premier League,Midfielder,Attackers,2344,1,Wide dribbler,-2.8794,0.4553,0.34,20.0,58.4,42.0,81.6,45.5,74.1,65.1,72.9,85.9,75.7,82.7,78.8,75.3,34.9
1445799,Ayden Heaven,Manchester United,Premier League,Defender,Defenders,938,2,Stopper centre-back,2.8356,-0.8399,0.2753,27.1,76.7,41.3,19.2,22.7,18.3,59.3,74.1,12.9,68.1,0.9,61.8,77.6,61.2
986397,Benjamin Šeško,Manchester United,Premier League,Forward,Attackers,1635,5,Clinical finisher,-2.2497,-5.371,0.3042,93.7,32.5,90.2,2.7,91.8,9.8,7.3,21.6,7.5,7.1,23.5,17.3,49.0,93.3
288205,Bruno Fernandes,Manchester United,Premier League,Midfielder,Midfielders,3066,6,Creative forward,-5.4958,3.9168,0.1579,89.3,100.0,96.7,99.6,94.7,100.0,100.0,33.7,95.5,35.8,25.1,67.5,48.1,34.2
927083,Bryan Mbeumo,Manchester United,Premier League,Forward,Attackers,2621,1,Wide dribbler,-3.7134,-1.789,0.2576,73.3,53.1,78.4,80.0,69.0,74.5,49.8,27.1,71.8,25.1,41.6,49.0,24.3,35.7
122951,Casemiro,Manchester United,Premier League,Midfielder,Midfielders,2593,3,Ball-winning midfielder,-0.3792,1.26,0.285,96.7,43.2,85.2,62.6,81.1,66.3,51.0,12.3,59.3,84.4,71.2,63.0,88.9,87.2
843200,Diogo Dalot,Manchester United,Premier League,Defender,Defenders,2616,0,Progressive wing-back,1.4485,0.6304,0.4173,63.2,78.9,75.7,77.6,82.3,83.6,77.0,75.4,77.6,54.3,41.6,84.2,37.2,62.5
149380,Harry Maguire,Manchester United,Premier League,Defender,Defenders,1667,2,Stopper centre-back,3.0304,-1.4541,0.4182,73.5,80.1,67.7,33.3,73.8,23.3,63.1,12.3,16.4,41.3,21.1,39.1,76.3,89.9
917007,Joshua Zirkzee,Manchester United,Premier League,Forward,Attackers,666,5,Clinical finisher,-2.8071,-2.9316,0.3151,58.0,64.3,77.3,17.6,92.5,69.0,65.5,30.2,41.2,63.1,15.7,29.4,89.0,87.5
1142175,Kobbie Mainoo,Manchester United,Premier League,Midfielder,Midfielders,1670,3,Ball-winning midfielder,0.0644,2.4255,0.367,39.1,58.8,9.1,40.7,25.5,62.1,28.0,76.5,68.7,49.4,71.6,76.1,57.2,47.3
1153315,Leny Yoro,Manchester United,Premier League,Defender,Defenders,1748,2,Stopper centre-back,3.5785,-0.3924,0.3539,27.1,23.7,77.3,39.1,42.9,21.1,14.8,19.6,58.4,56.5,94.3,58.0,58.0,75.4
859999,Lisandro Martínez,Manchester United,Premier League,Defender,Defenders,1237,7,Defensive full-back,2.5342,0.4026,0.3638,27.1,23.7,13.2,49.2,32.5,45.1,52.7,88.6,71.0,36.0,36.9,90.5,59.9,21.1
190839,Luke Shaw,Manchester United,Premier League,Defender,Defenders,3231,7,Defensive full-back,2.7795,-0.0408,0.424,55.2,47.8,23.7,58.7,21.5,52.4,30.3,47.9,72.2,69.1,75.4,19.9,24.0,62.1
846425,Manuel Ugarte,Manchester United,Premier League,Midfielder,Midfielders,900,3,Ball-winning midfielder,1.9962,2.6626,0.2087,13.8,14.6,45.3,5.8,63.4,5.8,9.9,56.8,47.7,100.0,99.6,75.3,78.2,64.2
836694,Mason Mount,Manchester United,Premier League,Midfielder,Midfielders,1018,4,Creative playmaker,-1.0119,1.8649,0.2932,89.9,14.6,74.5,76.1,79.0,65.4,37.0,48.6,74.5,57.2,44.9,82.3,21.4,35.0
886363,Matheus Cunha,Manchester United,Premier League,Forward,Attackers,2503,1,Wide dribbler,-2.9439,-1.0114,0.3012,69.4,38.4,49.4,54.3,89.8,59.2,34.9,76.5,72.2,63.9,87.8,84.3,46.7,56.5
803031,Matthijs de Ligt,Manchester United,Premier League,Defender,Defenders,1170,2,Stopper centre-back,3.2149,-1.6523,0.3591,80.3,23.7,95.3,62.8,83.9,27.4,72.2,15.1,9.1,51.3,63.6,26.8,70.0,96.2
847030,Noussair Mazraoui,Manchester United,Premier League,Defender,Defenders,1022,7,Defensive full-back,2.9442,0.578,0.3975,27.1,23.7,19.9,38.2,39.4,64.7,14.8,78.9,90.2,78.2,71.0,67.5,63.7,55.5
1397168,Patrick Dorgu,Manchester United,Premier League,Midfielder,Attackers,1461,1,Wide dribbler,-1.7964,0.3286,0.204,52.9,87.5,23.5,51.8,25.5,77.6,82.7,30.6,58.0,99.2,94.5,88.2,95.3,87.8
979232,Anthony Elanga,Newcastle United,Premier League,Forward,Attackers,1338,1,Wide dribbler,-1.5205,-1.0477,0.3075,7.6,36.1,14.9,55.3,7.1,41.2,32.9,42.4,73.7,57.1,28.2,18.8,17.6,50.2
914902,Anthony Gordon,Newcastle United,Premier League,Forward,Attackers,1817,1,Wide dribbler,-3.7869,-1.6386,0.2847,61.6,51.0,81.6,78.4,62.7,60.8,60.8,78.8,71.0,49.4,19.6,41.2,36.1,27.8
866469,Bruno Guimarães,Newcastle United,Premier League,Midfielder,Midfielders,2455,4,Creative playmaker,-2.3215,2.6393,0.3145,97.5,81.9,87.7,88.5,75.7,82.3,70.4,53.5,88.1,85.2,22.6,70.4,53.5,22.2
99090,Dan Burn,Newcastle United,Premier League,Defender,Defenders,2209,2,Stopper centre-back,3.6893,-1.5635,0.3722,66.9,71.6,53.8,16.9,36.3,35.0,14.8,15.5,27.1,56.2,35.0,27.8,83.6,97.8
101882,Fabian Schär,Newcastle United,Premier League,Defender,Defenders,1091,2,Stopper centre-back,3.5015,-1.2577,0.3304,27.1,23.7,85.2,55.5,98.4,40.4,14.8,4.7,52.4,29.3,87.7,46.7,79.2,95.6
855647,Harvey Barnes,Newcastle United,Premier League,Forward,Attackers,1961,1,Wide dribbler,-3.0656,-2.029,0.2764,65.5,29.0,64.3,59.2,74.1,50.2,44.1,25.5,79.2,13.7,16.9,47.8,42.0,23.5
372336,Jacob Murphy,Newcastle United,Premier League,Forward,Attackers,1627,1,Wide dribbler,-3.2044,-0.7664,0.2747,39.4,56.3,32.5,71.8,60.0,59.6,94.5,55.3,67.5,50.6,51.0,31.4,61.2,27.1
975937,Jacob Ramsey,Newcastle United,Premier League,Midfielder,Midfielders,1465,4,Creative playmaker,-0.9726,2.5194,0.3425,66.7,82.7,46.9,52.3,44.4,70.8,45.7,72.4,72.8,73.3,23.0,79.4,13.6,28.4
888550,Joe Willock,Newcastle United,Premier League,Midfielder,Midfielders,1011,4,Creative playmaker,-1.0475,2.2976,0.3801,13.8,80.2,65.4,57.6,75.3,65.8,87.0,49.4,58.0,65.4,45.7,54.7,9.9,54.3
560128,Joelinton,Newcastle United,Premier League,Midfielder,Midfielders,1953,3,Ball-winning midfielder,0.5696,1.4243,0.321,57.6,37.9,63.0,36.6,74.1,38.3,50.6,60.9,46.9,52.7,86.0,85.6,73.3,95.9
69256,Kieran Trippier,Newcastle United,Premier League,Defender,Defenders,1592,0,Progressive wing-back,1.2284,1.1256,0.2758,27.1,61.2,5.8,86.0,5.7,97.8,45.4,40.4,96.5,26.2,12.3,69.1,24.6,43.2
1136730,Lewis Hall,Newcastle United,Premier League,Defender,Defenders,2179,0,Progressive wing-back,0.998,1.8211,0.3149,67.2,53.9,52.4,86.0,92.4,86.1,83.6,97.8,94.6,72.6,64.4,98.4,37.5,30.6
1400650,Lewis Miley,Newcastle United,Premier League,Midfielder,Midfielders,1494,3,Ball-winning midfielder,-0.0546,1.8437,0.265,43.2,89.7,50.2,69.8,28.8,46.9,57.6,59.3,63.4,51.4,79.4,36.2,79.4,93.4
1014286,Malick Thiaw,Newcastle United,Premier League,Defender,Defenders,2964,2,Stopper centre-back,3.1269,-1.6068,0.4108,92.4,23.7,98.1,35.8,84.9,16.7,31.7,44.2,44.2,46.4,43.2,48.9,75.1,93.1
980623,Nick Woltemade,Newcastle United,Premier League,Forward,Attackers,1939,5,Clinical finisher,-2.144,-2.5926,0.3406,71.8,66.3,60.8,30.4,18.4,43.1,57.3,26.7,28.6,41.4,32.9,26.7,66.3,73.3
892673,Sandro Tonali,Newcastle United,Premier League,Midfielder,Midfielders,2543,4,Creative playmaker,-0.3926,2.554,0.3347,13.8,44.0,37.2,59.3,63.8,59.7,62.6,54.3,76.1,33.7,74.1,78.2,53.1,19.8
910046,Sven Botman,Newcastle United,Premier League,Defender,Defenders,1838,2,Stopper centre-back,3.5668,-1.3608,0.3009,71.0,57.1,87.4,48.6,71.0,48.6,70.7,36.6,3.2,17.0,78.9,75.4,91.8,98.1
980634,Tino Livramento,Newcastle United,Premier League,Defender,Defenders,1328,0,Progressive wing-back,1.4357,1.3615,0.2682,27.1,68.5,11.0,66.6,12.3,71.0,51.4,86.4,95.3,52.7,4.1,97.8,23.7,9.1
1122603,William Osula,Newcastle United,Premier League,Forward,Attackers,863,5,Clinical finisher,-2.5877,-4.2064,0.2752,97.3,12.0,82.4,26.3,63.5,16.5,7.3,40.8,1.2,36.1,11.4,24.7,1.6,52.5
805123,Yoane Wissa,Newcastle United,Premier League,Forward,Attackers,539,5,Clinical finisher,-2.233,-3.1561,0.2936,40.0,71.4,92.5,40.4,50.6,20.4,40.8,5.1,25.9,65.1,2.0,24.3,13.3,85.5
867442,Callum Hudson Odoi,Nottingham Forest,Premier League,Midfielder,Attackers,1849,6,Creative forward,-3.4301,0.2962,0.2696,36.1,77.6,20.4,68.2,16.9,92.5,59.6,71.8,94.1,21.6,58.0,53.3,37.3,8.6
50480,Chris Wood,Nottingham Forest,Premier League,Forward,Attackers,906,5,Clinical finisher,-1.3014,-4.6668,0.3199,62.4,12.0,79.2,10.6,57.6,10.2,7.3,3.1,14.1,2.7,10.2,3.9,54.9,86.3
944327,Dan Ndoye,Nottingham Forest,Premier League,Midfielder,Attackers,1176,1,Wide dribbler,-1.1389,-0.2769,0.3982,19.6,41.6,8.2,54.3,7.5,47.1,37.6,49.4,52.9,77.3,89.4,67.8,58.4,49.0
963298,Dilane Bakwa,Nottingham Forest,Premier League,Midfielder,Attackers,552,6,Creative forward,-3.4259,0.7535,0.247,7.6,93.3,10.6,77.5,17.3,82.4,76.5,67.1,76.5,33.3,2.0,83.9,12.2,9.8
994546,Elliot Anderson,Nottingham Forest,Premier League,Midfielder,Midfielders,3334,4,Creative playmaker,-0.8776,3.9792,0.2168,61.3,59.3,48.6,72.0,57.2,76.5,68.7,87.7,86.8,89.3,74.5,100.0,54.3,84.8
843754,Ibrahim Sangaré,Nottingham Forest,Premier League,Midfielder,Midfielders,2080,3,Ball-winning midfielder,0.8451,1.6894,0.5338,55.6,51.4,27.2,46.9,24.7,19.8,36.6,38.3,27.2,68.7,72.0,68.7,82.7,62.1
981619,Igor Jesus,Nottingham Forest,Premier League,Forward,Midfielders,2320,5,Clinical finisher,-1.0013,-1.667,0.2,87.2,74.9,91.8,24.7,96.3,23.9,61.3,32.1,2.5,9.1,2.1,2.1,44.0,97.1
1170722,Jair,Nottingham Forest,Premier League,Defender,Midfielders,525,3,Ball-winning midfielder,2.289,-0.4799,0.2196,13.8,14.6,26.7,1.2,10.7,2.1,9.9,21.4,0.8,28.0,53.5,1.6,99.2,50.6
1003334,James McAtee,Nottingham Forest,Premier League,Midfielder,Midfielders,321,4,Creative playmaker,-1.2294,2.9368,0.3263,13.8,95.1,25.3,60.1,51.9,81.9,75.3,68.3,49.4,55.1,51.9,74.1,23.5,9.9
979144,Luca Netz,Nottingham Forest,Premier League,Defender,Defenders,355,7,Defensive full-back,2.505,0.6448,0.3478,27.1,23.7,1.3,84.5,1.3,57.1,14.8,69.7,37.9,92.4,27.4,60.3,13.9,5.7
985086,Morato,Nottingham Forest,Premier League,Defender,Defenders,1366,2,Stopper centre-back,3.3604,-1.1528,0.4006,77.3,23.7,87.7,8.0,27.4,11.5,14.8,53.3,19.6,59.9,23.3,45.1,77.3,51.4
865912,Morgan Gibbs-White,Nottingham Forest,Premier League,Midfielder,Midfielders,3110,4,Creative playmaker,-2.3608,-0.2478,0.229,99.2,62.8,95.9,50.6,93.8,74.9,52.7,69.5,73.3,1.6,9.9,9.5,28.8,65.8
1199282,Murillo,Nottingham Forest,Premier League,Defender,Defenders,2133,7,Defensive full-back,3.3698,-0.1263,0.3554,68.1,23.7,38.0,24.6,43.2,41.3,37.9,59.3,39.1,42.6,86.1,74.9,73.5,28.4
927356,Neco Williams,Nottingham Forest,Premier League,Defender,Defenders,3206,0,Progressive wing-back,1.3681,1.3085,0.3515,75.1,72.9,65.6,85.2,96.8,86.4,68.3,84.5,71.9,91.2,78.5,83.3,16.7,32.2
871765,Nicolás Domínguez,Nottingham Forest,Premier League,Midfielder,Midfielders,1193,3,Ball-winning midfielder,0.0765,1.8577,0.2933,51.0,46.9,64.8,35.0,67.5,47.3,53.5,35.8,44.4,98.4,21.0,43.6,51.4,57.6
1010220,Nicolò Savona,Nottingham Forest,Premier League,Defender,Defenders,1026,7,Defensive full-back,1.709,-1.0767,0.2744,98.4,23.7,96.2,44.8,39.1,64.4,56.8,33.4,60.9,55.5,3.5,6.0,19.6,10.1
836168,Nikola Milenković,Nottingham Forest,Premier League,Defender,Midfielders,3375,2,Stopper centre-back,2.5605,-0.8197,0.2152,13.8,14.6,7.8,5.3,6.2,0.8,19.8,2.1,1.2,3.3,43.6,4.1,100.0,91.4
800417,Ola Aina,Nottingham Forest,Premier League,Defender,Defenders,1590,7,Defensive full-back,2.8516,0.4537,0.4375,27.1,23.7,27.9,51.7,67.5,63.1,14.8,83.9,65.9,64.7,84.5,83.0,52.7,47.0
287643,Oleksandr Zinchenko,Nottingham Forest,Premier League,Defender,Defenders,353,0,Progressive wing-back,0.8613,1.7659,0.245,27.1,23.7,24.6,79.8,91.5,91.5,89.9,45.4,99.7,84.5,8.5,75.7,27.4,28.7
1090963,Omari Hutchinson,Nottingham Forest,Premier League,Midfielder,Midfielders,1694,4,Creative playmaker,-2.8319,2.8555,0.2675,38.7,93.4,60.9,93.0,64.6,85.6,92.2,97.5,53.5,10.7,30.0,53.9,4.5,8.2
846252,Ryan Yates,Nottingham Forest,Premier League,Midfielder,Midfielders,629,3,Ball-winning midfielder,1.0756,0.6952,0.2208,13.8,95.5,46.1,31.3,62.6,30.5,9.9,5.8,28.8,76.5,81.9,2.5,95.1,95.5
359664,Taiwo Awoniyi,Nottingham Forest,Premier League,Forward,Attackers,502,5,Clinical finisher,-4.2029,-3.6517,0.2332,96.5,74.1,97.6,64.3,74.9,47.5,80.8,9.8,16.1,8.2,25.1,50.2,40.8,72.9
218160,Bertrand Traoré,Sunderland,Premier League,Forward,Attackers,638,1,Wide dribbler,-1.8949,-1.4316,0.2907,35.3,12.0,6.7,11.8,37.6,51.4,69.0,85.5,61.2,42.4,43.5,28.2,50.6,49.4
910048,Brian Brobbey,Sunderland,Premier League,Forward,Attackers,1944,5,Clinical finisher,-1.2162,-4.0201,0.3087,65.9,29.8,56.1,10.0,29.4,22.4,25.7,2.4,10.6,2.4,2.0,15.3,39.6,89.4
1142675,Chemsdine Talbi,Sunderland,Premier League,Midfielder,Attackers,1561,1,Wide dribbler,-1.3853,-1.8138,0.2959,50.6,34.1,18.0,29.0,15.7,22.0,7.3,44.7,38.0,22.0,12.5,60.0,66.7,3.9
1394089,Chris Rigg,Sunderland,Premier League,Midfielder,Midfielders,773,4,Creative playmaker,-0.9621,1.0008,0.3019,64.2,63.8,59.3,73.3,70.4,56.0,65.8,66.3,11.1,34.6,17.3,12.8,44.4,20.2
958878,Daniel Ballard,Sunderland,Premier League,Defender,Defenders,2148,2,Stopper centre-back,3.3213,-2.1937,0.2951,83.1,23.7,94.3,32.5,93.4,65.3,66.2,23.0,22.1,22.4,32.8,17.7,98.7,98.4
1014987,Dennis Cirkin,Sunderland,Premier League,Defender,Defenders,329,7,Defensive full-back,3.4971,-0.7001,0.3133,27.1,23.7,26.8,5.0,20.7,2.5,14.8,82.3,31.9,74.8,81.4,3.8,48.9,44.2
1168588,Eliezer Mayenda,Sunderland,Premier League,Forward,Attackers,770,5,Clinical finisher,-1.4388,-3.5439,0.2599,51.0,12.0,49.0,6.7,19.6,7.8,57.6,65.9,2.0,4.3,12.9,8.2,30.2,76.5
984014,Enzo Le Fée,Sunderland,Premier League,Midfielder,Midfielders,2944,4,Creative playmaker,-1.4461,2.7744,0.3082,75.3,82.3,80.7,88.1,50.6,80.2,91.4,26.3,42.0,90.5,56.4,58.8,41.2,27.6
117777,Granit Xhaka,Sunderland,Premier League,Midfielder,Midfielders,2903,4,Creative playmaker,-0.1219,2.6504,0.2978,28.4,83.5,14.4,65.0,20.6,56.4,74.9,21.0,79.0,45.7,56.8,86.0,90.1,84.0
1128532,Habib Diarra,Sunderland,Premier League,Midfielder,Midfielders,1407,3,Ball-winning midfielder,-0.6318,-0.323,0.2349,67.9,68.7,88.9,28.0,77.8,13.2,29.6,24.7,29.6,2.9,5.8,6.6,22.6,40.7
365812,Luke O'Nien,Sunderland,Premier League,Defender,Defenders,591,2,Stopper centre-back,2.8057,-1.3099,0.2972,27.1,90.5,28.4,26.2,59.6,37.5,14.8,27.8,36.0,23.7,40.5,0.6,60.9,44.8
856739,Lutsharel Geertruida,Sunderland,Premier League,Defender,Defenders,1702,7,Defensive full-back,2.4345,-0.0233,0.4806,27.1,23.7,69.2,50.0,56.8,51.1,42.9,57.4,50.5,58.4,48.6,57.7,17.7,10.7
1116571,Nilson Angulo,Sunderland,Premier League,Midfielder,Attackers,413,1,Wide dribbler,0.1615,-1.5689,0.2138,7.6,12.0,30.2,6.3,20.4,18.0,7.3,74.1,18.8,97.3,97.6,12.5,98.0,59.2
1171539,Noah Sadiki,Sunderland,Premier League,Midfielder,Midfielders,2894,3,Ball-winning midfielder,0.9065,0.997,0.3346,13.8,30.5,23.9,22.2,15.6,25.1,9.9,67.9,20.2,16.9,69.1,18.1,58.0,13.2
780014,Nordi Mukiele,Sunderland,Premier League,Defender,Defenders,2787,7,Defensive full-back,2.2562,0.3113,0.3055,87.4,85.8,68.8,75.1,83.0,72.2,86.4,63.7,52.1,82.3,76.0,71.9,67.8,82.0
805137,Omar Alderete,Sunderland,Premier League,Defender,Defenders,2802,2,Stopper centre-back,3.4617,-1.4698,0.4784,60.3,51.1,62.5,36.3,75.4,36.0,33.8,72.6,18.0,9.5,64.0,36.9,93.1,85.2
831424,Reinildo Mandava,Sunderland,Premier League,Defender,Defenders,1969,7,Defensive full-back,3.1845,0.1177,0.4261,27.1,55.8,8.8,38.5,11.4,33.6,14.8,77.9,48.9,55.2,84.9,68.8,47.0,54.3
1094440,Romaine Mundle,Sunderland,Premier League,Forward,Attackers,412,1,Wide dribbler,-0.7942,-0.945,0.2676,7.6,12.0,34.9,45.9,20.8,2.0,7.3,74.5,45.5,81.6,31.8,90.6,84.7,60.0
1110842,Simon Adingra,Sunderland,Premier League,Midfielder,Attackers,665,1,Wide dribbler,-0.8618,-1.2013,0.2917,34.1,12.0,1.6,35.9,2.0,36.9,65.9,46.1,33.7,81.2,40.4,34.1,89.4,65.5
989034,Trai Hume,Sunderland,Premier League,Defender,Defenders,3037,7,Defensive full-back,2.1456,-0.5421,0.37,75.4,49.1,72.2,63.4,90.5,76.3,30.9,26.8,54.3,76.3,25.2,22.1,30.0,67.2
877980,Wilson Isidor,Sunderland,Premier League,Forward,Attackers,1173,5,Clinical finisher,-1.5476,-4.6419,0.3133,82.4,12.0,71.8,9.0,91.0,0.6,7.3,16.1,4.3,45.9,6.7,11.2,78.4,79.6
1142335,Archie Gray,Tottenham Hotspur,Premier League,Midfielder,Midfielders,1500,3,Ball-winning midfielder,0.4305,0.6352,0.2891,65.8,65.8,54.7,42.2,23.0,16.0,56.8,31.7,14.4,3.7,65.8,13.2,90.5,26.7
904970,Conor Gallagher,Tottenham Hotspur,Premier League,Midfielder,Midfielders,1196,3,Ball-winning midfielder,0.2535,2.2719,0.3761,50.6,46.5,49.8,29.2,35.4,50.8,33.7,74.9,39.9,62.1,84.4,84.4,6.2,39.9
829932,Cristian Romero,Tottenham Hotspur,Premier League,Defender,Defenders,1872,2,Stopper centre-back,2.7006,-0.4049,0.2735,99.1,56.5,71.6,64.0,80.8,63.4,81.4,59.9,32.2,76.7,87.1,72.2,60.3,93.7
983572,Destiny Udogie,Tottenham Hotspur,Premier League,Defender,Defenders,1340,7,Defensive full-back,1.6145,0.9607,0.3246,27.1,67.4,15.5,55.8,19.6,74.4,67.5,61.5,80.8,71.6,7.3,85.5,6.0,6.3
945798,Djed Spence,Tottenham Hotspur,Premier League,Defender,Defenders,2079,7,Defensive full-back,1.6203,0.7965,0.336,27.1,23.7,49.5,72.9,54.9,51.4,77.3,96.2,74.1,61.8,28.4,88.0,13.2,27.1
361420,Dominic Solanke,Tottenham Hotspur,Premier League,Forward,Attackers,1000,1,Wide dribbler,-0.9724,-2.2174,0.265,57.6,12.0,43.1,10.0,35.3,11.8,23.5,59.2,24.7,96.1,40.0,47.1,68.6,77.3
364612,João Palhinha,Tottenham Hotspur,Premier League,Midfielder,Midfielders,2197,3,Ball-winning midfielder,1.326,1.1684,0.2324,82.7,49.8,63.8,10.3,66.7,7.8,25.1,29.6,7.8,99.6,80.7,25.9,86.4,76.1
794953,Kevin Danso,Tottenham Hotspur,Premier League,Defender,Defenders,1507,2,Stopper centre-back,4.4661,-1.9521,0.2735,27.1,23.7,43.2,16.4,64.0,16.1,47.6,21.8,24.9,18.6,89.0,12.3,99.1,99.7
1391251,Lucas Bergvall,Tottenham Hotspur,Premier League,Midfielder,Midfielders,979,3,Ball-winning midfielder,-0.5516,0.9118,0.2259,57.2,94.7,72.8,18.7,51.0,14.0,9.9,90.1,28.0,67.9,3.3,18.9,46.9,19.3
1048888,Mathys Tel,Tottenham Hotspur,Premier League,Forward,Attackers,1358,1,Wide dribbler,-3.532,-0.2116,0.2574,56.1,35.7,27.8,76.5,59.2,87.1,77.3,94.5,50.6,55.3,60.0,88.6,47.5,58.4
998247,Micky van de Ven,Tottenham Hotspur,Premier League,Defender,Defenders,3043,2,Stopper centre-back,2.6597,-1.3854,0.3504,91.8,49.1,79.5,9.3,44.5,15.8,30.9,51.7,13.9,7.9,17.0,50.2,50.2,46.4
905163,Mohammed Kudus,Tottenham Hotspur,Premier League,Midfielder,Attackers,1545,1,Wide dribbler,-3.3186,0.9791,0.2079,30.6,91.8,15.3,65.1,19.2,67.8,42.4,96.9,74.1,82.4,24.7,96.9,14.5,39.6
1002711,Pape Matar Sarr,Tottenham Hotspur,Premier League,Midfielder,Midfielders,1399,3,Ball-winning midfielder,0.0309,1.8914,0.2903,68.3,91.4,64.2,42.2,50.2,30.0,60.5,67.5,50.6,72.8,77.4,70.8,93.4,84.4
913654,Pedro Porro,Tottenham Hotspur,Premier League,Defender,Defenders,2798,0,Progressive wing-back,0.7068,1.8646,0.3706,60.6,64.7,41.8,92.7,92.1,99.1,90.5,75.1,91.8,87.4,48.3,73.5,38.8,9.5
997103,Radu Drăguşin,Tottenham Hotspur,Premier League,Defender,Defenders,541,2,Stopper centre-back,4.8321,-1.8595,0.2196,27.1,23.7,63.9,0.6,65.3,2.5,14.8,30.6,1.6,3.2,100.0,5.7,97.8,89.6
871706,Randal Kolo Muani,Tottenham Hotspur,Premier League,Forward,Attackers,1670,1,Wide dribbler,-1.2361,-1.1288,0.3439,15.3,32.2,16.9,41.6,6.7,47.8,28.8,73.7,36.1,76.5,22.7,57.6,65.5,75.3
840217,Richarlison,Tottenham Hotspur,Premier League,Forward,Attackers,1957,5,Clinical finisher,-2.3955,-3.4525,0.3479,87.8,75.3,72.9,27.5,77.6,33.7,56.9,22.4,18.4,56.5,32.5,40.0,97.6,91.0
791190,Rodrigo Bentancur,Tottenham Hotspur,Premier League,Midfielder,Midfielders,1892,3,Ball-winning midfielder,1.5978,2.4488,0.2937,35.8,38.7,18.1,18.7,19.3,14.8,27.2,74.1,25.1,89.7,96.3,95.5,85.2,75.7
1142679,Wilson Odobert,Tottenham Hotspur,Premier League,Forward,Attackers,990,1,Wide dribbler,-3.0634,0.4604,0.2702,7.6,74.9,31.4,51.0,44.3,83.1,43.1,87.8,83.5,63.5,9.4,92.2,80.0,32.5
997183,Xavi Simons,Tottenham Hotspur,Premier League,Midfielder,Midfielders,1769,4,Creative playmaker,-2.7463,2.6959,0.3644,60.5,90.9,79.8,91.4,89.3,86.4,87.0,91.4,75.3,48.6,41.6,45.7,13.2,32.9
844842,Yves Bissouma,Tottenham Hotspur,Premier League,Midfielder,Midfielders,605,3,Ball-winning midfielder,1.9589,1.4211,0.3366,13.8,14.6,30.9,4.9,29.6,0.4,9.9,34.2,15.6,86.8,84.0,53.1,80.2,44.0
863653,Aaron Wan-Bissaka,West Ham United,Premier League,Defender,Defenders,2084,7,Defensive full-back,2.823,0.5489,0.3325,27.1,74.1,1.3,48.9,1.3,72.6,55.8,78.5,64.7,50.5,96.2,33.4,53.6,25.9
286165,Adama Traoré,West Ham United,Premier League,Forward,Attackers,450,1,Wide dribbler,-2.0809,-1.2031,0.2533,7.6,12.0,21.6,52.9,13.3,15.5,48.6,92.2,58.4,27.1,2.0,39.2,16.9,12.5
827243,Axel Disasi,West Ham United,Premier League,Defender,Defenders,1255,2,Stopper centre-back,3.2436,-1.5747,0.3361,27.1,23.7,78.5,1.3,31.9,7.3,14.8,25.6,7.9,18.9,42.0,5.0,43.5,40.4
113956,Callum Wilson,West Ham United,Premier League,Forward,Attackers,1262,5,Clinical finisher,-2.7067,-4.3934,0.3679,86.3,38.0,94.5,14.5,75.3,13.7,19.6,45.1,9.8,5.9,31.4,13.3,15.3,69.0
917005,Crysencio Summerville,West Ham United,Premier League,Midfielder,Attackers,2480,1,Wide dribbler,-2.1608,-0.5415,0.4387,42.7,39.6,34.5,57.6,41.2,42.4,35.7,83.9,50.2,72.9,77.3,80.0,74.5,18.0
1471764,El Hadji Malick Diouf,West Ham United,Premier League,Defender,Defenders,2711,0,Progressive wing-back,1.7294,0.3697,0.3211,27.1,92.7,23.0,76.0,58.0,83.0,75.7,81.1,41.6,16.1,59.6,70.0,49.2,50.2
1089582,Freddie Potts,West Ham United,Premier League,Midfielder,Midfielders,1167,3,Ball-winning midfielder,1.3805,1.2874,0.327,13.8,47.7,5.3,49.8,3.3,27.6,53.9,6.6,23.5,70.4,83.1,4.9,87.2,77.8
552884,Jarrod Bowen,West Ham United,Premier League,Midfielder,Attackers,3405,1,Wide dribbler,-3.0338,-0.3117,0.2778,51.8,91.4,36.1,64.7,47.1,55.7,87.5,69.4,42.7,60.0,86.7,77.6,72.2,49.8
945217,Jean-Clair Todibo,West Ham United,Premier League,Defender,Defenders,1817,7,Defensive full-back,3.4431,-0.2862,0.3576,27.1,58.0,14.5,16.9,5.0,29.0,14.8,36.9,12.0,65.0,34.5,78.2,65.3,38.8
829022,Konstantinos Mavropanos,West Ham United,Premier League,Defender,Defenders,2535,2,Stopper centre-back,4.0257,-1.3362,0.3383,90.5,23.7,89.0,29.8,80.4,12.3,14.8,14.2,15.8,37.2,96.5,53.3,91.5,87.7
823085,Kyle Walker-Peters,West Ham United,Premier League,Defender,Defenders,1396,7,Defensive full-back,2.0382,0.5041,0.3244,76.7,23.7,78.2,28.7,25.9,53.3,49.8,89.3,81.4,95.6,12.9,60.6,12.9,17.4
839981,Lucas Paquetá,West Ham United,Premier League,Midfielder,Midfielders,1521,4,Creative playmaker,-1.3826,1.4699,0.3187,88.1,41.2,82.7,67.9,67.9,71.6,86.4,73.7,64.2,69.5,18.1,47.7,34.6,88.9
1142562,Mateus Fernandes,West Ham United,Premier League,Midfielder,Midfielders,3024,3,Ball-winning midfielder,0.0629,2.8698,0.3197,56.0,65.0,36.2,52.7,35.8,58.4,37.4,66.7,57.2,94.7,67.9,83.5,38.3,29.2
894474,Max Kilman,West Ham United,Premier League,Defender,Defenders,1565,2,Stopper centre-back,3.5406,-2.1716,0.3826,27.1,23.7,39.4,21.3,35.6,27.1,14.8,42.0,6.9,6.0,8.8,8.2,86.8,84.2
132645,Niclas Füllkrug,West Ham United,Premier League,Forward,Attackers,408,5,Clinical finisher,-0.5384,-3.1753,0.2002,7.6,12.0,39.2,20.4,42.9,72.2,7.3,0.8,12.5,11.4,63.9,21.2,53.7,95.3
1150952,Oliver Scarles,West Ham United,Premier League,Defender,Defenders,668,7,Defensive full-back,2.9809,1.9822,0.208,27.1,23.7,31.2,47.6,36.0,68.3,96.2,46.4,60.3,100.0,97.2,85.8,53.0,24.6
1101174,Pablo Felipe,West Ham United,Premier League,Forward,Defenders,826,0,Progressive wing-back,0.4259,0.1086,0.2819,27.1,81.4,95.9,88.0,97.5,97.2,85.2,86.8,49.5,84.2,5.7,25.1,3.5,76.0
1170560,Soungoutou Magassa,West Ham United,Premier League,Midfielder,Midfielders,998,3,Ball-winning midfielder,1.5875,1.7506,0.3268,56.8,14.6,20.2,11.1,19.8,13.6,37.9,35.0,4.9,93.0,89.7,65.8,48.6,58.8
799041,Tomáš Souček,West Ham United,Premier League,Midfielder,Midfielders,2215,3,Ball-winning midfielder,1.049,-1.0449,0.2465,82.3,14.6,90.1,7.0,47.7,12.8,24.7,8.6,14.0,39.9,30.9,2.9,95.9,95.1
877013,Valentín Castellanos,West Ham United,Premier League,Forward,Attackers,1395,5,Clinical finisher,-1.7972,-3.8662,0.3819,75.3,12.0,73.3,21.6,89.0,26.7,17.3,3.9,20.8,35.7,57.3,13.7,85.9,76.1
361352,Adam Armstrong,Wolverhampton,Premier League,Forward,Attackers,1146,1,Wide dribbler,-1.6527,-2.7617,0.2354,38.8,68.6,42.4,28.2,13.7,8.6,58.0,36.1,9.4,19.2,21.6,0.8,62.0,43.5
1035996,André,Wolverhampton,Premier League,Midfielder,Midfielders,2766,3,Ball-winning midfielder,1.2585,2.43,0.2705,29.2,14.6,5.8,14.4,8.6,24.7,21.8,48.1,10.7,77.0,63.4,98.4,67.5,1.6
867441,Angel Gomes,Wolverhampton,Premier League,Midfielder,Midfielders,488,3,Ball-winning midfielder,-0.0768,0.7363,0.2512,13.8,14.6,25.9,26.7,51.4,58.8,9.9,61.3,36.2,53.1,0.6,7.4,19.3,13.6
1031283,David Møller Wolfe,Wolverhampton,Premier League,Defender,Defenders,1061,0,Progressive wing-back,1.3948,-0.4975,0.2449,27.1,93.4,12.1,79.5,18.3,68.8,89.6,64.4,28.1,5.4,13.9,4.7,22.7,24.0
1013842,Emmanuel Agbadou,Wolverhampton,Premier League,Defender,Defenders,1101,7,Defensive full-back,3.3988,0.2251,0.3238,27.1,23.7,57.3,39.7,81.1,39.4,14.8,52.4,48.3,87.7,56.0,96.8,71.3,71.3
1013928,Hugo Bueno,Wolverhampton,Premier League,Midfielder,Defenders,2375,0,Progressive wing-back,1.2144,1.5945,0.3557,65.9,70.3,39.1,90.9,59.3,95.3,87.1,93.1,58.0,81.1,86.8,76.7,19.2,14.8
786186,Hwang Hee-chan,Wolverhampton,Premier League,Forward,Attackers,1461,1,Wide dribbler,-1.3313,-1.0773,0.3209,31.8,60.0,23.9,42.7,7.8,34.1,44.7,22.7,36.5,14.9,91.4,59.2,67.8,25.9
1096210,Jackson Tchatchoua,Wolverhampton,Premier League,Midfielder,Defenders,1855,7,Defensive full-back,1.9818,-0.2337,0.3099,27.1,56.8,17.8,75.7,4.7,85.2,70.0,43.8,30.6,19.2,24.0,20.8,25.6,33.1
845273,Jean-Ricner Bellegarde,Wolverhampton,Premier League,Midfielder,Midfielders,1251,3,Ball-winning midfielder,-0.45,1.0795,0.3242,49.0,45.7,45.7,48.6,74.9,53.9,52.3,86.4,33.7,50.2,38.3,8.2,61.3,37.9
844096,Jhon Arias,Wolverhampton,Premier League,Midfielder,Attackers,1121,1,Wide dribbler,-0.4338,-0.2155,0.215,21.2,12.0,52.2,19.6,10.6,32.2,7.3,27.8,62.0,99.6,81.6,85.5,81.2,47.5
1015267,João Gomes,Wolverhampton,Premier League,Midfielder,Midfielders,2843,3,Ball-winning midfielder,0.9181,2.9036,0.2738,28.8,31.3,21.4,38.1,17.7,19.3,29.2,88.5,40.3,96.7,75.7,94.2,60.9,49.8
954044,Ki-Jana Hoever,Wolverhampton,Premier League,Defender,Defenders,428,7,Defensive full-back,2.2343,1.3762,0.2358,27.1,23.7,4.7,72.2,13.6,87.1,97.2,89.6,53.3,98.1,72.9,40.4,55.8,39.4
856250,Ladislav Krejčí,Wolverhampton,Premier League,Defender,Defenders,2361,2,Stopper centre-back,2.8122,-1.0891,0.4724,79.8,53.3,87.1,61.0,79.2,42.3,53.3,14.8,41.0,27.4,69.1,21.1,59.0,78.5
894733,Marshall Munetsi,Wolverhampton,Premier League,Midfielder,Midfielders,877,3,Ball-winning midfielder,0.8957,-0.8166,0.2359,60.9,56.8,81.5,17.7,72.4,7.0,40.3,42.0,4.1,63.4,37.9,0.8,93.8,96.3
1899647,Mateus Mané,Wolverhampton,Premier League,Forward,Midfielders,1799,4,Creative playmaker,-2.0916,1.0967,0.2615,74.1,39.5,59.7,89.3,88.5,79.0,86.0,93.8,8.2,11.1,4.9,28.4,52.3,15.2
143047,Matt Doherty,Wolverhampton,Premier League,Defender,Defenders,791,2,Stopper centre-back,3.1313,-0.9812,0.4581,27.1,23.7,12.1,25.1,29.0,42.0,64.7,41.3,27.4,40.1,29.7,30.6,56.5,77.0
1006073,Rodrigo Gomes,Wolverhampton,Premier League,Midfielder,Midfielders,978,3,Ball-winning midfielder,0.1588,0.0666,0.2727,92.6,14.6,85.6,17.3,81.5,9.9,9.9,60.5,17.7,87.7,49.4,5.8,47.3,28.0
846308,Santiago Bueno,Wolverhampton,Premier League,Defender,Defenders,2553,2,Stopper centre-back,2.9047,-1.3639,0.3798,90.2,53.0,84.9,56.5,30.9,43.7,35.6,4.7,8.5,48.6,45.4,6.9,53.9,60.9
987734,Tolu Arokodare,Wolverhampton,Premier League,Forward,Attackers,1438,5,Clinical finisher,-1.07,-4.5664,0.2277,43.5,34.9,68.2,8.2,82.7,25.1,16.9,57.6,8.6,18.8,47.5,7.1,99.2,99.6
973418,Toti Gomes,Wolverhampton,Premier League,Defender,Defenders,1427,2,Stopper centre-back,3.3337,-0.9303,0.4307,27.1,23.7,40.7,23.7,25.2,47.3,14.8,75.7,24.3,28.7,38.2,38.5,81.4,50.5
1014835,Yerson Mosquera,Wolverhampton,Premier League,Defender,Defenders,2142,7,Defensive full-back,3.1064,-0.4397,0.3513,27.1,23.7,94.6,35.0,96.2,53.9,37.2,58.7,18.9,88.3,72.6,65.0,64.0,68.8
