goals,assists,xg,xa,shots,key_passes,big_chances_created,dribbles,final_third_passes,tackles_won,interceptions,recoveries,clearances,aerials_won,minutes,appearances,player_id,player,slug,team,league,position,season,goals_p90,assists_p90,xg_p90,xa_p90,shots_p90,key_passes_p90,big_chances_created_p90,dribbles_p90,final_third_passes_p90,tackles_won_p90,interceptions_p90,recoveries_p90,clearances_p90,aerials_won_p90
0,0,0.04,0.42,2,3,0,8,88,13,17,35,22,11,819,14,1398511,Adama Boiro,adama-boiro,Athletic Club,La Liga,Defender,2025/26,0.0,0.0,0.0044,0.0462,0.2198,0.3297,0.0,0.8791,9.6703,1.4286,1.8681,3.8462,2.4176,1.2088
2,0,1.11,0.52,13,4,1,3,77,12,28,69,76,30,1629,19,959872,Aitor Paredes,aitor-paredes,Athletic Club,La Liga,Defender,2025/26,0.1105,0.0,0.0613,0.0287,0.7182,0.221,0.0552,0.1657,4.2541,0.663,1.547,3.8122,4.1989,1.6575
1,1,0.58,1.34,12,11,1,9,104,20,25,72,16,14,1266,29,2110897,Alejandro Rego Mora,alejandro-rego-mora,Athletic Club,La Liga,Midfielder,2025/26,0.0711,0.0711,0.0412,0.0953,0.8531,0.782,0.0711,0.6398,7.3934,1.4218,1.7773,5.1185,1.1374,0.9953
0,1,0.25,1.45,5,16,2,12,135,25,16,46,39,13,1359,24,866810,Andoni Gorosabel,andoni-gorosabel,Athletic Club,La Liga,Defender,2025/26,0.0,0.0662,0.0166,0.096,0.3311,1.0596,0.1325,0.7947,8.9404,1.6556,1.0596,3.0464,2.5828,0.8609
0,1,1.62,0.33,15,7,1,2,109,17,25,87,127,60,2060,25,149734,Aymeric Laporte,aymeric-laporte,Athletic Club,La Liga,Defender,2025/26,0.0,0.0437,0.0708,0.0144,0.6553,0.3058,0.0437,0.0874,4.7621,0.7427,1.0922,3.801,5.5485,2.6214
1,0,1.23,0.78,17,6,3,5,139,36,32,130,143,31,2563,31,910978,Dani Vivian,dani-vivian,Athletic Club,La Liga,Defender,2025/26,0.0351,0.0,0.0432,0.0274,0.597,0.2107,0.1053,0.1756,4.881,1.2641,1.1237,4.565,5.0215,1.0886
10,3,10.46,1.87,84,26,7,7,150,6,12,59,18,78,2371,35,605672,Gorka Guruzeta,gorka-guruzeta,Athletic Club,La Liga,Forward,2025/26,0.3796,0.1139,0.397,0.071,3.1885,0.9869,0.2657,0.2657,5.6938,0.2278,0.4555,2.2396,0.6833,2.9608
3,6,6.39,3.45,57,26,7,12,174,9,8,67,14,30,2168,30,783374,Iñaki Williams,inaki-williams,Athletic Club,La Liga,Midfielder,2025/26,0.1245,0.2491,0.2653,0.1432,2.3662,1.0793,0.2906,0.4982,7.2232,0.3736,0.3321,2.7814,0.5812,1.2454
1,2,0.71,3.63,20,31,6,34,344,34,23,188,21,25,2231,34,96365,Iñigo Ruiz de Galarreta,inigo-ruiz-de-galarreta,Athletic Club,La Liga,Midfielder,2025/26,0.0403,0.0807,0.0286,0.1464,0.8068,1.2506,0.242,1.3716,13.8772,1.3716,0.9278,7.584,0.8472,1.0085
0,1,0.12,1.31,3,23,3,14,142,16,18,56,51,33,1513,26,910267,Jesús Areso,jesus-areso,Athletic Club,La Liga,Defender,2025/26,0.0,0.0595,0.0071,0.0779,0.1785,1.3681,0.1785,0.8328,8.4468,0.9518,1.0707,3.3311,3.0337,1.963
2,0,1.79,2.51,39,28,1,10,351,46,46,172,27,46,2843,36,1495844,Mikel Jauregizar,mikel-jauregizar,Athletic Club,La Liga,Midfielder,2025/26,0.0633,0.0,0.0567,0.0795,1.2346,0.8864,0.0317,0.3166,11.1115,1.4562,1.4562,5.445,0.8547,1.4562
0,0,0.15,0.19,3,4,0,7,63,11,9,38,10,14,459,23,359742,Mikel Vesga,mikel-vesga,Athletic Club,La Liga,Midfielder,2025/26,0.0,0.0,0.0294,0.0373,0.5882,0.7843,0.0,1.3725,12.3529,2.1569,1.7647,7.451,1.9608,2.7451
1,0,0.67,1.06,16,10,1,7,53,5,2,19,2,2,365,16,1019318,Nico Serrano,nico-serrano,Athletic Club,La Liga,Midfielder,2025/26,0.2466,0.0,0.1652,0.2614,3.9452,2.4658,0.2466,1.726,13.0685,1.2329,0.4932,4.6849,0.4932,0.4932
6,3,5.37,4.98,46,34,5,67,193,9,7,90,9,8,1687,25,1085400,Nico Williams,nico-williams,Athletic Club,La Liga,Midfielder,2025/26,0.3201,0.16,0.2865,0.2657,2.4541,1.8139,0.2667,3.5744,10.2964,0.4801,0.3734,4.8014,0.4801,0.4268
4,0,6.47,1.57,48,27,0,16,199,15,4,66,9,19,1803,28,966801,Oihan Sancet,oihan-sancet,Athletic Club,La Liga,Midfielder,2025/26,0.1997,0.0,0.323,0.0784,2.396,1.3478,0.0,0.7987,9.9334,0.7488,0.1997,3.2945,0.4493,0.9484
6,1,3.94,2.1,21,24,4,23,166,9,7,56,9,9,1311,32,944165,Robert Navarro,robert-navarro,Athletic Club,La Liga,Midfielder,2025/26,0.4119,0.0686,0.2705,0.1442,1.4416,1.6476,0.2746,1.5789,11.3959,0.6178,0.4805,3.8444,0.6178,0.6178
1,1,2.14,0.97,23,8,0,6,63,8,1,29,6,17,949,26,1391375,Unai Gómez,unai-gomez,Athletic Club,La Liga,Midfielder,2025/26,0.0948,0.0948,0.203,0.092,2.1812,0.7587,0.0,0.569,5.9747,0.7587,0.0948,2.7503,0.569,1.6122
0,0,0.12,0.19,1,3,0,0,39,1,13,28,33,7,514,7,807648,Yeray Álvarez,yeray-alvarez,Athletic Club,La Liga,Defender,2025/26,0.0,0.0,0.021,0.0333,0.1751,0.5253,0.0,0.0,6.8288,0.1751,2.2763,4.9027,5.7782,1.2257
0,6,0.56,4.7,24,30,7,10,349,28,35,144,101,59,2709,32,84531,Yuri Berchiche,yuri-berchiche,Athletic Club,La Liga,Defender,2025/26,0.0,0.1993,0.0186,0.1561,0.7973,0.9967,0.2326,0.3322,11.5947,0.9302,1.1628,4.7841,3.3555,1.9601
2,3,4.47,5.56,44,49,7,23,285,17,13,96,18,31,2164,31,592012,Álex Berenguer,alex-berenguer,Athletic Club,La Liga,Midfielder,2025/26,0.0832,0.1248,0.1859,0.2312,1.8299,2.0379,0.2911,0.9566,11.853,0.707,0.5407,3.9926,0.7486,1.2893
0,0,0.13,0.17,3,1,0,6,39,10,4,37,17,1,600,11,801837,Íñigo Lekue,inigo-lekue,Athletic Club,La Liga,Defender,2025/26,0.0,0.0,0.0195,0.0255,0.45,0.15,0.0,0.9,5.85,1.5,0.6,5.55,2.55,0.15
4,0,4.17,1.11,21,10,2,7,69,3,1,25,0,2,622,12,824200,Ademola Lookman,ademola-lookman,Atlético Madrid,La Liga,Forward,2025/26,0.5788,0.0,0.6034,0.1606,3.0386,1.4469,0.2894,1.0129,9.9839,0.4341,0.1447,3.6174,0.0,0.2894
2,3,2.0,6.08,29,46,13,14,238,10,16,63,12,7,1572,27,910031,Alex Baena,alex-baena,Atlético Madrid,La Liga,Midfielder,2025/26,0.1145,0.1718,0.1145,0.3481,1.6603,2.6336,0.7443,0.8015,13.626,0.5725,0.916,3.6069,0.687,0.4008
13,0,10.16,1.13,68,10,2,10,126,7,0,34,25,94,1981,35,309078,Alexander Sørloth,alexander-srloth,Atlético Madrid,La Liga,Forward,2025/26,0.5906,0.0,0.4616,0.0513,3.0893,0.4543,0.0909,0.4543,5.7244,0.318,0.0,1.5447,1.1358,4.2706
7,4,7.61,4.15,47,32,9,9,211,9,8,64,13,11,1475,34,85859,Antoine Griezmann,antoine-griezmann,Atlético Madrid,La Liga,Forward,2025/26,0.4271,0.2441,0.4643,0.2532,2.8678,1.9525,0.5492,0.5492,12.8746,0.5492,0.4881,3.9051,0.7932,0.6712
0,1,0.42,0.43,5,4,2,3,101,10,22,50,73,30,1393,19,580550,Clément Lenglet,clement-lenglet,Atlético Madrid,La Liga,Defender,2025/26,0.0,0.0646,0.0271,0.0278,0.323,0.2584,0.1292,0.1938,6.5255,0.6461,1.4214,3.2304,4.7164,1.9383
2,0,1.11,0.54,13,4,1,3,91,12,11,35,5,10,665,19,904970,Conor Gallagher,conor-gallagher,Atlético Madrid,La Liga,Midfielder,2025/26,0.2707,0.0,0.1502,0.0731,1.7594,0.5414,0.1353,0.406,12.3158,1.6241,1.4887,4.7368,0.6767,1.3534
0,2,1.33,2.1,21,13,4,8,245,27,19,86,101,42,2434,30,807771,Dávid Hancko,david-hancko,Atlético Madrid,La Liga,Defender,2025/26,0.0,0.074,0.0492,0.0776,0.7765,0.4807,0.1479,0.2958,9.0592,0.9984,0.7025,3.18,3.7346,1.553
4,6,5.17,4.99,36,31,9,29,282,26,18,111,11,26,2109,31,1099352,Giuliano Simeone,giuliano-simeone,Atlético Madrid,La Liga,Midfielder,2025/26,0.1707,0.256,0.2206,0.2129,1.5363,1.3229,0.3841,1.2376,12.0341,1.1095,0.7681,4.7368,0.4694,1.1095
0,0,0.08,0.45,2,3,1,5,99,21,16,41,22,12,892,15,990169,Johnny Cardoso,johnny-cardoso,Atlético Madrid,La Liga,Midfielder,2025/26,0.0,0.0,0.0081,0.0454,0.2018,0.3027,0.1009,0.5045,9.9888,2.1188,1.6143,4.1368,2.2197,1.2108
0,1,1.74,0.45,13,1,1,2,81,12,16,47,64,37,1177,16,325355,José María Giménez,jose-maria-gimenez,Atlético Madrid,La Liga,Defender,2025/26,0.0,0.0765,0.1331,0.0344,0.9941,0.0765,0.0765,0.1529,6.1937,0.9176,1.2234,3.5939,4.8938,2.8292
0,1,0.03,0.43,1,6,1,7,23,3,4,14,1,2,311,4,1402990,Julio Díaz,julio-diaz,Atlético Madrid,La Liga,Defender,2025/26,0.0,0.2894,0.0087,0.1244,0.2894,1.7363,0.2894,2.0257,6.6559,0.8682,1.1576,4.0514,0.2894,0.5788
8,4,7.7,5.13,54,47,10,26,271,13,3,51,5,5,1902,29,944656,Julián Alvarez,julian-alvarez,Atlético Madrid,La Liga,Forward,2025/26,0.3785,0.1893,0.3644,0.2427,2.5552,2.224,0.4732,1.2303,12.8233,0.6151,0.142,2.4132,0.2366,0.2366
2,2,0.72,4.49,14,35,5,3,455,27,18,131,25,13,2236,34,84539,Koke,koke,Atlético Madrid,La Liga,Midfielder,2025/26,0.0805,0.0805,0.029,0.1807,0.5635,1.4088,0.2013,0.1208,18.314,1.0868,0.7245,5.2728,1.0063,0.5233
1,1,0.92,0.6,11,3,1,4,79,15,20,60,85,59,1382,19,1094106,Marc Pubill,marc-pubill,Atlético Madrid,La Liga,Defender,2025/26,0.0651,0.0651,0.0599,0.0391,0.7164,0.1954,0.0651,0.2605,5.1447,0.9768,1.3025,3.9074,5.5355,3.8423
0,4,1.98,3.8,18,20,9,13,350,40,12,124,53,10,2184,29,353138,Marcos Llorente,marcos-llorente,Atlético Madrid,La Liga,Defender,2025/26,0.0,0.1648,0.0816,0.1566,0.7418,0.8242,0.3709,0.5357,14.4231,1.6484,0.4945,5.1099,2.1841,0.4121
0,3,0.14,3.84,5,26,5,5,256,24,20,98,65,26,1775,26,965011,Matteo Ruggeri,matteo-ruggeri,Atlético Madrid,La Liga,Defender,2025/26,0.0,0.1521,0.0071,0.1947,0.2535,1.3183,0.2535,0.2535,12.9803,1.2169,1.0141,4.969,3.2958,1.3183
2,2,0.48,1.57,14,21,6,15,154,22,13,80,32,7,1332,26,831799,Nahuel Molina,nahuel-molina,Atlético Madrid,La Liga,Defender,2025/26,0.1351,0.1351,0.0324,0.1061,0.9459,1.4189,0.4054,1.0135,10.4054,1.4865,0.8784,5.4054,2.1622,0.473
5,0,4.21,2.0,43,12,3,24,128,16,12,61,27,50,1460,24,901325,Nicolás González,nicolas-gonzalez,Atlético Madrid,La Liga,Midfielder,2025/26,0.3082,0.0,0.2595,0.1233,2.6507,0.7397,0.1849,1.4795,7.8904,0.9863,0.7397,3.7603,1.6644,3.0822
0,1,0.18,0.4,5,4,0,10,68,16,7,26,9,2,739,12,1119345,Obed Vargas,obed-vargas,Atlético Madrid,La Liga,Midfielder,2025/26,0.0,0.1218,0.0219,0.0487,0.6089,0.4871,0.0,1.2179,8.2815,1.9486,0.8525,3.1664,1.0961,0.2436
1,1,1.79,2.08,23,20,3,33,317,16,27,114,12,18,1666,23,1142588,Pablo Barrios,pablo-barrios,Atlético Madrid,La Liga,Midfielder,2025/26,0.054,0.054,0.0967,0.1124,1.2425,1.0804,0.1621,1.7827,17.1248,0.8643,1.4586,6.1585,0.6483,0.9724
1,1,0.62,0.33,6,2,1,1,81,19,20,56,98,51,1789,28,787751,Robin Le Normand,robin-le-normand,Atlético Madrid,La Liga,Defender,2025/26,0.0503,0.0503,0.0312,0.0166,0.3018,0.1006,0.0503,0.0503,4.0749,0.9558,1.0061,2.8172,4.9301,2.5657
1,1,1.62,1.11,17,15,2,20,167,11,4,60,13,7,1231,24,1391752,Rodrigo Mendoza,rodrigo-mendoza,Atlético Madrid,La Liga,Midfielder,2025/26,0.0731,0.0731,0.1184,0.0812,1.2429,1.0967,0.1462,1.4622,12.2096,0.8042,0.2924,4.3867,0.9504,0.5118
3,1,3.72,2.75,21,28,4,21,239,18,8,72,6,5,1312,27,944660,Thiago Almada,thiago-almada,Atlético Madrid,La Liga,Midfielder,2025/26,0.2058,0.0686,0.2552,0.1886,1.4405,1.9207,0.2744,1.4405,16.3948,1.2348,0.5488,4.939,0.4116,0.343
14,2,10.45,1.58,46,17,3,12,111,6,1,48,17,19,1902,35,785989,Borja Iglesias,borja-iglesias,Celta Vigo,La Liga,Forward,2025/26,0.6625,0.0946,0.4945,0.0748,2.1767,0.8044,0.142,0.5678,5.2524,0.2839,0.0473,2.2713,0.8044,0.8991
1,1,2.01,2.9,26,18,4,27,126,5,2,32,5,1,1135,19,1084730,Bryan Zaragoza,bryan-zaragoza,Celta Vigo,La Liga,Forward,2025/26,0.0793,0.0793,0.1594,0.23,2.0617,1.4273,0.3172,2.141,9.9912,0.3965,0.1586,2.5374,0.3965,0.0793
0,0,0.55,0.11,4,1,0,1,37,14,17,50,108,31,1493,19,360718,Carl Starfelt,carl-starfelt,Celta Vigo,La Liga,Defender,2025/26,0.0,0.0,0.0332,0.0066,0.2411,0.0603,0.0,0.0603,2.2304,0.8439,1.0248,3.0141,6.5104,1.8687
0,0,0.52,0.07,2,1,0,0,33,8,5,25,43,14,610,8,1069703,Carlos Domínguez,carlos-dominguez,Celta Vigo,La Liga,Defender,2025/26,0.0,0.0,0.0767,0.0103,0.2951,0.1475,0.0,0.0,4.8689,1.1803,0.7377,3.6885,6.3443,2.0656
1,1,1.57,1.49,13,13,3,22,157,10,8,73,9,5,1174,17,1526628,Fer López,fer-lopez,Celta Vigo,La Liga,Midfielder,2025/26,0.0767,0.0767,0.1204,0.1142,0.9966,0.9966,0.23,1.6865,12.0358,0.7666,0.6133,5.5963,0.6899,0.3833
9,3,6.73,1.28,45,16,2,21,112,4,8,51,20,17,1669,30,949962,Ferrán Jutglà,ferran-jutgla,Celta Vigo,La Liga,Forward,2025/26,0.4853,0.1618,0.3629,0.069,2.4266,0.8628,0.1078,1.1324,6.0395,0.2157,0.4314,2.7501,1.0785,0.9167
0,2,0.09,2.24,2,26,5,2,266,15,13,89,17,4,1342,20,1120669,Hugo Sotelo,hugo-sotelo,Celta Vigo,La Liga,Midfielder,2025/26,0.0,0.1341,0.006,0.1502,0.1341,1.7437,0.3353,0.1341,17.839,1.006,0.8718,5.9687,1.1401,0.2683
4,2,2.74,1.88,14,25,5,16,228,9,10,44,9,1,1343,28,1154935,Hugo Álvarez,hugo-alvarez,Celta Vigo,La Liga,Midfielder,2025/26,0.2681,0.134,0.1836,0.126,0.9382,1.6754,0.3351,1.0722,15.2792,0.6031,0.6701,2.9486,0.6031,0.067
5,3,4.48,3.86,28,31,9,12,247,11,12,48,2,3,1155,32,19356,Iago Aspas,iago-aspas,Celta Vigo,La Liga,Forward,2025/26,0.3896,0.2338,0.3491,0.3008,2.1818,2.4156,0.7013,0.9351,19.2468,0.8571,0.9351,3.7403,0.1558,0.2338
2,3,1.39,1.73,18,17,5,13,223,43,26,101,32,15,2495,36,962890,Ilaix Moriba,ilaix-moriba,Celta Vigo,La Liga,Midfielder,2025/26,0.0721,0.1082,0.0501,0.0624,0.6493,0.6132,0.1804,0.4689,8.0441,1.5511,0.9379,3.6433,1.1543,0.5411
0,1,0.68,0.8,13,10,2,8,271,24,26,71,97,27,2561,33,1526627,Javi Rodríguez,javi-rodriguez,Celta Vigo,La Liga,Defender,2025/26,0.0,0.0351,0.0239,0.0281,0.4569,0.3514,0.0703,0.2811,9.5236,0.8434,0.9137,2.4951,3.4088,0.9488
2,6,1.3,2.84,11,14,7,21,144,13,21,53,33,8,1410,26,1008259,Javier Rueda,javier-rueda,Celta Vigo,La Liga,Midfielder,2025/26,0.1277,0.383,0.083,0.1813,0.7021,0.8936,0.4468,1.3404,9.1915,0.8298,1.3404,3.383,2.1064,0.5106
2,0,2.59,0.62,17,9,0,11,56,4,3,25,12,6,683,22,1173575,Jones El-Abdellaoui,jones-el-abdellaoui,Celta Vigo,La Liga,Forward,2025/26,0.2635,0.0,0.3413,0.0817,2.2401,1.1859,0.0,1.4495,7.3792,0.5271,0.3953,3.2943,1.5813,0.7906
0,0,0.24,0.06,2,0,0,1,19,3,9,26,42,12,639,8,796320,Joseph Aidoo,joseph-aidoo,Celta Vigo,La Liga,Defender,2025/26,0.0,0.0,0.0338,0.0085,0.2817,0.0,0.0,0.1408,2.6761,0.4225,1.2676,3.662,5.9155,1.6901
0,0,0.05,0.09,2,3,0,1,43,9,8,32,34,7,765,14,1630975,Manu Fernández,manu-fernandez,Celta Vigo,La Liga,Defender,2025/26,0.0,0.0,0.0059,0.0106,0.2353,0.3529,0.0,0.1176,5.0588,1.0588,0.9412,3.7647,4.0,0.8235
1,0,2.2,1.96,24,13,3,17,381,23,28,154,161,48,2770,32,69408,Marcos Alonso,marcos-alonso,Celta Vigo,La Liga,Defender,2025/26,0.0325,0.0,0.0715,0.0637,0.7798,0.4224,0.0975,0.5523,12.3791,0.7473,0.9097,5.0036,5.231,1.5596
1,0,0.91,1.39,8,17,4,3,136,17,12,69,23,10,1310,19,1398526,Miguel Román,miguel-roman,Celta Vigo,La Liga,Midfielder,2025/26,0.0687,0.0,0.0625,0.0955,0.5496,1.1679,0.2748,0.2061,9.3435,1.1679,0.8244,4.7405,1.5802,0.687
2,2,4.26,1.52,37,10,3,7,107,11,6,49,15,13,1431,30,1398524,Pablo Durán,pablo-duran,Celta Vigo,La Liga,Forward,2025/26,0.1258,0.1258,0.2679,0.0956,2.327,0.6289,0.1887,0.4403,6.7296,0.6918,0.3774,3.0818,0.9434,0.8176
2,1,1.58,2.03,16,19,1,26,339,18,25,107,65,11,2693,34,1002764,Sergio Carreira,sergio-carreira,Celta Vigo,La Liga,Midfielder,2025/26,0.0668,0.0334,0.0528,0.0678,0.5347,0.635,0.0334,0.8689,11.3294,0.6016,0.8355,3.5759,2.1723,0.3676
5,5,4.25,1.33,23,10,4,10,88,19,4,31,7,2,1268,29,1126779,Williot Swedberg,williot-swedberg,Celta Vigo,La Liga,Midfielder,2025/26,0.3549,0.3549,0.3017,0.0944,1.6325,0.7098,0.2839,0.7098,6.2461,1.3486,0.2839,2.2003,0.4968,0.142
0,0,0.03,0.1,1,2,0,2,21,10,7,28,68,10,947,12,1145100,Yoel Lago,yoel-lago,Celta Vigo,La Liga,Defender,2025/26,0.0,0.0,0.0029,0.0095,0.095,0.1901,0.0,0.1901,1.9958,0.9504,0.6653,2.661,6.4625,0.9504
0,2,0.29,2.82,6,22,6,15,277,17,16,92,34,11,1984,25,1012410,Álvaro Núñez,nunez-alvaro,Celta Vigo,La Liga,Defender,2025/26,0.0,0.0907,0.0132,0.1279,0.2722,0.998,0.2722,0.6804,12.5655,0.7712,0.7258,4.1734,1.5423,0.499
1,4,0.63,4.42,14,32,7,15,370,20,9,79,38,15,1967,34,859773,Óscar Mingueza,oscar-mingueza,Celta Vigo,La Liga,Midfielder,2025/26,0.0458,0.183,0.0288,0.2022,0.6406,1.4642,0.3203,0.6863,16.9293,0.9151,0.4118,3.6146,1.7387,0.6863
1,4,2.31,3.43,34,30,9,18,135,20,15,80,23,9,1508,30,1082968,Abderrahman Rebbach,abderrahman-rebbach,Deportivo Alavés,La Liga,Midfielder,2025/26,0.0597,0.2387,0.1379,0.2047,2.0292,1.7905,0.5371,1.0743,8.057,1.1936,0.8952,4.7745,1.3727,0.5371
1,1,0.24,0.46,5,6,2,5,85,8,7,42,27,15,680,25,891931,Ander Guevara,ander-guevara,Deportivo Alavés,La Liga,Midfielder,2025/26,0.1324,0.1324,0.0318,0.0609,0.6618,0.7941,0.2647,0.6618,11.25,1.0588,0.9265,5.5588,3.5735,1.9853
2,3,1.37,1.92,40,22,2,24,299,50,54,206,41,35,3116,36,855832,Antonio Blanco,antonio-blanco,Deportivo Alavés,La Liga,Midfielder,2025/26,0.0578,0.0866,0.0396,0.0555,1.1553,0.6354,0.0578,0.6932,8.6361,1.4442,1.5597,5.9499,1.1842,1.0109
0,0,0.13,0.42,5,13,1,16,86,14,9,52,4,2,764,19,1046796,Calebe Gonçalves,calebe,Deportivo Alavés,La Liga,Midfielder,2025/26,0.0,0.0,0.0153,0.0495,0.589,1.5314,0.1178,1.8848,10.1309,1.6492,1.0602,6.1257,0.4712,0.2356
0,4,2.71,3.41,30,38,6,13,274,24,10,83,22,14,1995,34,794937,Carles Aleñá,carles-alena,Deportivo Alavés,La Liga,Midfielder,2025/26,0.0,0.1805,0.1223,0.1538,1.3534,1.7143,0.2707,0.5865,12.3609,1.0827,0.4511,3.7444,0.9925,0.6316
0,0,0.23,0.27,3,3,0,0,26,6,3,6,14,6,338,13,873717,Carlos Benavídez,carlos-benavidez,Deportivo Alavés,La Liga,Defender,2025/26,0.0,0.0,0.0612,0.0719,0.7988,0.7988,0.0,0.0,6.9231,1.5976,0.7988,1.5976,3.7278,1.5976
5,0,3.56,2.63,12,27,7,11,121,17,7,63,14,11,1256,21,1084399,Carlos Vicente,vicente-carlos,Deportivo Alavés,La Liga,Midfielder,2025/26,0.3583,0.0,0.2551,0.1885,0.8599,1.9347,0.5016,0.7882,8.6704,1.2182,0.5016,4.5143,1.0032,0.7882
1,2,0.98,1.67,9,22,2,25,214,12,6,92,12,4,1432,30,138383,Denis Suárez,denis-suarez,Deportivo Alavés,La Liga,Midfielder,2025/26,0.0628,0.1257,0.0616,0.105,0.5656,1.3827,0.1257,1.5712,13.4497,0.7542,0.3771,5.7821,0.7542,0.2514
0,0,0.35,0.07,8,0,0,0,13,8,7,25,68,24,792,10,879875,Facundo Garcés,facundo-garces,Deportivo Alavés,La Liga,Defender,2025/26,0.0,0.0,0.0398,0.008,0.9091,0.0,0.0,0.0,1.4773,0.9091,0.7955,2.8409,7.7273,2.7273
2,0,1.8,0.07,15,2,0,1,23,1,2,5,6,15,587,10,1084043,Ibrahim Diabaté,ibrahim-diabate,Deportivo Alavés,La Liga,Forward,2025/26,0.3066,0.0,0.276,0.0107,2.2998,0.3066,0.0,0.1533,3.5264,0.1533,0.3066,0.7666,0.9199,2.2998
0,0,1.76,0.43,15,11,0,9,114,18,10,64,19,22,1259,28,788141,Jon Guridi,jon-guridi,Deportivo Alavés,La Liga,Midfielder,2025/26,0.0,0.0,0.1258,0.0307,1.0723,0.7863,0.0,0.6434,8.1493,1.2867,0.7149,4.5751,1.3582,1.5727
0,0,0.3,0.3,4,5,1,3,93,16,11,70,103,42,1734,22,934383,Jon Pacheco,jon-pacheco,Deportivo Alavés,La Liga,Defender,2025/26,0.0,0.0,0.0156,0.0156,0.2076,0.2595,0.0519,0.1557,4.827,0.8304,0.5709,3.6332,5.346,2.1799
0,0,0.55,1.85,9,17,2,25,303,39,41,156,63,26,2998,34,235648,Jonny Otto,jonny-otto,Deportivo Alavés,La Liga,Defender,2025/26,0.0,0.0,0.0165,0.0555,0.2702,0.5103,0.06,0.7505,9.0961,1.1708,1.2308,4.6831,1.8913,0.7805
11,1,9.48,1.68,63,28,5,37,134,23,7,64,19,32,1959,29,814385,Lucas Boyé,lucas-boye,Deportivo Alavés,La Liga,Forward,2025/26,0.5054,0.0459,0.4355,0.0772,2.8943,1.2864,0.2297,1.6998,6.1562,1.0567,0.3216,2.9403,0.8729,1.4701
2,0,1.59,0.46,24,7,1,10,125,45,46,116,180,48,3239,36,896073,Nahuel Tenaglia,nahuel-tenaglia,Deportivo Alavés,La Liga,Defender,2025/26,0.0556,0.0,0.0442,0.0128,0.6669,0.1945,0.0278,0.2779,3.4733,1.2504,1.2782,3.2232,5.0015,1.3337
1,1,4.39,1.29,47,19,1,31,253,37,21,125,26,26,2253,37,1084381,Pablo Ibáñez,pablo-ibanez-lumbreras,Deportivo Alavés,La Liga,Midfielder,2025/26,0.0399,0.0399,0.1754,0.0515,1.8775,0.759,0.0399,1.2383,10.1065,1.478,0.8389,4.9933,1.0386,1.0386
14,3,11.23,2.22,93,24,6,17,144,16,4,85,37,179,2725,37,831253,Toni Martínez,toni-martinez,Deportivo Alavés,La Liga,Forward,2025/26,0.4624,0.0991,0.3709,0.0733,3.0716,0.7927,0.1982,0.5615,4.756,0.5284,0.1321,2.8073,1.222,5.9119
0,3,1.0,1.53,12,14,3,8,107,16,11,64,81,33,2165,30,985726,Victor Parada,victor-parada,Deportivo Alavés,La Liga,Defender,2025/26,0.0,0.1247,0.0416,0.0636,0.4988,0.582,0.1247,0.3326,4.448,0.6651,0.4573,2.6605,3.3672,1.3718
0,1,0.79,2.48,11,17,4,8,101,11,10,65,37,16,1347,25,1403364,Youssef Enriquez,youssef-enriquez,Deportivo Alavés,La Liga,Defender,2025/26,0.0,0.0668,0.0528,0.1657,0.735,1.1359,0.2673,0.5345,6.7483,0.735,0.6682,4.343,2.4722,1.069
1,3,0.98,2.14,14,24,2,20,128,12,10,70,26,1,1290,16,1513222,Ángel Pérez,angel-perez,Deportivo Alavés,La Liga,Midfielder,2025/26,0.0698,0.2093,0.0684,0.1493,0.9767,1.6744,0.1395,1.3953,8.9302,0.8372,0.6977,4.8837,1.814,0.0698
1,1,0.56,1.75,12,23,4,5,98,18,14,37,40,7,1092,27,928672,Adrià Pedrosa,adria-pedrosa,Elche,La Liga,Defender,2025/26,0.0824,0.0824,0.0462,0.1442,0.989,1.8956,0.3297,0.4121,8.0769,1.4835,1.1538,3.0495,3.2967,0.5769
2,2,2.21,3.12,23,27,3,52,594,47,27,174,22,6,3166,36,286167,Aleix Febas,aleix-febas,Elche,La Liga,Midfielder,2025/26,0.0569,0.0569,0.0628,0.0887,0.6538,0.7675,0.0853,1.4782,16.8857,1.3361,0.7675,4.9463,0.6254,0.1706
10,0,10.55,1.32,57,22,1,14,170,7,5,56,19,25,1858,31,190159,André Silva,andre-silva,Elche,La Liga,Forward,2025/26,0.4844,0.0,0.511,0.0639,2.761,1.0657,0.0484,0.6781,8.2347,0.3391,0.2422,2.7126,0.9203,1.211
0,0,0.1,0.11,1,1,1,4,43,12,8,20,13,10,557,12,1542721,Buba Sangaré,sangare-buba,Elche,La Liga,Defender,2025/26,0.0,0.0,0.0162,0.0178,0.1616,0.1616,0.1616,0.6463,6.9479,1.939,1.2926,3.2316,2.1005,1.6158
1,1,0.86,1.64,14,8,2,12,186,52,51,158,178,65,2953,36,988672,David Affengruber,david-affengruber,Elche,La Liga,Defender,2025/26,0.0305,0.0305,0.0262,0.05,0.4267,0.2438,0.061,0.3657,5.6688,1.5848,1.5544,4.8154,5.425,1.981
4,5,2.65,5.29,28,46,13,38,416,40,23,130,44,12,2874,36,962710,Germán Valera,german-valera,Elche,La Liga,Midfielder,2025/26,0.1253,0.1566,0.083,0.1657,0.8768,1.4405,0.4071,1.19,13.0271,1.2526,0.7203,4.071,1.3779,0.3758
1,0,0.22,0.53,4,2,0,9,146,9,2,33,7,11,718,12,914765,Gonzalo Villar,gonzalo-villar,Elche,La Liga,Midfielder,2025/26,0.1253,0.0,0.0276,0.0664,0.5014,0.2507,0.0,1.1281,18.3008,1.1281,0.2507,4.1365,0.8774,1.3788
1,0,1.18,0.63,16,10,2,10,87,4,4,27,9,7,929,20,848512,Grady Diangana,grady-diangana,Elche,La Liga,Midfielder,2025/26,0.0969,0.0,0.1143,0.061,1.5501,0.9688,0.1938,0.9688,8.4284,0.3875,0.3875,2.6157,0.8719,0.6781
2,2,0.62,0.2,12,4,0,8,37,3,6,19,10,6,500,14,1402908,Héctor Fort,fort-hector,Elche,La Liga,Defender,2025/26,0.36,0.36,0.1116,0.036,2.16,0.72,0.0,1.44,6.66,0.54,1.08,3.42,1.8,1.08
1,0,0.73,0.13,6,1,0,2,56,12,7,32,18,14,683,21,1094758,John Donald,john-nwankwo,Elche,La Liga,Defender,2025/26,0.1318,0.0,0.0962,0.0171,0.7906,0.1318,0.0,0.2635,7.3792,1.5813,0.9224,4.2167,2.3719,1.8448
0,3,0.26,2.65,3,21,4,7,99,8,5,24,5,1,572,19,808955,Josan,josan,Elche,La Liga,Midfielder,2025/26,0.0,0.472,0.0409,0.417,0.472,3.3042,0.6294,1.1014,15.5769,1.2587,0.7867,3.7762,0.7867,0.1573
1,0,0.89,0.73,13,6,0,5,61,7,1,18,0,1,405,10,1126447,Lucas Cepeda,lucas-cepeda,Elche,La Liga,Midfielder,2025/26,0.2222,0.0,0.1978,0.1622,2.8889,1.3333,0.0,1.1111,13.5556,1.5556,0.2222,4.0,0.0,0.2222
0,0,0.64,0.31,8,2,1,3,123,22,15,69,72,34,1614,32,827504,Léo Pétrot,leo-petrot,Elche,La Liga,Defender,2025/26,0.0,0.0,0.0357,0.0173,0.4461,0.1115,0.0558,0.1673,6.8587,1.2268,0.8364,3.8476,4.0149,1.8959
1,2,0.21,0.58,3,11,1,0,222,29,43,97,55,9,2522,35,1014595,Marc Aguado,marc-aguado,Elche,La Liga,Midfielder,2025/26,0.0357,0.0714,0.0075,0.0207,0.1071,0.3925,0.0357,0.0,7.9223,1.0349,1.5345,3.4615,1.9627,0.3212
2,5,0.84,2.67,12,25,4,21,215,12,2,58,13,5,1352,25,1100646,Martim Neto,martim-neto,Elche,La Liga,Midfielder,2025/26,0.1331,0.3328,0.0559,0.1777,0.7988,1.6642,0.2663,1.3979,14.3121,0.7988,0.1331,3.8609,0.8654,0.3328
1,3,0.67,1.31,10,15,4,4,250,21,29,76,107,50,2068,28,141832,Pedro Bigas,pedro-bigas,Elche,La Liga,Defender,2025/26,0.0435,0.1306,0.0292,0.057,0.4352,0.6528,0.1741,0.1741,10.8801,0.9139,1.2621,3.3075,4.6567,2.176
8,0,8.08,1.13,69,9,3,5,134,9,5,37,19,19,1815,27,825754,Rafa Mir,rafa-mir,Elche,La Liga,Forward,2025/26,0.3967,0.0,0.4007,0.056,3.4215,0.4463,0.1488,0.2479,6.6446,0.4463,0.2479,1.8347,0.9421,0.9421
1,1,0.52,0.91,8,11,3,9,114,13,10,45,20,12,933,13,605374,Tete Morente,tete-morente,Elche,La Liga,Forward,2025/26,0.0965,0.0965,0.0502,0.0878,0.7717,1.0611,0.2894,0.8682,10.9968,1.254,0.9646,4.3408,1.9293,1.1576
1,0,0.48,0.94,9,5,0,8,218,34,20,91,86,29,2165,31,855831,Víctor Chust,victor-chust,Elche,La Liga,Defender,2025/26,0.0416,0.0,0.02,0.0391,0.3741,0.2079,0.0,0.3326,9.0624,1.4134,0.8314,3.7829,3.5751,1.2055
7,5,8.85,2.69,76,33,7,39,154,16,3,53,26,133,2200,34,1154587,Álvaro Rodriguez,alvaro-rodriguez,Elche,La Liga,Forward,2025/26,0.2864,0.2045,0.362,0.11,3.1091,1.35,0.2864,1.5955,6.3,0.6545,0.1227,2.1682,1.0636,5.4409
6,3,2.8,3.44,42,27,6,49,210,60,40,173,73,14,3195,36,1396048,Carlos Romero,carlos-romero,Espanyol,La Liga,Defender,2025/26,0.169,0.0845,0.0789,0.0969,1.1831,0.7606,0.169,1.3803,5.9155,1.6901,1.1268,4.8732,2.0563,0.3944
1,0,0.82,0.1,10,2,0,5,51,6,6,29,12,19,712,24,758664,Charles Pickel,charles-pickel,Espanyol,La Liga,Midfielder,2025/26,0.1264,0.0,0.1037,0.0126,1.264,0.2528,0.0,0.632,6.4466,0.7584,0.7584,3.6657,1.5169,2.4017
0,1,0.13,0.2,3,4,0,1,48,13,11,53,100,35,1402,20,1129360,Clemens Riedel,clemens-riedel,Espanyol,La Liga,Defender,2025/26,0.0,0.0642,0.0083,0.0128,0.1926,0.2568,0.0,0.0642,3.0813,0.8345,0.7061,3.4023,6.4194,2.2468
0,2,0.47,0.96,11,8,4,5,34,4,4,23,2,8,426,9,877037,Cyril Ngonge,cyril-ngonge,Espanyol,La Liga,Forward,2025/26,0.0,0.4225,0.0993,0.2028,2.3239,1.6901,0.8451,1.0563,7.1831,0.8451,0.8451,4.8592,0.4225,1.6901
1,6,2.35,6.79,44,83,11,34,275,29,23,119,36,18,2542,36,877262,Edu Expósito,edu-exposito,Espanyol,La Liga,Midfielder,2025/26,0.0354,0.2124,0.0832,0.2404,1.5578,2.9386,0.3895,1.2038,9.7364,1.0268,0.8143,4.2132,1.2746,0.6373
0,0,1.76,0.16,12,3,1,2,50,19,28,85,124,37,2150,28,857205,Fernando Calero,fernando-calero,Espanyol,La Liga,Defender,2025/26,0.0,0.0,0.0737,0.0067,0.5023,0.1256,0.0419,0.0837,2.093,0.7953,1.1721,3.5581,5.1907,1.5488
2,0,3.47,0.83,15,10,2,5,68,2,3,33,3,2,678,10,891511,Javi Puado,javi-puado,Espanyol,La Liga,Midfielder,2025/26,0.2655,0.0,0.4606,0.1102,1.9912,1.3274,0.2655,0.6637,9.0265,0.2655,0.3982,4.3805,0.3982,0.2655
1,0,2.34,1.36,23,15,2,16,49,6,6,41,8,3,921,26,1019236,Jofre Carreras,jofre,Espanyol,La Liga,Midfielder,2025/26,0.0977,0.0,0.2287,0.1329,2.2476,1.4658,0.1954,1.5635,4.7883,0.5863,0.5863,4.0065,0.7818,0.2932
8,1,8.8,2.25,60,20,4,9,92,7,6,48,20,90,1749,37,84972,Kike García,kike-garcia,Espanyol,La Liga,Forward,2025/26,0.4117,0.0515,0.4528,0.1158,3.0875,1.0292,0.2058,0.4631,4.7341,0.3602,0.3087,2.47,1.0292,4.6312
3,0,2.78,1.62,40,11,1,6,145,21,26,85,218,106,3330,37,81992,Leandro Cabrera,leandro-cabrera,Espanyol,La Liga,Defender,2025/26,0.0811,0.0,0.0751,0.0438,1.0811,0.2973,0.027,0.1622,3.9189,0.5676,0.7027,2.2973,5.8919,2.8649
0,2,0.01,2.04,1,17,3,7,167,55,40,96,95,28,2828,36,1064026,Omar El Hilali,omar-el-hilali,Espanyol,La Liga,Defender,2025/26,0.0,0.0636,0.0003,0.0649,0.0318,0.541,0.0955,0.2228,5.3147,1.7504,1.273,3.0552,3.0233,0.8911
7,1,7.07,2.67,59,34,5,11,141,23,18,76,21,23,1989,33,175185,Pere Milla,pere-milla,Espanyol,La Liga,Midfielder,2025/26,0.3167,0.0452,0.3199,0.1208,2.6697,1.5385,0.2262,0.4977,6.3801,1.0407,0.8145,3.4389,0.9502,1.0407
2,1,0.78,2.21,17,23,2,3,217,19,22,83,26,11,2182,33,826010,Pol Lozano,pol-lozano,Espanyol,La Liga,Midfielder,2025/26,0.0825,0.0412,0.0322,0.0912,0.7012,0.9487,0.0825,0.1237,8.9505,0.7837,0.9074,3.4235,1.0724,0.4537
1,2,1.5,1.06,15,16,4,9,77,9,11,35,7,9,1062,29,1088565,Ramón Terrats,ramon-terrats,Espanyol,La Liga,Midfielder,2025/26,0.0847,0.1695,0.1271,0.0898,1.2712,1.3559,0.339,0.7627,6.5254,0.7627,0.9322,2.9661,0.5932,0.7627
7,3,9.31,2.71,59,18,6,9,86,6,7,57,26,59,2387,38,1392592,Roberto Fernández,roberto-fernandez,Espanyol,La Liga,Forward,2025/26,0.2639,0.1131,0.351,0.1022,2.2245,0.6787,0.2262,0.3393,3.2426,0.2262,0.2639,2.1491,0.9803,2.2245
0,1,0.22,1.2,8,9,2,15,59,10,10,44,24,14,830,21,1021165,Rubén Sánchez,sanchez-saez-ruben,Espanyol,La Liga,Defender,2025/26,0.0,0.1084,0.0239,0.1301,0.8675,0.9759,0.2169,1.6265,6.3976,1.0843,1.0843,4.7711,2.6024,1.5181
2,5,2.54,4.28,34,32,7,35,178,35,18,108,14,10,2431,36,1063015,Tyrhys Dolan,tyrhys-dolan,Espanyol,La Liga,Midfielder,2025/26,0.074,0.1851,0.094,0.1585,1.2587,1.1847,0.2592,1.2958,6.5899,1.2958,0.6664,3.9984,0.5183,0.3702
0,1,0.73,0.73,18,11,0,14,165,35,32,142,59,25,2629,36,1064009,Urko González,urko-gonzalez,Espanyol,La Liga,Midfielder,2025/26,0.0,0.0342,0.025,0.025,0.6162,0.3766,0.0,0.4793,5.6485,1.1982,1.0955,4.8612,2.0198,0.8558
0,2,0.62,2.1,10,24,4,23,336,23,5,92,25,10,1874,28,997035,Alejandro Balde,alejandro-balde,FC Barcelona,La Liga,Defender,2025/26,0.0,0.0961,0.0298,0.1009,0.4803,1.1526,0.1921,1.1046,16.1366,1.1046,0.2401,4.4184,1.2006,0.4803
0,0,0.25,0.11,4,1,0,0,46,3,2,21,19,14,434,13,186795,Andreas Christensen,andreas-christensen,FC Barcelona,La Liga,Defender,2025/26,0.0,0.0,0.0518,0.0228,0.8295,0.2074,0.0,0.0,9.5392,0.6221,0.4147,4.3548,3.9401,2.9032
7,8,7.66,5.64,70,49,11,16,397,22,14,102,23,20,2077,33,789071,Dani Olmo,dani-olmo,FC Barcelona,La Liga,Midfielder,2025/26,0.3033,0.3467,0.3319,0.2444,3.0332,2.1233,0.4766,0.6933,17.2027,0.9533,0.6066,4.4198,0.9966,0.8666
1,2,2.96,2.4,25,31,3,2,491,42,48,113,78,44,2730,34,876214,Eric García,eric-garcia,FC Barcelona,La Liga,Defender,2025/26,0.033,0.0659,0.0976,0.0791,0.8242,1.022,0.0989,0.0659,16.1868,1.3846,1.5824,3.7253,2.5714,1.4505
6,9,6.99,4.47,68,34,15,44,293,24,7,82,6,8,1797,30,1153270,Fermín López,fermin-lopez,FC Barcelona,La Liga,Midfielder,2025/26,0.3005,0.4508,0.3501,0.2239,3.4057,1.7028,0.7513,2.2037,14.6745,1.202,0.3506,4.1068,0.3005,0.4007
16,2,13.16,1.72,69,23,5,9,142,5,3,36,10,25,1984,33,855833,Ferran Torres,ferran-torres,FC Barcelona,La Liga,Forward,2025/26,0.7258,0.0907,0.597,0.078,3.13,1.0433,0.2268,0.4083,6.4415,0.2268,0.1361,1.6331,0.4536,1.1341
1,5,1.17,3.72,7,35,9,5,468,18,17,86,15,8,1637,25,795222,Frenkie de Jong,frenkie-de-jong,FC Barcelona,La Liga,Midfielder,2025/26,0.055,0.2749,0.0643,0.2045,0.3849,1.9243,0.4948,0.2749,25.73,0.9896,0.9346,4.7282,0.8247,0.4398
0,1,0.0,0.33,0,8,1,1,98,8,3,26,7,12,574,11,1103693,Gavi,gavi,FC Barcelona,La Liga,Midfielder,2025/26,0.0,0.1568,0.0,0.0517,0.0,1.2544,0.1568,0.1568,15.3659,1.2544,0.4704,4.0767,1.0976,1.8815
0,0,0.2,0.97,7,13,1,6,283,28,29,72,111,43,2140,32,1094827,Gerard Martín,gerard-martin,FC Barcelona,La Liga,Defender,2025/26,0.0,0.0,0.0084,0.0408,0.2944,0.5467,0.0421,0.2523,11.9019,1.1776,1.2196,3.028,4.6682,1.8084
2,2,0.5,1.98,13,15,6,25,135,20,10,57,17,7,962,16,138892,João Cancelo,joao-cancelo,FC Barcelona,La Liga,Defender,2025/26,0.1871,0.1871,0.0468,0.1852,1.2162,1.4033,0.5613,2.3389,12.6299,1.8711,0.9356,5.3326,1.5904,0.6549
1,3,1.66,3.39,14,23,6,21,426,25,30,91,55,35,2269,30,827212,Jules Koundé,jules-kounde,FC Barcelona,La Liga,Defender,2025/26,0.0397,0.119,0.0658,0.1345,0.5553,0.9123,0.238,0.833,16.8973,0.9916,1.19,3.6095,2.1816,1.3883
16,11,12.81,10.09,117,73,26,133,569,21,10,99,3,0,2268,28,1402912,Lamine Yamal,lamine-yamal,FC Barcelona,La Liga,Midfielder,2025/26,0.6349,0.4365,0.5083,0.4004,4.6429,2.8968,1.0317,5.2778,22.5794,0.8333,0.3968,3.9286,0.119,0.0
2,1,1.04,0.59,7,5,2,11,108,18,12,29,19,15,795,22,1526618,Marc Bernal,marc-bernal,FC Barcelona,La Liga,Midfielder,2025/26,0.2264,0.1132,0.1177,0.0668,0.7925,0.566,0.2264,1.2453,12.2264,2.0377,1.3585,3.283,2.1509,1.6981
0,1,0.96,0.73,11,14,0,2,177,10,7,41,8,7,999,24,1000483,Marc Casadó,marc-casado,FC Barcelona,La Liga,Midfielder,2025/26,0.0,0.0901,0.0865,0.0658,0.991,1.2613,0.0,0.1802,15.9459,0.9009,0.6306,3.6937,0.7207,0.6306
8,7,7.51,4.62,76,46,8,30,369,8,2,44,14,4,1761,32,814590,Marcus Rashford,marcus-rashford,FC Barcelona,La Liga,Forward,2025/26,0.4089,0.3578,0.3838,0.2361,3.8842,2.3509,0.4089,1.5332,18.8586,0.4089,0.1022,2.2487,0.7155,0.2044
1,0,0.54,0.73,10,5,1,1,247,27,30,104,147,65,2708,31,1402913,Pau Cubarsí,pau-cubarsi,FC Barcelona,La Liga,Defender,2025/26,0.0332,0.0,0.0179,0.0243,0.3323,0.1662,0.0332,0.0332,8.209,0.8973,0.997,3.4564,4.8855,2.1603
2,9,1.57,5.39,21,64,8,38,664,29,24,163,23,10,2107,29,992587,Pedri,pedri,FC Barcelona,La Liga,Midfielder,2025/26,0.0854,0.3844,0.0671,0.2302,0.897,2.7337,0.3417,1.6232,28.3626,1.2387,1.0252,6.9625,0.9824,0.4271
13,3,10.36,5.81,65,43,11,21,249,6,5,47,11,3,1388,22,831005,Raphinha,raphinha,FC Barcelona,La Liga,Midfielder,2025/26,0.8429,0.1945,0.6718,0.3767,4.2147,2.7882,0.7133,1.3617,16.1455,0.389,0.3242,3.0476,0.7133,0.1945
14,2,14.14,1.2,63,14,4,9,103,2,3,31,20,25,1656,31,41789,Robert Lewandowski,robert-lewandowski,FC Barcelona,La Liga,Forward,2025/26,0.7609,0.1087,0.7685,0.0652,3.4239,0.7609,0.2174,0.4891,5.5978,0.1087,0.163,1.6848,1.087,1.3587
3,0,1.43,0.43,12,3,1,0,72,15,9,48,38,39,1072,24,925097,Ronald Araújo,ronald-araujo,FC Barcelona,La Liga,Defender,2025/26,0.2519,0.0,0.1201,0.0361,1.0075,0.2519,0.084,0.0,6.0448,1.2593,0.7556,4.0299,3.1903,3.2743
1,1,1.43,1.88,22,15,3,22,110,4,2,15,3,0,661,21,1162107,Roony Bardghji,roony-bardghji,FC Barcelona,La Liga,Forward,2025/26,0.1362,0.1362,0.1947,0.256,2.9955,2.0424,0.4085,2.9955,14.9773,0.5446,0.2723,2.0424,0.4085,0.0
0,2,0.3,0.39,7,4,3,2,35,19,22,44,82,22,1440,23,1101232,Abdel Abqar,abdel-abqar,Getafe,La Liga,Defender,2025/26,0.0,0.125,0.0188,0.0244,0.4375,0.25,0.1875,0.125,2.1875,1.1875,1.375,2.75,5.125,1.375
3,0,2.08,0.34,26,4,0,15,79,21,4,53,7,36,1723,28,1515554,Adrian Liso,liso-adrian,Getafe,La Liga,Forward,2025/26,0.1567,0.0,0.1086,0.0178,1.3581,0.2089,0.0,0.7835,4.1265,1.0969,0.2089,2.7684,0.3656,1.8804
0,1,0.18,0.96,3,6,1,1,26,7,1,19,26,18,524,15,128637,Allan Nyom,allan-nyom,Getafe,La Liga,Defender,2025/26,0.0,0.1718,0.0309,0.1649,0.5153,1.0305,0.1718,0.1718,4.4656,1.2023,0.1718,3.2634,4.4656,3.0916
4,1,3.05,0.25,15,5,1,6,86,4,5,32,5,15,1068,16,604954,Borja Mayoral,borja-mayoral,Getafe,La Liga,Forward,2025/26,0.3371,0.0843,0.257,0.0211,1.264,0.4213,0.0843,0.5056,7.2472,0.3371,0.4213,2.6966,0.4213,1.264
0,0,0.31,0.57,5,4,0,10,37,6,1,14,1,18,361,14,1392054,Coba Da Costa,coba-da-costa,Getafe,La Liga,Midfielder,2025/26,0.0,0.0,0.0773,0.1421,1.2465,0.9972,0.0,2.4931,9.2244,1.4958,0.2493,3.4903,0.2493,4.4875
0,0,0.24,0.51,4,3,0,10,39,17,6,26,24,9,698,14,1918369,Davinchi,davinchi,Getafe,La Liga,Defender,2025/26,0.0,0.0,0.0309,0.0658,0.5158,0.3868,0.0,1.2894,5.0287,2.192,0.7736,3.3524,3.0946,1.1605
0,0,0.33,1.04,11,11,1,6,125,31,31,73,59,22,1767,28,350560,Diego Rico,diego-rico,Getafe,La Liga,Defender,2025/26,0.0,0.0,0.0168,0.053,0.5603,0.5603,0.0509,0.3056,6.3667,1.5789,1.5789,3.7182,3.0051,1.1205
0,0,0.13,0.21,4,2,0,9,106,24,35,109,145,46,2585,34,307702,Djené,djene,Getafe,La Liga,Defender,2025/26,0.0,0.0,0.0045,0.0073,0.1393,0.0696,0.0,0.3133,3.6905,0.8356,1.2186,3.795,5.0484,1.6015
1,1,0.86,0.41,13,2,1,0,79,18,35,99,212,79,2928,34,576276,Domingos Duarte,domingos-duarte,Getafe,La Liga,Defender,2025/26,0.0307,0.0307,0.0264,0.0126,0.3996,0.0615,0.0307,0.0,2.4283,0.5533,1.0758,3.043,6.5164,2.4283
0,0,0.36,0.8,13,7,0,4,52,5,7,25,6,4,560,17,353154,Javier Muñoz,javier-munoz,Getafe,La Liga,Midfielder,2025/26,0.0,0.0,0.0579,0.1286,2.0893,1.125,0.0,0.6429,8.3571,0.8036,1.125,4.0179,0.9643,0.6429
1,2,1.06,1.85,26,18,3,30,181,68,25,108,141,32,3189,37,949707,Juan Iglesias,juan-iglesias,Getafe,La Liga,Defender,2025/26,0.0282,0.0564,0.0299,0.0522,0.7338,0.508,0.0847,0.8467,5.1082,1.9191,0.7056,3.048,3.9793,0.9031
1,1,0.69,1.35,8,17,2,7,150,22,34,100,44,18,2020,28,53739,Kiko Femenía,kiko-femenia,Getafe,La Liga,Defender,2025/26,0.0446,0.0446,0.0307,0.0601,0.3564,0.7574,0.0891,0.3119,6.6832,0.9802,1.5149,4.4554,1.9604,0.802
1,10,1.22,6.32,27,80,12,21,346,34,42,208,51,51,3273,37,811629,Luis Milla,luis-milla,Getafe,La Liga,Midfielder,2025/26,0.0275,0.275,0.0335,0.1738,0.7424,2.1998,0.33,0.5775,9.5142,0.9349,1.1549,5.7195,1.4024,1.4024
3,1,2.0,0.35,25,5,0,3,52,3,4,27,12,46,1204,17,974713,Luis Vázquez,luis-vazquez,Getafe,La Liga,Forward,2025/26,0.2243,0.0748,0.1495,0.0262,1.8688,0.3738,0.0,0.2243,3.887,0.2243,0.299,2.0183,0.897,3.4385
2,1,2.63,1.03,27,8,1,14,114,34,15,74,29,75,2134,35,1154549,Mario Martín,martin-mario,Getafe,La Liga,Midfielder,2025/26,0.0843,0.0422,0.1109,0.0434,1.1387,0.3374,0.0422,0.5904,4.8079,1.4339,0.6326,3.1209,1.2231,3.1631
6,1,4.34,1.38,35,15,5,25,111,13,9,53,18,41,1604,18,973536,Martín Satriano,martin-satriano,Getafe,La Liga,Forward,2025/26,0.3367,0.0561,0.2435,0.0774,1.9638,0.8416,0.2805,1.4027,6.2282,0.7294,0.505,2.9738,1.01,2.3005
6,2,7.16,0.9,59,22,1,31,182,43,23,154,34,57,3255,37,385888,Mauro Arambarri,mauro-arambarri,Getafe,La Liga,Midfielder,2025/26,0.1659,0.0553,0.198,0.0249,1.6313,0.6083,0.0276,0.8571,5.0323,1.1889,0.6359,4.2581,0.9401,1.576
0,0,0.36,0.14,4,1,1,2,17,12,1,15,18,7,406,11,1392092,Sebastián Boselli,sebastian-boselli,Getafe,La Liga,Defender,2025/26,0.0,0.0,0.0798,0.031,0.8867,0.2217,0.2217,0.4433,3.7685,2.6601,0.2217,3.3251,3.9901,1.5517
1,0,0.9,0.13,10,1,0,16,52,22,28,80,92,27,1350,15,1108450,Zaid Romero,zaid-romero,Getafe,La Liga,Defender,2025/26,0.0667,0.0,0.06,0.0087,0.6667,0.0667,0.0,1.0667,3.4667,1.4667,1.8667,5.3333,6.1333,1.8
0,1,0.39,0.97,13,8,1,5,50,5,2,44,4,5,710,18,1398518,Álex Sancris,alex-sancris,Getafe,La Liga,Forward,2025/26,0.0,0.1268,0.0494,0.123,1.6479,1.0141,0.1268,0.6338,6.338,0.6338,0.2535,5.5775,0.507,0.6338
0,2,0.82,1.58,16,10,2,7,152,15,15,46,60,15,1121,24,1002347,Alejandro Francés,alejandro-frances,Girona FC,La Liga,Defender,2025/26,0.0,0.1606,0.0658,0.1269,1.2846,0.8029,0.1606,0.562,12.2034,1.2043,1.2043,3.6931,4.8171,1.2043
2,3,1.62,1.82,19,24,7,13,284,38,41,117,124,34,2678,35,1084081,Arnau Martínez,arnau-martinez,Girona FC,La Liga,Defender,2025/26,0.0672,0.1008,0.0544,0.0612,0.6385,0.8066,0.2353,0.4369,9.5444,1.2771,1.3779,3.932,4.1673,1.1426
1,2,2.39,1.19,20,17,2,10,284,25,30,167,56,47,2533,32,35612,Axel Witsel,axel-witsel,Girona FC,La Liga,Midfielder,2025/26,0.0355,0.0711,0.0849,0.0423,0.7106,0.604,0.0711,0.3553,10.0908,0.8883,1.0659,5.9337,1.9897,1.67
5,2,3.4,4.42,51,36,11,69,372,14,16,80,9,6,1766,24,991421,Azzedine Ounahi,azzedine-ounahi,Girona FC,La Liga,Midfielder,2025/26,0.2548,0.1019,0.1733,0.2253,2.5991,1.8347,0.5606,3.5164,18.9581,0.7135,0.8154,4.077,0.4587,0.3058
0,3,2.9,2.75,27,21,6,33,169,19,9,79,11,4,1597,29,910026,Bryan Gil,bryan-gil,Girona FC,La Liga,Midfielder,2025/26,0.0,0.1691,0.1634,0.155,1.5216,1.1835,0.3381,1.8597,9.5241,1.0708,0.5072,4.4521,0.6199,0.2254
1,1,2.16,0.66,21,8,2,16,103,5,1,20,4,1,618,17,1482424,Claudio Echeverri,claudio-echeverri,Girona FC,La Liga,Midfielder,2025/26,0.1456,0.1456,0.3146,0.0961,3.0583,1.165,0.2913,2.3301,15.0,0.7282,0.1456,2.9126,0.5825,0.1456
5,0,5.38,0.51,19,2,0,2,13,4,1,8,3,18,430,21,32048,Cristhian Stuani,cristhian-stuani,Girona FC,La Liga,Forward,2025/26,1.0465,0.0,1.126,0.1067,3.9767,0.4186,0.0,0.4186,2.7209,0.8372,0.2093,1.6744,0.6279,3.7674
0,0,0.26,1.13,5,11,1,12,305,34,39,141,126,33,2610,31,44864,Daley Blind,daley-blind,Girona FC,La Liga,Defender,2025/26,0.0,0.0,0.009,0.039,0.1724,0.3793,0.0345,0.4138,10.5172,1.1724,1.3448,4.8621,4.3448,1.1379
1,0,0.73,1.03,16,13,2,7,243,16,17,69,25,10,1561,27,835484,Fran Beltrán,fran-beltran,Girona FC,La Liga,Midfielder,2025/26,0.0577,0.0,0.0421,0.0594,0.9225,0.7495,0.1153,0.4036,14.0102,0.9225,0.9801,3.9782,1.4414,0.5766
1,1,0.86,0.97,7,10,2,9,210,34,5,66,50,20,1758,33,1632454,Hugo Rincón,rincon-lumbreras-hugo,Girona FC,La Liga,Defender,2025/26,0.0512,0.0512,0.044,0.0497,0.3584,0.5119,0.1024,0.4608,10.7509,1.7406,0.256,3.3788,2.5597,1.0239
0,1,0.87,2.07,13,25,2,30,348,37,16,147,29,21,2538,35,973699,Iván Martín,ivan-martin,Girona FC,La Liga,Midfielder,2025/26,0.0,0.0355,0.0309,0.0734,0.461,0.8865,0.0709,1.0638,12.3404,1.3121,0.5674,5.2128,1.0284,0.7447
0,0,0.16,0.09,3,1,0,3,36,3,4,20,8,2,384,12,1106573,Jhon Solís,jhon-solis,Girona FC,La Liga,Midfielder,2025/26,0.0,0.0,0.0375,0.0211,0.7031,0.2344,0.0,0.7031,8.4375,0.7031,0.9375,4.6875,1.875,0.4688
3,1,3.7,2.06,48,16,2,37,152,12,2,63,14,5,1482,32,1391616,Joel Roca,joel-roca,Girona FC,La Liga,Midfielder,2025/26,0.1822,0.0607,0.2247,0.1251,2.915,0.9717,0.1215,2.247,9.2308,0.7287,0.1215,3.8259,0.8502,0.3036
0,0,1.36,0.57,9,3,0,0,26,1,2,11,0,5,473,10,218616,Portu,portu,Girona FC,La Liga,Forward,2025/26,0.0,0.0,0.2588,0.1085,1.7125,0.5708,0.0,0.0,4.9471,0.1903,0.3805,2.093,0.0,0.9514
3,1,1.93,1.51,17,20,1,20,235,16,5,57,2,2,1273,27,191182,Thomas Lemar,thomas-lemar,Girona FC,La Liga,Midfielder,2025/26,0.2121,0.0707,0.1364,0.1068,1.2019,1.414,0.0707,1.414,16.6143,1.1312,0.3535,4.0299,0.1414,0.1414
6,5,6.83,3.94,51,56,4,27,393,22,20,82,29,32,2641,32,319735,Viktor Tsygankov,viktor-tsygankov,Girona FC,La Liga,Midfielder,2025/26,0.2045,0.1704,0.2328,0.1343,1.738,1.9084,0.1363,0.9201,13.3927,0.7497,0.6816,2.7944,0.9883,1.0905
1,1,1.58,0.45,19,9,2,8,132,31,33,128,215,87,3138,36,1485300,Vitor Reis,reis-vitor,Girona FC,La Liga,Defender,2025/26,0.0287,0.0287,0.0453,0.0129,0.5449,0.2581,0.0574,0.2294,3.7859,0.8891,0.9465,3.6711,6.1663,2.4952
9,1,8.52,1.29,27,12,3,9,72,3,3,24,16,17,1960,27,976374,Vladyslav Vanat,vladyslav-vanat,Girona FC,La Liga,Forward,2025/26,0.4133,0.0459,0.3912,0.0592,1.2398,0.551,0.1378,0.4133,3.3061,0.1378,0.1378,1.102,0.7347,0.7806
0,0,0.58,1.4,15,12,2,13,54,3,5,26,4,2,605,15,1092769,Yáser Asprilla,yaser-asprilla,Girona FC,La Liga,Midfielder,2025/26,0.0,0.0,0.0863,0.2083,2.2314,1.7851,0.2975,1.9339,8.0331,0.4463,0.7438,3.8678,0.595,0.2975
0,3,1.49,2.15,16,16,6,35,258,28,30,101,104,20,2562,31,294593,Álex Moreno,alex-moreno,Girona FC,La Liga,Defender,2025/26,0.0,0.1054,0.0523,0.0755,0.5621,0.5621,0.2108,1.2295,9.0632,0.9836,1.0539,3.548,3.6534,0.7026
3,1,4.22,1.9,39,19,3,7,157,17,48,88,179,41,2710,33,997244,Adrián de la Fuente,adrian-de-la-fuente,Levante UD,La Liga,Defender,2025/26,0.0996,0.0332,0.1401,0.0631,1.2952,0.631,0.0996,0.2325,5.214,0.5646,1.5941,2.9225,5.9446,1.3616
1,1,0.62,0.43,8,4,2,0,32,13,6,55,78,17,957,19,1177401,Alan Matturro,alan-matturro,Levante UD,La Liga,Defender,2025/26,0.094,0.094,0.0583,0.0404,0.7524,0.3762,0.1881,0.0,3.0094,1.2226,0.5643,5.1724,7.3354,1.5987
11,0,7.58,0.38,57,9,1,12,53,7,9,41,13,46,1350,25,1649918,Carlos Espí,espi-carlos,Levante UD,La Liga,Forward,2025/26,0.7333,0.0,0.5053,0.0253,3.8,0.6,0.0667,0.8,3.5333,0.4667,0.6,2.7333,0.8667,3.0667
3,1,2.72,4.13,30,40,6,19,226,11,13,92,6,4,1907,30,1010656,Carlos Álvarez,carlos-alvarez,Levante UD,La Liga,Midfielder,2025/26,0.1416,0.0472,0.1284,0.1949,1.4158,1.8878,0.2832,0.8967,10.666,0.5191,0.6135,4.3419,0.2832,0.1888
0,0,0.21,0.33,3,3,0,6,34,5,6,26,20,6,534,8,855837,Diego Pampín,diego-pampin,Levante UD,La Liga,Defender,2025/26,0.0,0.0,0.0354,0.0556,0.5056,0.5056,0.0,1.0112,5.7303,0.8427,1.0112,4.382,3.3708,1.0112
7,4,8.73,1.65,50,15,4,11,75,14,6,55,18,34,1703,33,1393673,Etta Eyong,etta-eyong,Levante UD,La Liga,Forward,2025/26,0.3699,0.2114,0.4614,0.0872,2.6424,0.7927,0.2114,0.5813,3.9636,0.7399,0.3171,2.9066,0.9513,1.7968
7,1,8.63,1.89,59,25,5,37,151,22,12,92,9,30,2287,32,1014042,Iván Romero,ivan-romero,Levante UD,La Liga,Forward,2025/26,0.2755,0.0394,0.3396,0.0744,2.3218,0.9838,0.1968,1.4561,5.9423,0.8658,0.4722,3.6205,0.3542,1.1806
1,4,0.97,4.06,9,28,11,6,177,39,31,97,93,13,3173,37,149606,Jeremy Toljan,jeremy-toljan,Levante UD,La Liga,Defender,2025/26,0.0284,0.1135,0.0275,0.1152,0.2553,0.7942,0.312,0.1702,5.0205,1.1062,0.8793,2.7513,2.6379,0.3687
1,5,2.41,3.16,28,37,6,12,165,15,14,79,23,29,1748,33,1010383,Jon Ander Olasagasti,jon-ander-olasagasti,Levante UD,La Liga,Midfielder,2025/26,0.0515,0.2574,0.1241,0.1627,1.4416,1.905,0.3089,0.6178,8.4954,0.7723,0.7208,4.0675,1.1842,1.4931
0,0,0.0,0.01,0,0,0,2,7,4,0,5,22,6,364,5,1807070,Jorge Cabello,jorge-cabello,Levante UD,La Liga,Defender,2025/26,0.0,0.0,0.0,0.0025,0.0,0.0,0.0,0.4945,1.7308,0.989,0.0,1.2363,5.4396,1.4835
1,1,2.21,0.54,11,7,2,9,43,5,3,25,4,2,383,20,344129,José Luis Morales,jose-luis-morales,Levante UD,La Liga,Forward,2025/26,0.235,0.235,0.5193,0.1269,2.5849,1.6449,0.47,2.1149,10.1044,1.1749,0.705,5.8747,0.9399,0.47
0,1,1.16,0.34,21,6,1,15,57,11,15,53,3,12,1151,21,1649919,Kareem Tunde,kareem-tunde,Levante UD,La Liga,Midfielder,2025/26,0.0,0.0782,0.0907,0.0266,1.6421,0.4692,0.0782,1.1729,4.457,0.8601,1.1729,4.1442,0.2346,0.9383
3,3,0.99,1.0,16,7,2,8,110,25,14,89,61,47,1544,27,1083832,Kervin Arriaga,kervin-arriaga,Levante UD,La Liga,Midfielder,2025/26,0.1749,0.1749,0.0577,0.0583,0.9326,0.408,0.1166,0.4663,6.4119,1.4573,0.8161,5.1878,3.5557,2.7396
1,2,0.77,1.83,13,17,3,12,196,54,32,106,82,21,2818,33,984789,Manuel Sánchez,manuel-sanchez,Levante UD,La Liga,Defender,2025/26,0.0319,0.0639,0.0246,0.0584,0.4152,0.5429,0.0958,0.3833,6.2598,1.7246,1.022,3.3854,2.6189,0.6707
0,0,0.96,0.79,10,8,1,4,97,24,37,78,129,50,2266,28,1496360,Matias Moreno,matias-moreno,Levante UD,La Liga,Defender,2025/26,0.0,0.0,0.0381,0.0314,0.3972,0.3177,0.0397,0.1589,3.8526,0.9532,1.4695,3.098,5.1236,1.9859
0,1,0.47,0.48,8,10,0,1,99,12,10,60,33,13,1327,20,859769,Oriol Rey,oriol-rey,Levante UD,La Liga,Midfielder,2025/26,0.0,0.0678,0.0319,0.0326,0.5426,0.6782,0.0,0.0678,6.7144,0.8139,0.6782,4.0693,2.2381,0.8817
1,5,1.91,4.56,28,36,10,14,155,9,20,87,29,14,1865,27,927066,Pablo Martínez,pablo-martinez,Levante UD,La Liga,Midfielder,2025/26,0.0483,0.2413,0.0922,0.2201,1.3512,1.7373,0.4826,0.6756,7.4799,0.4343,0.9651,4.1984,1.3995,0.6756
0,0,0.5,0.57,12,6,2,9,25,1,2,23,4,1,476,12,1869106,Paco Cortés,paco-cortes,Levante UD,La Liga,Forward,2025/26,0.0,0.0,0.0945,0.1078,2.2689,1.1345,0.3782,1.7017,4.7269,0.1891,0.3782,4.3487,0.7563,0.1891
1,1,3.32,1.3,28,8,2,9,65,6,4,26,19,13,1007,19,909554,Roger Brugué,roger-brugue,Levante UD,La Liga,Midfielder,2025/26,0.0894,0.0894,0.2967,0.1162,2.5025,0.715,0.1787,0.8044,5.8093,0.5362,0.3575,2.3237,1.6981,1.1619
0,0,0.07,0.13,3,4,0,9,43,11,15,31,18,22,721,16,1170694,Ugo Raghouber,ugo-raghouber,Levante UD,La Liga,Midfielder,2025/26,0.0,0.0,0.0087,0.0162,0.3745,0.4993,0.0,1.1234,5.3675,1.3731,1.8724,3.8696,2.2469,2.7462
1,0,0.67,0.35,3,2,0,0,20,4,3,28,70,31,958,12,813574,Unai Elgezabal,unai-elgezabal,Levante UD,La Liga,Defender,2025/26,0.0939,0.0,0.0629,0.0329,0.2818,0.1879,0.0,0.0,1.8789,0.3758,0.2818,2.6305,6.5762,2.9123
0,0,0.0,1.53,0,12,3,4,85,13,6,39,14,14,818,16,966802,Unai Vencedor,unai-vencedor,Levante UD,La Liga,Midfielder,2025/26,0.0,0.0,0.0,0.1683,0.0,1.3203,0.3301,0.4401,9.3521,1.4303,0.6601,4.291,1.5403,1.5403
2,1,1.96,1.07,19,14,2,13,69,14,10,54,15,14,1056,21,952222,Víctor García,victor-garcia,Levante UD,La Liga,Midfielder,2025/26,0.1705,0.0852,0.167,0.0912,1.6193,1.1932,0.1705,1.108,5.8807,1.1932,0.8523,4.6023,1.2784,1.1932
3,1,1.73,0.89,14,11,1,6,56,12,11,39,10,3,908,23,992331,Íker Losada,iker-losada,Levante UD,La Liga,Midfielder,2025/26,0.2974,0.0991,0.1715,0.0882,1.3877,1.0903,0.0991,0.5947,5.5507,1.1894,1.0903,3.8656,0.9912,0.2974
0,1,0.54,0.57,12,7,1,0,86,13,16,62,121,77,2070,24,807116,Antonio Raíllo,antonio-raillo,Mallorca,La Liga,Defender,2025/26,0.0,0.0435,0.0235,0.0248,0.5217,0.3043,0.0435,0.0,3.7391,0.5652,0.6957,2.6957,5.2609,3.3478
0,0,0.4,0.99,6,12,3,5,85,12,12,68,22,5,1088,30,949722,Antonio Sánchez,antonio-sanchez,Mallorca,La Liga,Midfielder,2025/26,0.0,0.0,0.0331,0.0819,0.4963,0.9926,0.2482,0.4136,7.0312,0.9926,0.9926,5.625,1.8199,0.4136
0,0,0.31,0.1,4,0,0,2,27,7,8,21,81,27,833,14,1513896,David López,david-lopez,Mallorca,La Liga,Defender,2025/26,0.0,0.0,0.0335,0.0108,0.4322,0.0,0.0,0.2161,2.9172,0.7563,0.8643,2.2689,8.7515,2.9172
2,4,2.33,2.37,32,30,7,49,133,10,7,68,9,14,1804,31,1939173,Jan Virgili,jan-virgili,Mallorca,La Liga,Midfielder,2025/26,0.0998,0.1996,0.1162,0.1182,1.5965,1.4967,0.3492,2.4446,6.6353,0.4989,0.3492,3.3925,0.449,0.6984
0,4,0.54,3.5,17,36,6,15,261,27,24,178,84,23,2737,35,344847,Johan Mojica,johan-mojica,Mallorca,La Liga,Defender,2025/26,0.0,0.1315,0.0178,0.1151,0.559,1.1838,0.1973,0.4932,8.5824,0.8878,0.7892,5.8531,2.7621,0.7563
3,0,2.0,1.39,13,17,2,8,241,30,19,97,22,13,1788,32,826004,Manu Morlanes,manu-morlanes,Mallorca,La Liga,Midfielder,2025/26,0.151,0.0,0.1007,0.07,0.6544,0.8557,0.1007,0.4027,12.1309,1.5101,0.9564,4.8826,1.1074,0.6544
0,0,0.1,0.04,3,1,0,1,25,1,2,14,14,11,438,8,893642,Marash Kumbulla,marash-kumbulla,Mallorca,La Liga,Defender,2025/26,0.0,0.0,0.0205,0.0082,0.6164,0.2055,0.0,0.2055,5.137,0.2055,0.411,2.8767,2.8767,2.2603
0,0,0.81,0.33,17,3,0,4,145,34,22,90,242,59,3309,37,300522,Martin Valjent,martin-valjent,Mallorca,La Liga,Defender,2025/26,0.0,0.0,0.022,0.009,0.4624,0.0816,0.0,0.1088,3.9438,0.9248,0.5984,2.4479,6.582,1.6047
2,3,5.09,0.9,33,14,3,18,95,20,12,65,24,10,1710,29,1170693,Mateo Joseph,mateo-joseph,Mallorca,La Liga,Forward,2025/26,0.1053,0.1579,0.2679,0.0474,1.7368,0.7368,0.1579,0.9474,5.0,1.0526,0.6316,3.4211,1.2632,0.5263
1,0,0.3,0.35,4,3,1,4,44,7,7,29,30,6,736,18,879543,Mateu Morey,mateu-morey,Mallorca,La Liga,Defender,2025/26,0.1223,0.0,0.0367,0.0428,0.4891,0.3668,0.1223,0.4891,5.3804,0.856,0.856,3.5462,3.6685,0.7337
2,2,0.28,0.39,7,8,2,6,131,29,35,111,84,30,2245,30,255999,Omar Mascarell,omar-mascarell,Mallorca,La Liga,Midfielder,2025/26,0.0802,0.0802,0.0112,0.0156,0.2806,0.3207,0.0802,0.2405,5.2517,1.1626,1.4031,4.4499,3.3675,1.2027
1,2,0.41,1.9,7,20,3,34,173,35,35,111,98,31,2672,31,788216,Pablo Maffeo,pablo-maffeo,Mallorca,La Liga,Defender,2025/26,0.0337,0.0674,0.0138,0.064,0.2358,0.6737,0.101,1.1452,5.8271,1.1789,1.1789,3.7388,3.3009,1.0442
4,4,1.73,2.92,25,35,4,16,242,17,9,83,13,7,1637,35,1082981,Pablo Torre,pablo-torre,Mallorca,La Liga,Midfielder,2025/26,0.2199,0.2199,0.0951,0.1605,1.3745,1.9243,0.2199,0.8797,13.3048,0.9346,0.4948,4.5632,0.7147,0.3849
7,2,3.98,1.13,39,17,2,14,213,37,26,118,90,78,2705,34,988351,Samú Costa,samuel-costa,Mallorca,La Liga,Midfielder,2025/26,0.2329,0.0665,0.1324,0.0376,1.2976,0.5656,0.0665,0.4658,7.0869,1.2311,0.8651,3.9261,2.9945,2.5952
1,5,2.04,4.93,36,59,13,34,298,13,26,127,18,8,2689,38,110783,Sergi Darder,sergi-darder,Mallorca,La Liga,Midfielder,2025/26,0.0335,0.1673,0.0683,0.165,1.2049,1.9747,0.4351,1.138,9.974,0.4351,0.8702,4.2507,0.6025,0.2678
1,0,1.95,1.12,17,3,2,2,39,10,2,22,4,8,681,20,309546,Takuma Asano,takuma-asano,Mallorca,La Liga,Forward,2025/26,0.1322,0.0,0.2577,0.148,2.2467,0.3965,0.2643,0.2643,5.1542,1.3216,0.2643,2.9075,0.5286,1.0573
0,1,0.0,0.51,0,4,1,7,44,8,6,27,15,6,599,12,828239,Toni Lato,toni-lato,Mallorca,La Liga,Defender,2025/26,0.0,0.1503,0.0,0.0766,0.0,0.601,0.1503,1.0518,6.611,1.202,0.9015,4.0568,2.2538,0.9015
23,1,18.52,1.52,116,23,4,16,141,4,2,76,58,146,3134,37,310874,Vedat Muriqi,vedat-muriqi,Mallorca,La Liga,Forward,2025/26,0.6605,0.0287,0.5318,0.0437,3.3312,0.6605,0.1149,0.4595,4.0491,0.1149,0.0574,2.1825,1.6656,4.1927
0,2,0.62,0.82,9,9,2,9,27,0,0,7,2,1,519,10,1000150,Zito Luvumbo,zito-luvumbo,Mallorca,La Liga,Forward,2025/26,0.0,0.3468,0.1075,0.1422,1.5607,1.5607,0.3468,1.5607,4.6821,0.0,0.0,1.2139,0.3468,0.1734
1,2,0.63,1.8,11,13,3,13,124,12,18,68,51,13,1658,28,1010165,Abel Bretones,abel-bretones,Osasuna,La Liga,Defender,2025/26,0.0543,0.1086,0.0342,0.0977,0.5971,0.7057,0.1628,0.7057,6.731,0.6514,0.9771,3.6912,2.7684,0.7057
0,2,1.68,3.22,29,38,5,30,288,19,10,110,15,30,2152,31,985329,Aimar Oroz,aimar-oroz,Osasuna,La Liga,Midfielder,2025/26,0.0,0.0836,0.0703,0.1347,1.2128,1.5892,0.2091,1.2546,12.0446,0.7946,0.4182,4.6004,0.6273,1.2546
3,2,2.67,1.11,19,12,2,6,123,31,33,116,215,81,3073,35,900792,Alejandro Catena,alejandro-catena,Osasuna,La Liga,Defender,2025/26,0.0879,0.0586,0.0782,0.0325,0.5565,0.3514,0.0586,0.1757,3.6023,0.9079,0.9665,3.3973,6.2968,2.3723
17,0,17.13,1.66,103,16,3,3,98,14,6,45,46,124,2953,37,37318,Ante Budimir,ante-budimir,Osasuna,La Liga,Forward,2025/26,0.5181,0.0,0.5221,0.0506,3.1392,0.4876,0.0914,0.0914,2.9868,0.4267,0.1829,1.3715,1.402,3.7792
1,0,0.39,0.11,6,3,1,0,30,2,4,17,18,18,372,17,1399702,Asier Osambela,asier-osambela,Osasuna,La Liga,Defender,2025/26,0.2419,0.0,0.0944,0.0266,1.4516,0.7258,0.2419,0.0,7.2581,0.4839,0.9677,4.1129,4.3548,4.3548
1,2,1.03,1.04,11,9,2,3,100,37,17,128,122,37,2545,30,1067582,Enzo Boyomo,enzo-boyomo,Osasuna,La Liga,Defender,2025/26,0.0354,0.0707,0.0364,0.0368,0.389,0.3183,0.0707,0.1061,3.5363,1.3084,0.6012,4.5265,4.3143,1.3084
0,0,0.35,0.29,9,5,0,4,103,8,11,49,23,15,953,19,1119586,Iker Muñoz,iker-munoz,Osasuna,La Liga,Midfielder,2025/26,0.0,0.0,0.0331,0.0274,0.8499,0.4722,0.0,0.3778,9.7272,0.7555,1.0388,4.6275,2.1721,1.4166
0,1,0.21,2.55,6,29,2,38,206,30,29,90,58,14,1820,25,825133,Javi Galán,javi-galan,Osasuna,La Liga,Defender,2025/26,0.0,0.0495,0.0104,0.1261,0.2967,1.4341,0.0989,1.8791,10.1868,1.4835,1.4341,4.4505,2.8681,0.6923
0,4,2.0,3.61,23,39,9,13,295,28,23,161,49,18,3028,36,976141,Jon Moncayola,jon-moncayola,Osasuna,La Liga,Midfielder,2025/26,0.0,0.1189,0.0594,0.1073,0.6836,1.1592,0.2675,0.3864,8.7682,0.8322,0.6836,4.7853,1.4564,0.535
0,1,0.29,0.81,3,2,1,3,39,15,18,38,108,28,1608,28,944225,Jorge Herrando,jorge-herrando,Osasuna,La Liga,Defender,2025/26,0.0,0.056,0.0162,0.0453,0.1679,0.1119,0.056,0.1679,2.1828,0.8396,1.0075,2.1269,6.0448,1.5672
0,0,0.39,0.23,1,2,0,2,27,3,4,18,25,5,660,15,814360,Juan Cruz,cruz-juan,Osasuna,La Liga,Defender,2025/26,0.0,0.0,0.0532,0.0314,0.1364,0.2727,0.0,0.2727,3.6818,0.4091,0.5455,2.4545,3.4091,0.6818
2,2,0.93,1.42,8,11,0,6,43,2,2,12,5,7,484,27,591132,Kike Barja,kike-barja,Osasuna,La Liga,Forward,2025/26,0.3719,0.3719,0.1729,0.264,1.4876,2.0455,0.0,1.1157,7.9959,0.3719,0.3719,2.2314,0.9298,1.3017
0,1,1.6,0.76,29,15,1,9,162,19,28,108,46,109,2307,34,187313,Lucas Torró,lucas-torro,Osasuna,La Liga,Midfielder,2025/26,0.0,0.039,0.0624,0.0296,1.1313,0.5852,0.039,0.3511,6.3199,0.7412,1.0923,4.2133,1.7945,4.2523
0,2,0.39,1.85,11,16,4,12,272,9,11,89,10,12,1218,26,149370,Moi Gómez,moi-gomez,Osasuna,La Liga,Midfielder,2025/26,0.0,0.1478,0.0288,0.1367,0.8128,1.1823,0.2956,0.8867,20.0985,0.665,0.8128,6.5764,0.7389,0.8867
7,1,6.45,1.26,39,12,1,15,46,13,7,28,16,40,1042,36,997280,Raúl García de Haro,raul-garcia-de-haro,Osasuna,La Liga,Forward,2025/26,0.6046,0.0864,0.5571,0.1088,3.3685,1.0365,0.0864,1.2956,3.9731,1.1228,0.6046,2.4184,1.382,3.4549
0,2,0.23,1.12,6,11,2,12,66,0,1,24,8,1,629,14,980383,Raúl Moro,raul-moro,Osasuna,La Liga,Midfielder,2025/26,0.0,0.2862,0.0329,0.1603,0.8585,1.5739,0.2862,1.717,9.4436,0.0,0.1431,3.434,1.1447,0.1431
2,5,2.43,4.94,31,44,8,18,229,29,17,91,22,23,2247,35,260031,Rubén García,ruben-garcia,Osasuna,La Liga,Midfielder,2025/26,0.0801,0.2003,0.0973,0.1979,1.2417,1.7623,0.3204,0.721,9.1722,1.1615,0.6809,3.6449,0.8812,0.9212
1,1,0.67,2.02,19,16,4,28,210,29,43,153,88,19,2554,31,842419,Valentin Rosier,valentin-rosier,Osasuna,La Liga,Defender,2025/26,0.0352,0.0352,0.0236,0.0712,0.6695,0.5638,0.141,0.9867,7.4002,1.0219,1.5153,5.3915,3.101,0.6695
6,2,5.86,3.24,81,27,2,75,221,14,9,96,20,17,2668,34,1145642,Víctor Muñoz,victor-munoz,Osasuna,La Liga,Forward,2025/26,0.2024,0.0675,0.1977,0.1093,2.7324,0.9108,0.0675,2.53,7.455,0.4723,0.3036,3.2384,0.6747,0.5735
4,0,3.66,0.24,26,7,0,7,46,2,1,19,13,19,1149,26,981604,Alemão,alemao,Rayo Vallecano,La Liga,Forward,2025/26,0.3133,0.0,0.2867,0.0188,2.0366,0.5483,0.0,0.5483,3.6031,0.1567,0.0783,1.4883,1.0183,1.4883
0,4,2.25,4.51,31,43,10,63,337,45,38,163,80,22,2810,35,965031,Andrei Rațiu,andrei-ratiu,Rayo Vallecano,La Liga,Defender,2025/26,0.0,0.1281,0.0721,0.1444,0.9929,1.3772,0.3203,2.0178,10.7936,1.4413,1.2171,5.2206,2.5623,0.7046
0,0,1.3,0.25,9,3,1,4,31,6,0,19,4,6,467,11,1131581,Carlos Martín,carlos-martin,Rayo Vallecano,La Liga,Midfielder,2025/26,0.0,0.0,0.2505,0.0482,1.7345,0.5782,0.1927,0.7709,5.9743,1.1563,0.0,3.6617,0.7709,1.1563
2,1,2.29,0.41,50,17,2,8,173,40,48,168,229,82,3231,36,88528,Florian Lejeune,florian-lejeune,Rayo Vallecano,La Liga,Defender,2025/26,0.0557,0.0279,0.0638,0.0114,1.3928,0.4735,0.0557,0.2228,4.8189,1.1142,1.337,4.6797,6.3788,2.2841
2,1,2.24,1.4,17,13,3,14,97,11,2,85,7,1,1250,29,966637,Fran Pérez,fran-perez,Rayo Vallecano,La Liga,Midfielder,2025/26,0.144,0.072,0.1613,0.1008,1.224,0.936,0.216,1.008,6.984,0.792,0.144,6.12,0.504,0.072
0,3,0.85,2.24,20,23,5,6,93,16,10,47,28,14,1197,28,326471,Gerard Gumbau,gerard-gumbau,Rayo Vallecano,La Liga,Midfielder,2025/26,0.0,0.2256,0.0639,0.1684,1.5038,1.7293,0.3759,0.4511,6.9925,1.203,0.7519,3.5338,2.1053,1.0526
0,1,1.94,0.9,24,13,3,14,98,15,2,37,9,1,897,20,1089108,Ilias Akhomach,ilias-akhomach,Rayo Vallecano,La Liga,Midfielder,2025/26,0.0,0.1003,0.1946,0.0903,2.408,1.3043,0.301,1.4047,9.8328,1.505,0.2007,3.7124,0.903,0.1003
3,3,5.3,3.96,53,39,9,23,281,14,3,96,23,21,2262,31,899982,Isi Palazón,isi-palazon,Rayo Vallecano,La Liga,Midfielder,2025/26,0.1194,0.1194,0.2109,0.1576,2.1088,1.5517,0.3581,0.9151,11.1804,0.557,0.1194,3.8196,0.9151,0.8355
0,0,0.35,0.28,3,3,0,7,61,10,9,28,6,4,594,14,152446,Iván Balliu,ivan-balliu,Rayo Vallecano,La Liga,Defender,2025/26,0.0,0.0,0.053,0.0424,0.4545,0.4545,0.0,1.0606,9.2424,1.5152,1.3636,4.2424,0.9091,0.6061
10,1,10.63,2.86,63,31,4,28,127,17,11,69,12,19,2483,36,900003,Jorge de Frutos,jorge-de-frutos,Rayo Vallecano,La Liga,Forward,2025/26,0.3625,0.0362,0.3853,0.1037,2.2835,1.1236,0.145,1.0149,4.6033,0.6162,0.3987,2.501,0.435,0.6887
0,0,0.05,0.04,1,2,0,0,11,3,4,15,27,6,441,9,1120947,Jozhua Vertrouwd,jozhua-vertrouwd,Rayo Vallecano,La Liga,Defender,2025/26,0.0,0.0,0.0102,0.0082,0.2041,0.4082,0.0,0.0,2.2449,0.6122,0.8163,3.0612,5.5102,1.2245
0,0,0.38,0.02,3,1,0,0,5,8,8,12,24,9,491,10,850035,Luiz Felipe,luiz-felipe,Rayo Vallecano,La Liga,Defender,2025/26,0.0,0.0,0.0697,0.0037,0.5499,0.1833,0.0,0.0,0.9165,1.4664,1.4664,2.1996,4.3992,1.6497
2,0,1.58,0.22,11,3,1,3,40,13,21,68,155,31,1811,24,1458073,Nobel Mendy,nobel-mendy,Rayo Vallecano,La Liga,Defender,2025/26,0.0994,0.0,0.0785,0.0109,0.5467,0.1491,0.0497,0.1491,1.9879,0.6461,1.0436,3.3793,7.7029,1.5406
2,0,1.64,2.36,20,19,7,17,134,34,15,89,32,18,1493,30,542634,Pacha,pacha,Rayo Vallecano,La Liga,Defender,2025/26,0.1206,0.0,0.0989,0.1423,1.2056,1.1453,0.422,1.0248,8.0777,2.0496,0.9042,5.365,1.929,1.0851
2,1,3.31,0.36,20,12,1,9,169,35,36,115,78,34,2003,29,913679,Pathé Ismaël Ciss,ismaila-ciss,Rayo Vallecano,La Liga,Midfielder,2025/26,0.0899,0.0449,0.1487,0.0162,0.8987,0.5392,0.0449,0.4044,7.5936,1.5726,1.6176,5.1672,3.5047,1.5277
0,1,1.73,1.59,44,23,3,15,210,25,8,102,15,13,1881,34,900669,Pedro Díaz,pedro-diaz,Rayo Vallecano,La Liga,Midfielder,2025/26,0.0,0.0478,0.0828,0.0761,2.1053,1.1005,0.1435,0.7177,10.0478,1.1962,0.3828,4.8804,0.7177,0.622
1,2,0.61,3.32,18,27,5,17,255,31,31,142,86,22,2681,33,1010421,Pep Chavarría,josep-chavarria,Rayo Vallecano,La Liga,Defender,2025/26,0.0336,0.0671,0.0205,0.1115,0.6043,0.9064,0.1678,0.5707,8.5602,1.0407,1.0407,4.7669,2.887,0.7385
3,0,2.47,0.1,13,4,0,4,26,4,0,12,12,20,381,13,932764,Randy Nteka,randy-nteka,Rayo Vallecano,La Liga,Forward,2025/26,0.7087,0.0,0.5835,0.0236,3.0709,0.9449,0.0,0.9449,6.1417,0.9449,0.0,2.8346,2.8346,4.7244
5,1,3.06,0.86,27,17,2,17,68,9,3,49,0,4,830,22,910024,Sergio Camello,sergio-camello,Rayo Vallecano,La Liga,Forward,2025/26,0.5422,0.1084,0.3318,0.0933,2.9277,1.8434,0.2169,1.8434,7.3735,0.9759,0.3253,5.3133,0.0,0.4337
0,4,0.89,1.5,22,36,4,13,215,15,22,95,23,11,1623,28,588566,Unai López,unai-lopez,Rayo Vallecano,La Liga,Midfielder,2025/26,0.0,0.2218,0.0494,0.0832,1.22,1.9963,0.2218,0.7209,11.9224,0.8318,1.22,5.268,1.2754,0.61
4,5,6.5,5.24,47,42,15,4,155,15,13,78,27,13,2105,32,345111,Álvaro García,alvaro-garcia,Rayo Vallecano,La Liga,Midfielder,2025/26,0.171,0.2138,0.2779,0.224,2.0095,1.7957,0.6413,0.171,6.6271,0.6413,0.5558,3.3349,1.1544,0.5558
1,0,1.01,1.32,13,10,1,5,169,43,28,103,62,27,2113,33,900008,Óscar Valentín,oscar-valentin,Rayo Vallecano,La Liga,Midfielder,2025/26,0.0426,0.0,0.043,0.0562,0.5537,0.4259,0.0426,0.213,7.1983,1.8315,1.1926,4.3871,2.6408,1.15
10,8,9.2,3.46,73,32,11,39,264,32,16,120,14,31,2255,29,1011375,Abdessamad Ezzalzouli,abdessamad-ezzalzouli,Real Betis,La Liga,Midfielder,2025/26,0.3991,0.3193,0.3672,0.1381,2.9135,1.2772,0.439,1.5565,10.5366,1.2772,0.6386,4.7894,0.5588,1.2373
4,2,3.85,1.62,31,19,3,15,168,32,21,98,45,7,1814,27,893062,Aitor Ruibal,aitor-ruibal,Real Betis,La Liga,Defender,2025/26,0.1985,0.0992,0.191,0.0804,1.538,0.9427,0.1488,0.7442,8.3352,1.5877,1.0419,4.8622,2.2326,0.3473
0,0,0.04,0.81,1,6,1,7,41,18,3,29,16,1,582,13,1152139,Angel Ortiz,angel-ortiz,Real Betis,La Liga,Defender,2025/26,0.0,0.0,0.0062,0.1253,0.1546,0.9278,0.1546,1.0825,6.3402,2.7835,0.4639,4.4845,2.4742,0.1546
8,6,8.79,6.08,90,56,10,27,438,23,24,123,17,7,2459,32,958380,Antony,antony,Real Betis,La Liga,Midfielder,2025/26,0.2928,0.2196,0.3217,0.2225,3.294,2.0496,0.366,0.9882,16.0309,0.8418,0.8784,4.5018,0.6222,0.2562
1,0,1.61,0.62,8,9,0,0,33,3,5,13,7,9,394,16,789381,Chimy Ávila,chimy-avila,Real Betis,La Liga,Forward,2025/26,0.2284,0.0,0.3678,0.1416,1.8274,2.0558,0.0,0.0,7.5381,0.6853,1.1421,2.9695,1.599,2.0558
11,3,11.08,2.38,89,34,8,28,216,17,9,81,25,38,2592,32,887055,Cucho Hernández,cucho-hernandez,Real Betis,La Liga,Forward,2025/26,0.3819,0.1042,0.3847,0.0826,3.0903,1.1806,0.2778,0.9722,7.5,0.5903,0.3125,2.8125,0.8681,1.3194
3,1,3.38,0.47,21,4,2,1,24,2,2,8,9,9,593,18,115665,Cédric Bakambu,cedric-bakambu,Real Betis,La Liga,Forward,2025/26,0.4553,0.1518,0.513,0.0713,3.1872,0.6071,0.3035,0.1518,3.6425,0.3035,0.3035,1.2142,1.3659,1.3659
1,0,0.94,0.12,4,1,0,1,27,13,28,50,96,34,1226,18,305278,Diego Llorente,diego-llorente,Real Betis,La Liga,Defender,2025/26,0.0734,0.0,0.069,0.0088,0.2936,0.0734,0.0,0.0734,1.9821,0.9543,2.0555,3.6705,7.0473,2.4959
2,3,2.47,2.39,30,33,6,16,290,13,6,74,7,10,1396,24,798835,Giovani Lo Celso,lo-celso-giovani,Real Betis,La Liga,Midfielder,2025/26,0.1289,0.1934,0.1592,0.1541,1.9341,2.1275,0.3868,1.0315,18.6963,0.8381,0.3868,4.7708,0.4513,0.6447
2,3,0.42,2.94,7,24,5,7,206,16,14,59,70,17,1840,27,188365,Héctor Bellerín,hector-bellerin,Real Betis,La Liga,Defender,2025/26,0.0978,0.1467,0.0205,0.1438,0.3424,1.1739,0.2446,0.3424,10.0761,0.7826,0.6848,2.8859,3.4239,0.8315
0,1,0.46,0.72,5,8,2,4,82,13,10,27,35,14,832,12,914835,Junior Firpo,junior-firpo,Real Betis,La Liga,Defender,2025/26,0.0,0.1082,0.0498,0.0779,0.5409,0.8654,0.2163,0.4327,8.8702,1.4062,1.0817,2.9207,3.7861,1.5144
1,0,0.78,0.43,16,5,0,6,103,20,27,78,159,43,1984,25,99519,Marc Bartra,marc-bartra,Real Betis,La Liga,Defender,2025/26,0.0454,0.0,0.0354,0.0195,0.7258,0.2268,0.0,0.2722,4.6724,0.9073,1.2248,3.5383,7.2127,1.9506
1,1,1.36,1.25,17,19,3,11,203,28,23,103,39,9,2025,29,847128,Marc Roca,marc-roca,Real Betis,La Liga,Midfielder,2025/26,0.0444,0.0444,0.0604,0.0556,0.7556,0.8444,0.1333,0.4889,9.0222,1.2444,1.0222,4.5778,1.7333,0.4
0,0,0.5,0.23,10,7,0,3,67,18,36,100,217,69,2810,33,1015287,Natan,natan,Real Betis,La Liga,Defender,2025/26,0.0,0.0,0.016,0.0074,0.3203,0.2242,0.0,0.0961,2.1459,0.5765,1.153,3.2028,6.9502,2.21
0,0,0.46,0.32,18,8,1,29,102,7,5,41,11,27,736,20,1129401,Nelson Deossa,nelson-deossa,Real Betis,La Liga,Midfielder,2025/26,0.0,0.0,0.0562,0.0391,2.2011,0.9783,0.1223,3.5462,12.4728,0.856,0.6114,5.0136,1.3451,3.3016
9,6,3.92,5.9,44,87,10,25,530,26,34,159,20,15,2865,37,816763,Pablo Fornals,pablo-fornals,Real Betis,La Liga,Midfielder,2025/26,0.2827,0.1885,0.1231,0.1853,1.3822,2.733,0.3141,0.7853,16.6492,0.8168,1.0681,4.9948,0.6283,0.4712
0,0,1.37,0.13,13,2,0,5,33,5,4,23,1,0,388,15,1893910,Pablo García,pablo-garcia,Real Betis,La Liga,Midfielder,2025/26,0.0,0.0,0.3178,0.0302,3.0155,0.4639,0.0,1.1598,7.6546,1.1598,0.9278,5.3351,0.232,0.0
0,1,0.12,0.43,3,7,1,1,102,14,8,44,67,16,1560,23,67769,Ricardo Rodríguez,ricardo-rodriguez,Real Betis,La Liga,Defender,2025/26,0.0,0.0577,0.0069,0.0248,0.1731,0.4038,0.0577,0.0577,5.8846,0.8077,0.4615,2.5385,3.8654,0.9231
1,1,2.16,1.21,24,14,1,11,111,10,5,51,7,4,838,25,989113,Rodrigo Riquelme,rodrigo-riquelme,Real Betis,La Liga,Midfielder,2025/26,0.1074,0.1074,0.232,0.13,2.5776,1.5036,0.1074,1.1814,11.9212,1.074,0.537,5.4773,0.7518,0.4296
1,2,0.34,0.76,7,11,0,4,124,31,21,79,20,17,1198,24,1137814,Sergi Altimira,sergi-altimira,Real Betis,La Liga,Midfielder,2025/26,0.0751,0.1503,0.0255,0.0571,0.5259,0.8264,0.0,0.3005,9.3155,2.3289,1.5776,5.9349,1.5025,1.2771
0,0,0.28,0.49,8,7,0,6,142,14,11,98,15,4,1296,17,359272,Sofyan Amrabat,sofyan-amrabat,Real Betis,La Liga,Midfielder,2025/26,0.0,0.0,0.0194,0.034,0.5556,0.4861,0.0,0.4167,9.8611,0.9722,0.7639,6.8056,1.0417,0.2778
1,0,0.8,0.66,11,10,3,13,94,25,24,74,113,43,1881,28,1186010,Valentín Gómez,diego-gomez,Real Betis,La Liga,Defender,2025/26,0.0478,0.0,0.0383,0.0316,0.5263,0.4785,0.1435,0.622,4.4976,1.1962,1.1483,3.5407,5.4067,2.0574
1,0,0.51,0.18,4,4,0,3,84,5,3,20,9,1,547,9,838629,Álvaro Fidalgo,alvaro-fidalgo,Real Betis,La Liga,Midfielder,2025/26,0.1645,0.0,0.0839,0.0296,0.6581,0.6581,0.0,0.4936,13.8208,0.8227,0.4936,3.2907,1.4808,0.1645
1,0,0.92,0.61,13,3,1,0,95,7,4,57,52,30,1492,18,142622,Antonio Rüdiger,antonio-rudiger,Real Madrid,La Liga,Defender,2025/26,0.0603,0.0,0.0555,0.0368,0.7842,0.181,0.0603,0.0,5.7306,0.4223,0.2413,3.4383,3.1367,1.8097
4,9,4.57,7.18,49,70,14,27,518,29,9,101,9,4,2026,33,1091116,Arda Güler,arda-guler,Real Madrid,La Liga,Midfielder,2025/26,0.1777,0.3998,0.203,0.319,2.1767,3.1096,0.6219,1.1994,23.0109,1.2883,0.3998,4.4867,0.3998,0.1777
1,0,2.66,2.95,45,25,4,3,428,41,47,144,55,72,2622,33,859025,Aurélien Tchouaméni,aurelien-tchouameni,Real Madrid,La Liga,Midfielder,2025/26,0.0343,0.0,0.0913,0.1013,1.5446,0.8581,0.1373,0.103,14.6911,1.4073,1.6133,4.9428,1.8879,2.4714
1,6,1.84,2.46,15,30,7,25,208,11,2,59,4,2,1284,30,835485,Brahim Díaz,brahim-diaz,Real Madrid,La Liga,Midfielder,2025/26,0.0701,0.4206,0.129,0.1724,1.0514,2.1028,0.4907,1.7523,14.5794,0.771,0.1402,4.1355,0.2804,0.1402
0,1,0.36,2.01,5,11,5,2,123,11,6,37,21,5,976,17,138572,Dani Carvajal,dani-carvajal,Real Madrid,La Liga,Defender,2025/26,0.0,0.0922,0.0332,0.1853,0.4611,1.0143,0.4611,0.1844,11.3422,1.0143,0.5533,3.4119,1.9365,0.4611
0,0,0.04,0.7,3,9,0,3,138,11,7,37,5,1,498,16,547838,Dani Ceballos,dani-ceballos,Real Madrid,La Liga,Midfielder,2025/26,0.0,0.0,0.0072,0.1265,0.5422,1.6265,0.0,0.5422,24.9398,1.988,1.2651,6.6867,0.9036,0.1807
0,0,0.25,0.08,4,0,0,0,30,4,0,15,18,7,428,11,66492,David Alaba,david-alaba,Real Madrid,La Liga,Defender,2025/26,0.0,0.0,0.0526,0.0168,0.8411,0.0,0.0,0.0,6.3084,0.8411,0.0,3.1542,3.785,1.472
2,2,2.26,1.18,20,10,1,2,253,17,19,74,129,50,2037,28,1176744,Dean Huijsen,dean-huijsen,Real Madrid,La Liga,Defender,2025/26,0.0884,0.0884,0.0999,0.0521,0.8837,0.4418,0.0442,0.0884,11.1782,0.7511,0.8395,3.2695,5.6996,2.2091
1,0,1.18,2.07,13,15,2,13,291,38,14,84,24,10,1532,29,973887,Eduardo Camavinga,eduardo-camavinga,Real Madrid,La Liga,Midfielder,2025/26,0.0587,0.0,0.0693,0.1216,0.7637,0.8812,0.1175,0.7637,17.0953,2.2324,0.8225,4.9347,1.4099,0.5875
5,8,2.89,4.74,51,43,8,23,577,25,24,142,51,22,2746,33,831808,Federico Valverde,federico-valverde,Real Madrid,La Liga,Midfielder,2025/26,0.1639,0.2622,0.0947,0.1554,1.6715,1.4093,0.2622,0.7538,18.9111,0.8194,0.7866,4.654,1.6715,0.721
1,1,0.83,0.63,6,5,0,3,117,12,7,34,22,7,933,13,851271,Fran García,fran-garcia,Real Madrid,La Liga,Defender,2025/26,0.0965,0.0965,0.0801,0.0608,0.5788,0.4823,0.0,0.2894,11.2862,1.1576,0.6752,3.2797,2.1222,0.6752
1,0,3.09,2.33,30,16,5,25,172,12,3,39,3,5,1049,23,1403559,Franco Mastantuono,franco-mastantuono,Real Madrid,La Liga,Forward,2025/26,0.0858,0.0,0.2651,0.1999,2.5739,1.3727,0.429,2.1449,14.7569,1.0296,0.2574,3.346,0.2574,0.429
6,1,5.37,1.13,21,13,2,3,62,6,3,23,9,21,988,30,1402716,Gonzalo García,gonzalo-garcia,Real Madrid,La Liga,Forward,2025/26,0.5466,0.0911,0.4892,0.1029,1.913,1.1842,0.1822,0.2733,5.6478,0.5466,0.2733,2.0951,0.8198,1.913
6,4,7.26,2.19,51,36,4,37,365,34,14,105,18,35,1917,28,991011,Jude Bellingham,jude-bellingham,Real Madrid,La Liga,Midfielder,2025/26,0.2817,0.1878,0.3408,0.1028,2.3944,1.6901,0.1878,1.7371,17.1362,1.5962,0.6573,4.9296,0.8451,1.6432
25,5,23.95,6.2,146,65,8,78,504,1,2,44,0,7,2604,31,826643,Kylian Mbappé,kylian-mbappe,Real Madrid,La Liga,Forward,2025/26,0.8641,0.1728,0.8278,0.2143,5.0461,2.2465,0.2765,2.6959,17.4194,0.0346,0.0691,1.5207,0.0,0.2419
2,0,1.24,0.73,14,5,1,1,114,13,10,52,57,21,1706,23,1156645,Raúl Asencio,raul-asencio,Real Madrid,La Liga,Defender,2025/26,0.1055,0.0,0.0654,0.0385,0.7386,0.2638,0.0528,0.0528,6.0141,0.6858,0.5275,2.7433,3.007,1.1079
1,3,2.58,2.13,27,17,7,18,152,8,3,38,4,0,680,19,910536,Rodrygo,rodrygo,Real Madrid,La Liga,Forward,2025/26,0.1324,0.3971,0.3415,0.2819,3.5735,2.25,0.9265,2.3824,20.1176,1.0588,0.3971,5.0294,0.5294,0.0
0,2,0.41,0.38,6,6,2,7,76,4,7,28,5,2,596,10,2237795,Thiago Pitarch,thiago-pitarch-pinar,Real Madrid,La Liga,Midfielder,2025/26,0.0,0.302,0.0619,0.0574,0.906,0.906,0.302,1.057,11.4765,0.604,1.057,4.2282,0.755,0.302
0,4,0.32,2.92,10,29,3,5,213,10,14,49,10,5,1169,21,795064,Trent Alexander-Arnold,trent-alexander-arnold,Real Madrid,La Liga,Defender,2025/26,0.0,0.308,0.0246,0.2248,0.7699,2.2327,0.231,0.3849,16.3986,0.7699,1.0778,3.7725,0.7699,0.3849
16,5,13.65,5.6,101,70,7,87,555,15,2,88,1,0,2825,36,868812,Vinícius Júnior,vinicius-junior,Real Madrid,La Liga,Forward,2025/26,0.5097,0.1593,0.4349,0.1784,3.2177,2.2301,0.223,2.7717,17.6814,0.4779,0.0637,2.8035,0.0319,0.0
2,3,0.46,1.49,9,30,1,19,555,19,39,155,60,32,2340,28,1085081,Álvaro Carreras,alvaro-carreras,Real Madrid,La Liga,Defender,2025/26,0.0769,0.1154,0.0177,0.0573,0.3462,1.1538,0.0385,0.7308,21.3462,0.7308,1.5,5.9615,2.3077,1.2308
2,1,1.78,0.71,21,8,2,3,87,16,11,56,52,26,1141,16,822519,Éder Militão,eder-militao,Real Madrid,La Liga,Defender,2025/26,0.1578,0.0789,0.1404,0.056,1.6564,0.631,0.1578,0.2366,6.8624,1.2621,0.8677,4.4172,4.1017,2.0508
0,0,0.05,1.07,3,17,2,8,130,17,33,82,70,21,1726,27,1120504,Abdel Rahim,abdel-rahim-alhassane,Real Oviedo,La Liga,Defender,2025/26,0.0,0.0,0.0026,0.0558,0.1564,0.8864,0.1043,0.4171,6.7787,0.8864,1.7207,4.2758,3.6501,1.095
4,1,3.54,2.49,24,34,7,15,240,18,19,97,14,17,2487,37,882475,Alberto Reina,alberto-reina,Real Oviedo,La Liga,Midfielder,2025/26,0.1448,0.0362,0.1281,0.0901,0.8685,1.2304,0.2533,0.5428,8.6852,0.6514,0.6876,3.5103,0.5066,0.6152
0,0,0.3,0.21,3,2,1,1,31,14,10,35,145,44,1617,20,560756,Dani Calvo,dani-calvo,Real Oviedo,La Liga,Defender,2025/26,0.0,0.0,0.0167,0.0117,0.167,0.1113,0.0557,0.0557,1.7254,0.7792,0.5566,1.9481,8.0705,2.449
1,0,0.91,0.47,10,7,1,2,82,17,21,60,149,62,1787,22,892235,David Carmo,david-carmo,Real Oviedo,La Liga,Defender,2025/26,0.0504,0.0,0.0458,0.0237,0.5036,0.3525,0.0504,0.1007,4.1298,0.8562,1.0576,3.0218,7.5042,3.1226
1,0,0.89,0.24,4,5,1,7,60,20,27,69,113,51,2075,25,345333,David Costas,david-costas,Real Oviedo,La Liga,Defender,2025/26,0.0434,0.0,0.0386,0.0104,0.1735,0.2169,0.0434,0.3036,2.6024,0.8675,1.1711,2.9928,4.9012,2.212
1,0,0.3,0.21,5,3,0,6,29,7,16,54,84,41,1236,15,606346,Eric Bailly,eric-bailly,Real Oviedo,La Liga,Defender,2025/26,0.0728,0.0,0.0218,0.0153,0.3641,0.2184,0.0,0.4369,2.1117,0.5097,1.165,3.932,6.1165,2.9854
9,1,8.69,1.93,57,27,5,49,133,33,14,89,28,93,2451,33,976104,Federico Viñas,federico-vinas,Real Oviedo,La Liga,Forward,2025/26,0.3305,0.0367,0.3191,0.0709,2.093,0.9914,0.1836,1.7993,4.8837,1.2118,0.5141,3.2681,1.0282,3.4149
0,3,1.59,3.22,34,20,2,61,122,26,6,72,11,2,1943,37,942836,Haissem Hassan,haissem-hassan,Real Oviedo,La Liga,Midfielder,2025/26,0.0,0.139,0.0736,0.1492,1.5749,0.9264,0.0926,2.8255,5.6511,1.2043,0.2779,3.335,0.5095,0.0926
6,2,6.82,1.52,80,18,3,34,187,35,5,114,11,21,2458,36,1008037,Ilyas Chaira,ilyas-chaira,Real Oviedo,La Liga,Midfielder,2025/26,0.2197,0.0732,0.2497,0.0557,2.9292,0.6591,0.1098,1.2449,6.847,1.2815,0.1831,4.1741,0.4028,0.7689
0,1,0.48,1.45,7,18,2,18,115,23,20,104,55,14,1726,25,945404,Javi López,lopez-javi,Real Oviedo,La Liga,Defender,2025/26,0.0,0.0521,0.025,0.0756,0.365,0.9386,0.1043,0.9386,5.9965,1.1993,1.0429,5.4229,2.8679,0.73
0,0,0.29,1.12,9,11,3,4,66,7,3,25,1,0,483,14,357598,Josip Brekalo,josip-brekalo,Real Oviedo,La Liga,Midfielder,2025/26,0.0,0.0,0.054,0.2087,1.677,2.0497,0.559,0.7453,12.2981,1.3043,0.559,4.6584,0.1863,0.0
0,0,0.36,0.25,9,3,0,4,89,21,15,82,36,14,1689,26,905639,Kwasi Sibo,kwasi-sibo,Real Oviedo,La Liga,Midfielder,2025/26,0.0,0.0,0.0192,0.0133,0.4796,0.1599,0.0,0.2131,4.7425,1.119,0.7993,4.3694,1.9183,0.746
1,0,0.8,0.46,9,6,0,4,91,25,12,54,34,23,1339,19,190405,Leander Dendoncker,leander-dendoncker,Real Oviedo,La Liga,Midfielder,2025/26,0.0672,0.0,0.0538,0.0309,0.6049,0.4033,0.0,0.2689,6.1165,1.6804,0.8066,3.6296,2.2853,1.5459
0,1,0.94,1.11,10,9,2,16,79,30,17,49,31,7,1100,20,597876,Lucas Ahijado,lucas-ahijado,Real Oviedo,La Liga,Defender,2025/26,0.0,0.0818,0.0769,0.0908,0.8182,0.7364,0.1636,1.3091,6.4636,2.4545,1.3909,4.0091,2.5364,0.5727
1,0,0.69,0.52,9,3,0,4,53,5,5,31,8,6,756,19,885664,Luka Ilić,luka-ilic,Real Oviedo,La Liga,Midfielder,2025/26,0.119,0.0,0.0821,0.0619,1.0714,0.3571,0.0,0.4762,6.3095,0.5952,0.5952,3.6905,0.9524,0.7143
0,0,2.23,0.78,16,7,0,14,131,30,31,81,79,22,2277,29,844752,Nacho Vidal,nacho-vidal,Real Oviedo,La Liga,Defender,2025/26,0.0,0.0,0.0881,0.0308,0.6324,0.2767,0.0,0.5534,5.1779,1.1858,1.2253,3.2016,3.1225,0.8696
0,0,0.35,0.33,8,3,0,2,76,25,17,51,16,6,1019,19,944629,Nicolas Fonseca,nicolas-fonseca,Real Oviedo,La Liga,Midfielder,2025/26,0.0,0.0,0.0309,0.0291,0.7066,0.265,0.0,0.1766,6.7125,2.208,1.5015,4.5044,1.4132,0.5299
2,0,3.03,0.33,24,5,0,9,40,0,1,28,12,45,1037,16,35532,Salomón Rondón,salomon-rondon,Real Oviedo,La Liga,Forward,2025/26,0.1736,0.0,0.263,0.0286,2.0829,0.4339,0.0,0.7811,3.4716,0.0,0.0868,2.4301,1.0415,3.9055
0,1,0.36,2.18,7,27,3,13,160,9,4,59,7,6,940,28,17651,Santi Cazorla,santi-cazorla,Real Oviedo,La Liga,Midfielder,2025/26,0.0,0.0957,0.0345,0.2087,0.6702,2.5851,0.2872,1.2447,15.3191,0.8617,0.383,5.6489,0.6702,0.5745
0,1,0.63,1.99,15,24,3,5,203,23,14,102,41,12,2069,32,822379,Santiago Colombatto,santiago-colombatto,Real Oviedo,La Liga,Midfielder,2025/26,0.0,0.0435,0.0274,0.0866,0.6525,1.044,0.1305,0.2175,8.8304,1.0005,0.609,4.4369,1.7835,0.522
0,4,0.54,2.4,13,10,4,20,77,7,5,40,3,2,822,16,1201412,Thiago Fernández,thiago-fernandez,Real Oviedo,La Liga,Midfielder,2025/26,0.0,0.438,0.0591,0.2628,1.4234,1.0949,0.438,2.1898,8.4307,0.7664,0.5474,4.3796,0.3285,0.219
0,1,1.21,0.06,8,1,0,3,15,1,1,11,1,4,382,18,1086128,Álex Forés,alex-fores,Real Oviedo,La Liga,Forward,2025/26,0.0,0.2356,0.2851,0.0141,1.8848,0.2356,0.0,0.7068,3.534,0.2356,0.2356,2.5916,0.2356,0.9424
1,0,0.48,0.52,6,5,0,4,65,18,5,29,35,8,885,21,966441,Aihen Muñoz,aihen-munoz,Real Sociedad,La Liga,Defender,2025/26,0.1017,0.0,0.0488,0.0529,0.6102,0.5085,0.0,0.4068,6.6102,1.8305,0.5085,2.9492,3.5593,0.8136
3,5,2.62,4.67,34,44,11,55,249,18,15,107,11,9,1769,30,966862,Ander Barrenetxea,ander-barrenetxea,Real Sociedad,La Liga,Midfielder,2025/26,0.1526,0.2544,0.1333,0.2376,1.7298,2.2386,0.5596,2.7982,12.6682,0.9158,0.7631,5.4438,0.5596,0.4579
0,1,0.36,0.09,4,1,0,0,45,8,10,29,37,18,725,16,785468,Aritz Elustondo,aritz-elustondo,Real Sociedad,La Liga,Defender,2025/26,0.0,0.1241,0.0447,0.0112,0.4966,0.1241,0.0,0.0,5.5862,0.9931,1.2414,3.6,4.5931,2.2345
0,0,1.02,1.26,14,10,3,1,77,5,2,16,1,2,448,17,1066045,Arsen Zakharyan,arsen-zakharyan,Real Sociedad,La Liga,Midfielder,2025/26,0.0,0.0,0.2049,0.2531,2.8125,2.0089,0.6027,0.2009,15.4688,1.0045,0.4018,3.2143,0.2009,0.4018
0,3,0.79,0.72,20,12,1,20,127,23,9,78,26,12,1367,27,980410,Beñat Turrientes,benat-turrientes,Real Sociedad,La Liga,Midfielder,2025/26,0.0,0.1975,0.052,0.0474,1.3168,0.7901,0.0658,1.3168,8.3614,1.5143,0.5925,5.1353,1.7118,0.7901
6,2,5.8,2.73,36,25,6,21,273,19,7,87,9,30,1672,29,845385,Brais Méndez,brais-mendez,Real Sociedad,La Liga,Midfielder,2025/26,0.323,0.1077,0.3122,0.1469,1.9378,1.3457,0.323,1.1304,14.695,1.0227,0.3768,4.683,0.4844,1.6148
4,3,2.72,3.88,35,46,9,13,331,21,15,89,26,8,2332,33,832427,Carlos Soler,carlos-soler,Real Sociedad,La Liga,Midfielder,2025/26,0.1544,0.1158,0.105,0.1497,1.3508,1.7753,0.3473,0.5017,12.7744,0.8105,0.5789,3.4348,1.0034,0.3087
1,0,1.16,0.61,13,3,0,0,77,14,28,79,129,84,2152,27,257091,Duje Ćaleta-Car,duje-caleta-car,Real Sociedad,La Liga,Defender,2025/26,0.0418,0.0,0.0485,0.0255,0.5437,0.1255,0.0,0.0,3.2203,0.5855,1.171,3.3039,5.395,3.513
8,4,3.86,2.9,46,25,6,18,203,16,4,57,6,11,1839,32,280979,Gonçalo Guedes,goncalo-guedes,Real Sociedad,La Liga,Midfielder,2025/26,0.3915,0.1958,0.1889,0.1419,2.2512,1.2235,0.2936,0.8809,9.9347,0.783,0.1958,2.7896,0.2936,0.5383
0,1,0.26,0.45,6,5,1,1,73,21,22,67,149,48,2088,25,838159,Igor Zubeldia,igor-zubeldia,Real Sociedad,La Liga,Defender,2025/26,0.0,0.0431,0.0112,0.0194,0.2586,0.2155,0.0431,0.0431,3.1466,0.9052,0.9483,2.8879,6.4224,2.069
1,0,1.91,0.9,21,11,0,11,231,64,47,120,95,50,2788,35,1116388,Jon Aramburu,jon-aramburu,Real Sociedad,La Liga,Defender,2025/26,0.0323,0.0,0.0617,0.0291,0.6779,0.3551,0.0,0.3551,7.457,2.066,1.5172,3.8737,3.0667,1.6141
1,3,0.79,0.61,13,18,2,10,220,27,35,125,45,30,2215,30,1216309,Jon Gorrotxategi,jon-gorrotxategi,Real Sociedad,La Liga,Midfielder,2025/26,0.0406,0.1219,0.0321,0.0248,0.5282,0.7314,0.0813,0.4063,8.9391,1.0971,1.4221,5.079,1.8284,1.219
2,0,1.99,0.19,15,2,0,8,85,15,34,82,159,84,2250,25,1466116,Jon Martin,vicente-jon-martin,Real Sociedad,La Liga,Defender,2025/26,0.08,0.0,0.0796,0.0076,0.6,0.08,0.0,0.32,3.4,0.6,1.36,3.28,6.36,3.36
3,1,1.98,0.61,23,9,0,14,92,8,5,43,15,16,1018,22,949156,Luka Sučić,luka-sucic,Real Sociedad,La Liga,Midfielder,2025/26,0.2652,0.0884,0.175,0.0539,2.0334,0.7957,0.0,1.2377,8.1336,0.7073,0.442,3.8016,1.3261,1.4145
15,4,15.24,3.63,79,42,13,36,234,20,4,93,28,39,2714,34,823622,Mikel Oyarzabal,mikel-oyarzabal,Real Sociedad,La Liga,Forward,2025/26,0.4974,0.1326,0.5054,0.1204,2.6197,1.3928,0.4311,1.1938,7.7598,0.6632,0.1326,3.084,0.9285,1.2933
9,0,6.1,0.21,27,5,2,3,31,5,1,12,6,16,842,20,1026015,Orri Óskarsson,orri-steinn-oskarsson,Real Sociedad,La Liga,Forward,2025/26,0.962,0.0,0.652,0.0224,2.886,0.5344,0.2138,0.3207,3.3135,0.5344,0.1069,1.2827,0.6413,1.7102
0,1,1.25,1.29,13,13,2,17,83,16,8,60,16,8,1511,34,1139409,Pablo Marín,pablo-marin,Real Sociedad,La Liga,Midfielder,2025/26,0.0,0.0596,0.0745,0.0768,0.7743,0.7743,0.1191,1.0126,4.9437,0.953,0.4765,3.5738,0.953,0.4765
0,6,1.09,5.71,12,45,14,13,330,52,31,150,72,21,2705,35,855835,Sergio Gómez,sergio-gomez,Real Sociedad,La Liga,Defender,2025/26,0.0,0.1996,0.0363,0.19,0.3993,1.4972,0.4658,0.4325,10.9797,1.7301,1.0314,4.9908,2.3956,0.6987
2,4,2.39,3.52,28,33,7,37,163,19,11,53,10,7,1508,24,880218,Takefusa Kubo,takefusa-kubo,Real Sociedad,La Liga,Midfielder,2025/26,0.1194,0.2387,0.1426,0.2101,1.6711,1.9695,0.4178,2.2082,9.7281,1.134,0.6565,3.1631,0.5968,0.4178
0,0,0.4,0.39,6,2,0,5,51,7,2,25,22,26,642,14,839585,Yangel Herrera,yangel-herrera,Real Sociedad,La Liga,Midfielder,2025/26,0.0,0.0,0.0561,0.0547,0.8411,0.2804,0.0,0.7009,7.1495,0.9813,0.2804,3.5047,3.0841,3.6449
0,0,0.25,0.89,7,11,0,8,57,4,1,20,3,0,320,12,328145,Adnan Januzaj,adnan-januzaj,Sevilla,La Liga,Midfielder,2025/26,0.0,0.0,0.0703,0.2503,1.9687,3.0938,0.0,2.25,16.0312,1.125,0.2812,5.625,0.8438,0.0
10,3,10.0,1.14,61,13,1,16,90,4,1,48,26,56,2070,32,946381,Akor Adams,akor-adams,Sevilla,La Liga,Forward,2025/26,0.4348,0.1304,0.4348,0.0496,2.6522,0.5652,0.0435,0.6957,3.913,0.1739,0.0435,2.087,1.1304,2.4348
4,2,3.81,1.72,25,26,1,8,162,13,7,64,4,14,1305,28,34120,Alexis Sánchez,alexis-sanchez,Sevilla,La Liga,Forward,2025/26,0.2759,0.1379,0.2628,0.1186,1.7241,1.7931,0.069,0.5517,11.1724,0.8966,0.4828,4.4138,0.2759,0.9655
1,0,0.43,0.17,10,2,0,9,58,14,20,65,83,27,1281,19,1428699,Andrés Castrin,andres-castrin,Sevilla,La Liga,Defender,2025/26,0.0703,0.0,0.0302,0.0119,0.7026,0.1405,0.0,0.6323,4.0749,0.9836,1.4052,4.5667,5.8314,1.897
1,0,1.14,0.49,17,9,0,10,140,23,18,93,24,16,1624,27,859021,Batista Mendy,batista-mendy,Sevilla,La Liga,Midfielder,2025/26,0.0554,0.0,0.0632,0.0272,0.9421,0.4988,0.0,0.5542,7.7586,1.2746,0.9975,5.1539,1.33,0.8867
1,1,1.59,0.9,23,13,1,57,123,12,6,61,3,5,954,27,875890,Chidera Ejuke,chidera-ejuke,Sevilla,La Liga,Forward,2025/26,0.0943,0.0943,0.15,0.0849,2.1698,1.2264,0.0943,5.3774,11.6038,1.1321,0.566,5.7547,0.283,0.4717
0,1,0.01,0.64,1,3,1,2,78,19,22,40,40,22,1218,17,21555,César Azpilicueta,cesar-azpilicueta,Sevilla,La Liga,Defender,2025/26,0.0,0.0739,0.0007,0.0473,0.0739,0.2217,0.0739,0.1478,5.7635,1.4039,1.6256,2.9557,2.9557,1.6256
5,4,1.8,1.81,19,24,2,7,205,25,22,86,9,15,2195,33,799054,Djibril Sow,djibril-sow,Sevilla,La Liga,Midfielder,2025/26,0.205,0.164,0.0738,0.0742,0.779,0.9841,0.082,0.287,8.4055,1.0251,0.9021,3.5262,0.369,0.615
0,1,0.47,4.28,5,36,5,15,241,64,30,111,47,13,2096,29,818986,Gabriel Suazo,gabriel-suazo,Sevilla,La Liga,Defender,2025/26,0.0,0.0429,0.0202,0.1838,0.2147,1.5458,0.2147,0.6441,10.3483,2.7481,1.2882,4.7662,2.0181,0.5582
4,0,5.26,0.56,41,14,2,10,81,10,6,61,19,23,1498,29,1018190,Isaac Romero,romero-isaac,Sevilla,La Liga,Forward,2025/26,0.2403,0.0,0.316,0.0336,2.4633,0.8411,0.1202,0.6008,4.8665,0.6008,0.3605,3.6649,1.1415,1.3818
1,3,0.77,1.87,20,22,4,19,225,40,39,146,71,45,2564,35,1015240,José Ángel Carmona,jose-angel-carmona,Sevilla,La Liga,Defender,2025/26,0.0351,0.1053,0.027,0.0656,0.702,0.7722,0.1404,0.6669,7.8978,1.4041,1.369,5.1248,2.4922,1.5796
0,3,0.81,2.93,14,22,5,27,220,42,12,103,32,18,2002,32,1010655,Juanlu Sánchez,juanlu-sanchez,Sevilla,La Liga,Midfielder,2025/26,0.0,0.1349,0.0364,0.1317,0.6294,0.989,0.2248,1.2138,9.8901,1.8881,0.5395,4.6304,1.4386,0.8092
2,0,1.55,0.55,19,7,0,8,124,34,37,109,163,96,2208,26,1097719,Kike Salas,kike-salas,Sevilla,La Liga,Defender,2025/26,0.0815,0.0,0.0632,0.0224,0.7745,0.2853,0.0,0.3261,5.0543,1.3859,1.5082,4.4429,6.644,3.913
1,3,0.89,1.52,15,29,8,11,332,44,48,140,40,54,2693,34,960006,Lucien Agoumé,lucien-agoume,Sevilla,La Liga,Midfielder,2025/26,0.0334,0.1003,0.0297,0.0508,0.5013,0.9692,0.2674,0.3676,11.0954,1.4705,1.6042,4.6788,1.3368,1.8047
0,0,0.71,0.07,10,0,0,1,31,5,5,32,59,27,943,13,840951,Marcão,marcao,Sevilla,La Liga,Defender,2025/26,0.0,0.0,0.0678,0.0067,0.9544,0.0,0.0,0.0954,2.9586,0.4772,0.4772,3.0541,5.631,2.5769
2,1,1.75,0.36,17,14,0,4,59,2,1,20,2,9,870,12,268903,Neal Maupay,neal-maupay,Sevilla,La Liga,Forward,2025/26,0.2069,0.1034,0.181,0.0372,1.7586,1.4483,0.0,0.4138,6.1034,0.2069,0.1034,2.069,0.2069,0.931
2,0,1.33,0.4,31,7,1,5,101,23,25,80,127,43,2370,34,68332,Nemanja Gudelj,nemanja-gudelj,Sevilla,La Liga,Midfielder,2025/26,0.0759,0.0,0.0505,0.0152,1.1772,0.2658,0.038,0.1899,3.8354,0.8734,0.9494,3.038,4.8228,1.6329
2,3,1.3,1.35,17,21,3,17,119,20,7,54,17,15,1409,21,1534422,Oso,oso,Sevilla,La Liga,Midfielder,2025/26,0.1278,0.1916,0.083,0.0862,1.0859,1.3414,0.1916,1.0859,7.6011,1.2775,0.4471,3.4493,1.0859,0.9581
2,1,1.0,0.74,15,15,0,18,116,8,1,41,2,17,1012,26,997033,Peque Fernández,peque-fernandez,Sevilla,La Liga,Midfielder,2025/26,0.1779,0.0889,0.0889,0.0658,1.334,1.334,0.0,1.6008,10.3162,0.7115,0.0889,3.6462,0.1779,1.5119
3,6,3.17,2.37,41,28,4,21,160,15,7,81,13,20,1608,24,872919,Rubén Vargas,ruben-vargas,Sevilla,La Liga,Midfielder,2025/26,0.1679,0.3358,0.1774,0.1326,2.2948,1.5672,0.2239,1.1754,8.9552,0.8396,0.3918,4.5336,0.7276,1.1194
0,0,0.48,0.04,9,2,0,2,26,8,4,18,50,23,648,12,1003007,Tanguy Nianzou,tanguy-nianzou,Sevilla,La Liga,Defender,2025/26,0.0,0.0,0.0667,0.0056,1.25,0.2778,0.0,0.2778,3.6111,1.1111,0.5556,2.5,6.9444,3.1944
0,2,0.59,1.87,9,18,4,15,207,11,10,49,5,3,1035,22,845693,André Almeida,andre-almeida,Valencia,La Liga,Midfielder,2025/26,0.0,0.1739,0.0513,0.1626,0.7826,1.5652,0.3478,1.3043,18.0,0.9565,0.8696,4.2609,0.4348,0.2609
3,2,4.66,3.47,36,17,6,27,102,11,2,66,6,8,1627,30,827064,Arnaut Danjuma,arnaut-danjuma,Valencia,La Liga,Forward,2025/26,0.1659,0.1106,0.2578,0.1919,1.9914,0.9404,0.3319,1.4935,5.6423,0.6085,0.1106,3.6509,0.3319,0.4425
1,1,0.37,0.81,6,4,2,6,79,5,7,43,30,18,775,19,344751,Baptiste Santamaria,baptiste-santamaria,Valencia,La Liga,Midfielder,2025/26,0.1161,0.1161,0.043,0.0941,0.6968,0.4645,0.2323,0.6968,9.1742,0.5806,0.8129,4.9935,3.4839,2.0903
0,0,0.61,0.13,11,2,0,10,59,23,29,83,194,62,2597,32,996928,César Tárrega,cesar-tarrega,Valencia,La Liga,Defender,2025/26,0.0,0.0,0.0211,0.0045,0.3812,0.0693,0.0,0.3466,2.0447,0.7971,1.005,2.8764,6.7231,2.1486
4,1,2.72,2.23,28,17,4,13,143,15,10,79,11,25,1777,34,998950,Diego López,diego-lopez,Valencia,La Liga,Midfielder,2025/26,0.2026,0.0506,0.1378,0.1129,1.4181,0.861,0.2026,0.6584,7.2425,0.7597,0.5065,4.0011,0.5571,1.2662
0,0,0.57,0.27,6,6,0,10,70,9,8,55,40,11,1157,15,151138,Dimitri Foulquier,dimitri-foulquier,Valencia,La Liga,Defender,2025/26,0.0,0.0,0.0443,0.021,0.4667,0.4667,0.0,0.7779,5.4451,0.7001,0.6223,4.2783,3.1115,0.8557
2,1,1.19,0.52,11,6,1,0,60,15,20,46,88,17,1339,17,814023,Eray Cömert,eray-comert,Valencia,La Liga,Defender,2025/26,0.1344,0.0672,0.08,0.035,0.7394,0.4033,0.0672,0.0,4.0329,1.0082,1.3443,3.0919,5.9149,1.1426
0,3,0.96,2.68,20,23,6,18,157,15,11,79,33,16,1513,27,857482,Filip Ugrinić,filip-ugrinic,Valencia,La Liga,Midfielder,2025/26,0.0,0.1785,0.0571,0.1594,1.1897,1.3681,0.3569,1.0707,9.3391,0.8923,0.6543,4.6993,1.963,0.9518
4,0,1.0,0.83,15,7,1,10,147,27,10,80,40,19,1308,16,609752,Guido Rodríguez,guido-rodriguez,Valencia,La Liga,Midfielder,2025/26,0.2752,0.0,0.0688,0.0571,1.0321,0.4817,0.0688,0.6881,10.1147,1.8578,0.6881,5.5046,2.7523,1.3073
10,0,8.84,0.84,36,17,2,3,76,10,4,39,21,45,1989,36,909119,Hugo Duro,hugo-duro,Valencia,La Liga,Forward,2025/26,0.4525,0.0,0.4,0.038,1.629,0.7692,0.0905,0.1357,3.4389,0.4525,0.181,1.7647,0.9502,2.0362
4,6,3.35,2.77,31,32,6,26,215,17,24,107,25,14,2086,36,1122610,Javier Guerra,javier-guerra,Valencia,La Liga,Midfielder,2025/26,0.1726,0.2589,0.1445,0.1195,1.3375,1.3806,0.2589,1.1218,9.2761,0.7335,1.0355,4.6165,1.0786,0.604
0,0,0.3,0.77,8,14,2,21,80,10,4,54,32,11,970,24,996929,Jesús Vázquez,jesus-vazquez,Valencia,La Liga,Defender,2025/26,0.0,0.0,0.0278,0.0714,0.7423,1.299,0.1856,1.9485,7.4227,0.9278,0.3711,5.0103,2.9691,1.0206
0,0,1.54,0.61,13,5,0,7,109,16,22,51,112,36,1768,21,913695,José Copete,jose-copete,Valencia,La Liga,Defender,2025/26,0.0,0.0,0.0784,0.0311,0.6618,0.2545,0.0,0.3563,5.5486,0.8145,1.1199,2.5962,5.7014,1.8326
1,2,0.81,2.49,13,25,3,11,202,43,23,106,86,23,2461,32,227922,José Luis Gayà,jose-luis-gaya,Valencia,La Liga,Defender,2025/26,0.0366,0.0731,0.0296,0.0911,0.4754,0.9143,0.1097,0.4023,7.3872,1.5725,0.8411,3.8765,3.1451,0.8411
6,1,6.94,2.17,51,16,4,22,105,12,14,51,8,3,1250,27,909966,Largie Ramazani,largie-ramazani,Valencia,La Liga,Forward,2025/26,0.432,0.072,0.4997,0.1562,3.672,1.152,0.288,1.584,7.56,0.864,1.008,3.672,0.576,0.216
1,2,4.05,1.49,34,13,4,16,124,11,4,50,13,25,1366,27,962029,Lucas Beltrán,lucas-beltran,Valencia,La Liga,Forward,2025/26,0.0659,0.1318,0.2668,0.0982,2.2401,0.8565,0.2635,1.0542,8.1698,0.7247,0.2635,3.2943,0.8565,1.6471
3,6,2.29,4.65,43,39,7,36,262,26,18,103,34,4,2636,37,900433,Luis Rioja,luis-rioja,Valencia,La Liga,Midfielder,2025/26,0.1024,0.2049,0.0782,0.1588,1.4681,1.3316,0.239,1.2291,8.9454,0.8877,0.6146,3.5167,1.1608,0.1366
1,0,0.53,0.07,4,1,0,1,17,6,10,22,43,16,544,8,797306,Mouctar Diakhaby,mouctar-diakhaby,Valencia,La Liga,Defender,2025/26,0.1654,0.0,0.0877,0.0116,0.6618,0.1654,0.0,0.1654,2.8125,0.9926,1.6544,3.6397,7.114,2.6471
2,0,3.57,2.1,24,21,1,8,254,33,21,141,66,30,2232,31,826948,Pepelu,pepelu,Valencia,La Liga,Midfielder,2025/26,0.0806,0.0,0.144,0.0847,0.9677,0.8468,0.0403,0.3226,10.2419,1.3306,0.8468,5.6855,2.6613,1.2097
0,0,0.04,0.05,1,1,0,2,23,5,7,19,10,3,353,5,315916,Renzo Saravia,renzo-saravia,Valencia,La Liga,Defender,2025/26,0.0,0.0,0.0102,0.0127,0.255,0.255,0.0,0.5099,5.864,1.2748,1.7847,4.8442,2.5496,0.7649
0,2,0.35,1.87,5,13,3,8,145,23,17,56,27,14,1394,24,851282,Thierry Correia,thierry-correia,Valencia,La Liga,Defender,2025/26,0.0,0.1291,0.0226,0.1207,0.3228,0.8393,0.1937,0.5165,9.3615,1.4849,1.0976,3.6155,1.7432,0.9039
4,2,3.48,1.48,29,10,3,15,51,6,1,32,5,27,1061,25,754710,Umar Sadiq,umar-sadiq,Valencia,La Liga,Forward,2025/26,0.3393,0.1697,0.2952,0.1255,2.4599,0.8483,0.2545,1.2724,4.3261,0.509,0.0848,2.7144,0.4241,2.2903
0,0,0.42,0.5,9,2,0,0,37,12,11,40,43,14,921,13,892521,Unai Núñez,unai-nunez,Valencia,La Liga,Defender,2025/26,0.0,0.0,0.041,0.0489,0.8795,0.1954,0.0,0.0,3.6156,1.1726,1.0749,3.9088,4.202,1.3681
10,5,5.77,3.74,46,37,9,33,263,20,12,111,13,3,2490,37,1012444,Alberto Moleiro,alberto-moleiro,Villarreal,La Liga,Midfielder,2025/26,0.3614,0.1807,0.2086,0.1352,1.6627,1.3373,0.3253,1.1928,9.506,0.7229,0.4337,4.012,0.4699,0.1084
0,0,0.02,0.06,1,1,0,3,32,8,4,19,16,6,356,9,1184541,Alexander Freeman,alexander-freeman,Villarreal,La Liga,Defender,2025/26,0.0,0.0,0.0051,0.0152,0.2528,0.2528,0.0,0.7584,8.0899,2.0225,1.0112,4.8034,4.0449,1.5169
2,0,1.75,0.4,17,9,0,6,51,1,2,25,7,2,655,20,1468090,Alfon González,alfon-gonzalez,Villarreal,La Liga,Forward,2025/26,0.2748,0.0,0.2405,0.055,2.3359,1.2366,0.0,0.8244,7.0076,0.1374,0.2748,3.4351,0.9618,0.2748
1,3,1.13,2.71,11,21,6,20,108,30,29,82,39,3,1690,27,797290,Alfonso Pedraza,alfonso-pedraza,Villarreal,La Liga,Defender,2025/26,0.0533,0.1598,0.0602,0.1443,0.5858,1.1183,0.3195,1.0651,5.7515,1.5976,1.5444,4.3669,2.0769,0.1598
5,4,5.38,1.08,24,16,3,13,82,11,4,23,9,15,1127,25,345195,Ayoze Pérez,ayoze-perez,Villarreal,La Liga,Forward,2025/26,0.3993,0.3194,0.4296,0.0862,1.9166,1.2777,0.2396,1.0382,6.5484,0.8784,0.3194,1.8367,0.7187,1.1979
1,0,0.96,1.35,3,26,3,8,187,28,12,68,15,8,1398,32,39182,Dani Parejo,dani-parejo,Villarreal,La Liga,Midfielder,2025/26,0.0644,0.0,0.0618,0.0869,0.1931,1.6738,0.1931,0.515,12.0386,1.8026,0.7725,4.3777,0.9657,0.515
13,6,11.42,2.49,65,28,7,32,133,4,5,40,6,10,2117,32,1009372,Georges Mikautadze,georges-mikautadze,Villarreal,La Liga,Forward,2025/26,0.5527,0.2551,0.4855,0.1059,2.7633,1.1904,0.2976,1.3604,5.6542,0.1701,0.2126,1.7005,0.2551,0.4251
10,0,6.3,2.27,39,23,4,17,167,8,4,41,17,19,1350,22,146866,Gerard Moreno,gerard-moreno,Villarreal,La Liga,Forward,2025/26,0.6667,0.0,0.42,0.1513,2.6,1.5333,0.2667,1.1333,11.1333,0.5333,0.2667,2.7333,1.1333,1.2667
0,0,0.12,0.18,2,0,0,3,45,13,16,46,56,9,936,13,873189,Juan Foyth,juan-foyth,Villarreal,La Liga,Defender,2025/26,0.0,0.0,0.0115,0.0173,0.1923,0.0,0.0,0.2885,4.3269,1.25,1.5385,4.4231,5.3846,0.8654
8,8,8.26,6.38,63,57,13,59,334,21,16,110,24,18,2396,36,593526,Nicolas Pépé,nicolas-pepe,Villarreal,La Liga,Forward,2025/26,0.3005,0.3005,0.3103,0.2396,2.3664,2.1411,0.4883,2.2162,12.5459,0.7888,0.601,4.1319,0.9015,0.6761
5,2,3.96,2.81,47,24,3,15,249,23,34,111,59,24,2143,30,879694,Pape Gueye,pape-gueye,Villarreal,La Liga,Midfielder,2025/26,0.21,0.084,0.1663,0.118,1.9739,1.0079,0.126,0.63,10.4573,0.9659,1.4279,4.6617,2.4778,1.0079
0,0,0.07,0.18,2,4,1,7,63,35,18,59,108,26,1924,23,1525863,Pau Navarro,pau-navarro,Villarreal,La Liga,Defender,2025/26,0.0,0.0,0.0033,0.0084,0.0936,0.1871,0.0468,0.3274,2.947,1.6372,0.842,2.7599,5.052,1.2162
1,0,0.37,0.65,5,7,2,2,94,22,18,62,141,40,1980,23,984623,Rafa Marín,rafa-marin,Villarreal,La Liga,Defender,2025/26,0.0455,0.0,0.0168,0.0295,0.2273,0.3182,0.0909,0.0909,4.2727,1.0,0.8182,2.8182,6.4091,1.8182
0,0,0.28,0.33,9,3,0,0,132,9,23,87,156,49,2485,32,1087359,Renato Veiga,renato-veiga,Villarreal,La Liga,Defender,2025/26,0.0,0.0,0.0101,0.012,0.326,0.1087,0.0,0.0,4.7807,0.326,0.833,3.1509,5.6499,1.7746
3,6,4.17,3.5,27,27,3,11,274,23,28,133,54,35,2413,34,843678,Santi Comesaña,santi-comesana,Villarreal,La Liga,Midfielder,2025/26,0.1119,0.2238,0.1555,0.1305,1.007,1.007,0.1119,0.4103,10.2196,0.8579,1.0443,4.9606,2.0141,1.3054
1,2,1.08,0.46,15,8,1,14,162,66,29,142,127,38,2384,28,1468046,Santiago Mouriño,santiago-mourino,Villarreal,La Liga,Defender,2025/26,0.0378,0.0755,0.0408,0.0174,0.5663,0.302,0.0378,0.5285,6.1158,2.4916,1.0948,5.3607,4.7945,1.4346
1,4,1.01,2.63,18,21,4,4,159,31,36,73,58,20,1969,31,986245,Sergi Cardona,sergi-cardona,Villarreal,La Liga,Defender,2025/26,0.0457,0.1828,0.0462,0.1202,0.8228,0.9599,0.1828,0.1828,7.2676,1.417,1.6455,3.3367,2.6511,0.9142
7,1,2.06,2.03,27,17,5,21,150,19,21,108,16,3,1835,34,973290,Tajon Buchanan,tajon-buchanan,Villarreal,La Liga,Midfielder,2025/26,0.3433,0.049,0.101,0.0996,1.3243,0.8338,0.2452,1.03,7.3569,0.9319,1.03,5.297,0.7847,0.1471
2,2,3.38,0.48,16,6,3,9,32,5,1,17,8,22,922,27,1172477,Tani Oluwaseyi,oluwaseyi-tani,Villarreal,La Liga,Forward,2025/26,0.1952,0.1952,0.3299,0.0469,1.5618,0.5857,0.2928,0.8785,3.1236,0.4881,0.0976,1.6594,0.7809,2.1475
0,0,0.7,0.44,11,8,0,8,104,6,14,55,18,14,930,25,316148,Thomas Partey,thomas-partey,Villarreal,La Liga,Midfielder,2025/26,0.0,0.0,0.0677,0.0426,1.0645,0.7742,0.0,0.7742,10.0645,0.5806,1.3548,5.3226,1.7419,1.3548
0,1,0.46,0.68,5,8,3,3,116,9,9,28,25,12,713,12,846036,Ben White,ben-white,Arsenal,Premier League,Defender,2025/26,0.0,0.1262,0.0581,0.0858,0.6311,1.0098,0.3787,0.3787,14.6424,1.136,1.136,3.5344,3.1557,1.5147
7,5,7.55,7.16,71,63,12,50,341,21,16,117,11,22,2225,31,934235,Bukayo Saka,bukayo-saka,Arsenal,Premier League,Forward,2025/26,0.2831,0.2022,0.3054,0.2896,2.8719,2.5483,0.4854,2.0225,13.7933,0.8494,0.6472,4.7326,0.4449,0.8899
0,0,0.1,0.63,1,5,0,1,106,19,8,34,47,20,1003,20,1144630,Cristhian Mosquera,cristhian-mosquera,Arsenal,Premier League,Defender,2025/26,0.0,0.0,0.009,0.0565,0.0897,0.4487,0.0,0.0897,9.5115,1.7049,0.7178,3.0508,4.2173,1.7946
4,5,3.17,6.96,40,64,17,14,534,35,37,180,78,50,3099,36,856714,Declan Rice,declan-rice,Arsenal,Premier League,Midfielder,2025/26,0.1162,0.1452,0.0921,0.2021,1.1617,1.8587,0.4937,0.4066,15.5082,1.0165,1.0745,5.2275,2.2652,1.4521
7,2,5.05,2.66,63,16,4,29,228,14,11,79,10,10,1900,33,864921,Eberechi Eze,eberechi-eze,Arsenal,Premier League,Midfielder,2025/26,0.3316,0.0947,0.2392,0.126,2.9842,0.7579,0.1895,1.3737,10.8,0.6632,0.5211,3.7421,0.4737,0.4737
3,0,2.69,0.27,19,3,0,8,40,0,3,19,5,10,421,14,794839,Gabriel Jesus,gabriel-jesus,Arsenal,Premier League,Forward,2025/26,0.6413,0.0,0.5751,0.0577,4.0618,0.6413,0.0,1.7102,8.5511,0.0,0.6413,4.0618,1.0689,2.1378
3,4,2.93,1.82,27,7,5,1,205,20,23,64,182,99,2751,32,869792,Gabriel Magalhães,gabriel-magalhaes,Arsenal,Premier League,Defender,2025/26,0.0981,0.1309,0.0959,0.0595,0.8833,0.229,0.1636,0.0327,6.7067,0.6543,0.7525,2.0938,5.9542,3.2388
1,4,3.99,1.26,29,13,4,22,86,8,1,52,10,8,1079,30,922573,Gabriel Martinelli,gabriel-martinelli,Arsenal,Premier League,Forward,2025/26,0.0834,0.3336,0.3328,0.1051,2.4189,1.0843,0.3336,1.835,7.1733,0.6673,0.0834,4.3373,0.8341,0.6673
3,5,4.77,1.61,25,27,4,13,344,37,24,97,53,40,2457,30,958959,Jurriën Timber,jurrien-timber,Arsenal,Premier League,Defender,2025/26,0.1099,0.1832,0.1747,0.059,0.9158,0.989,0.1465,0.4762,12.6007,1.3553,0.8791,3.5531,1.9414,1.4652
2,3,3.31,0.66,18,11,2,3,63,5,1,14,8,17,583,12,836705,Kai Havertz,kai-havertz,Arsenal,Premier League,Forward,2025/26,0.3087,0.4631,0.511,0.1019,2.7787,1.6981,0.3087,0.4631,9.7256,0.7719,0.1544,2.1612,1.235,2.6244
6,6,5.48,3.56,53,36,8,25,281,17,9,80,14,6,2006,31,135666,Leandro Trossard,leandro-trossard,Arsenal,Premier League,Forward,2025/26,0.2692,0.2692,0.2459,0.1597,2.3779,1.6152,0.3589,1.1216,12.6072,0.7627,0.4038,3.5892,0.6281,0.2692
1,6,1.23,3.67,22,40,6,9,305,8,7,70,6,3,1370,24,547410,Martin Ødegaard,martin-degaard,Arsenal,Premier League,Midfielder,2025/26,0.0657,0.3942,0.0808,0.2411,1.4453,2.6277,0.3942,0.5912,20.0365,0.5255,0.4599,4.5985,0.3942,0.1971
5,1,2.85,2.26,27,19,1,7,414,38,39,116,78,65,3001,38,966837,Martín Zubimendi,martin-zubimendi,Arsenal,Premier League,Midfielder,2025/26,0.15,0.03,0.0855,0.0678,0.8097,0.5698,0.03,0.2099,12.4159,1.1396,1.1696,3.4788,2.3392,1.9494
4,3,3.38,1.46,22,12,4,5,97,13,10,57,19,28,1035,22,592010,Mikel Merino,mikel-merino,Arsenal,Premier League,Midfielder,2025/26,0.3478,0.2609,0.2939,0.127,1.913,1.0435,0.3478,0.4348,8.4348,1.1304,0.8696,4.9565,1.6522,2.4348
0,0,0.11,0.2,2,4,0,8,80,5,5,30,11,6,722,20,1423711,Myles Lewis-Skelly,lewis-skelly-myles,Arsenal,Premier League,Defender,2025/26,0.0,0.0,0.0137,0.0249,0.2493,0.4986,0.0,0.9972,9.9723,0.6233,0.6233,3.7396,1.3712,0.7479
3,1,1.22,2.83,26,22,7,29,171,10,5,35,8,10,1226,26,966547,Noni Madueke,noni-madueke,Arsenal,Premier League,Forward,2025/26,0.2202,0.0734,0.0896,0.2077,1.9086,1.615,0.5139,2.1289,12.553,0.7341,0.367,2.5693,0.5873,0.7341
1,2,0.36,1.63,3,13,2,7,169,27,26,63,88,32,1792,25,1002837,Piero Hincapié,piero-hincapie,Arsenal,Premier League,Defender,2025/26,0.0502,0.1004,0.0181,0.0819,0.1507,0.6529,0.1004,0.3516,8.4877,1.356,1.3058,3.1641,4.4196,1.6071
1,2,3.34,0.76,32,9,0,16,194,19,15,73,50,48,1707,26,957602,Riccardo Calafiori,riccardo-calafiori,Arsenal,Premier League,Defender,2025/26,0.0527,0.1054,0.1761,0.0401,1.6872,0.4745,0.0,0.8436,10.2285,1.0018,0.7909,3.8489,2.6362,2.5308
14,1,12.4,1.94,55,20,4,7,119,5,1,55,19,30,2254,36,804508,Viktor Gyökeres,viktor-gyokeres,Arsenal,Premier League,Forward,2025/26,0.559,0.0399,0.4951,0.0775,2.1961,0.7986,0.1597,0.2795,4.7516,0.1996,0.0399,2.1961,0.7587,1.1979
1,0,0.86,1.42,5,10,1,7,258,22,17,113,133,73,2615,31,941168,William Saliba,william-saliba,Arsenal,Premier League,Defender,2025/26,0.0344,0.0,0.0296,0.0489,0.1721,0.3442,0.0344,0.2409,8.8795,0.7572,0.5851,3.8891,4.5774,2.5124
2,0,1.71,0.7,19,7,0,7,139,30,25,72,59,45,1776,25,923973,Amadou Onana,amadou-onana,Aston Villa,Premier League,Midfielder,2025/26,0.1014,0.0,0.0867,0.0355,0.9628,0.3547,0.0,0.3547,7.0439,1.5203,1.2669,3.6486,2.9899,2.2804
1,3,0.49,0.86,7,15,0,14,198,17,18,65,20,36,1418,18,826204,Boubacar Kamara,boubacar-kamara,Aston Villa,Premier League,Midfielder,2025/26,0.0635,0.1904,0.0311,0.0546,0.4443,0.952,0.0,0.8886,12.567,1.079,1.1425,4.1255,1.2694,2.2849
4,1,4.07,0.34,27,7,0,8,40,3,0,10,2,3,680,21,803039,Donyell Malen,donyell-malen,Aston Villa,Premier League,Forward,2025/26,0.5294,0.1324,0.5387,0.045,3.5735,0.9265,0.0,1.0588,5.2941,0.3971,0.0,1.3235,0.2647,0.3971
1,0,0.53,1.43,11,19,3,6,141,13,15,52,12,9,944,21,867887,Douglas Luiz,douglas-luiz,Aston Villa,Premier League,Midfielder,2025/26,0.0953,0.0,0.0505,0.1363,1.0487,1.8114,0.286,0.572,13.4428,1.2394,1.4301,4.9576,1.1441,0.8581
6,2,3.42,2.29,49,30,5,9,224,27,15,109,20,21,1784,36,783126,Emiliano Buendía,emiliano-buendia,Aston Villa,Premier League,Midfielder,2025/26,0.3027,0.1009,0.1725,0.1155,2.472,1.5135,0.2522,0.454,11.3004,1.3621,0.7567,5.4989,1.009,1.0594
0,0,1.25,0.58,11,5,1,8,177,8,23,108,122,32,3036,34,827679,Ezri Konsa,ezri-konsa,Aston Villa,Premier League,Defender,2025/26,0.0,0.0,0.0371,0.0172,0.3261,0.1482,0.0296,0.2372,5.247,0.2372,0.6818,3.2016,3.6166,0.9486
0,1,1.3,2.41,20,26,5,21,206,32,19,82,64,18,1615,30,976263,Ian Maatsen,ian-maatsen,Aston Villa,Premier League,Defender,2025/26,0.0,0.0557,0.0724,0.1343,1.1146,1.4489,0.2786,1.1703,11.4799,1.7833,1.0588,4.5697,3.5666,1.0031
0,2,0.58,1.94,10,21,3,16,169,3,2,26,9,3,891,23,851100,Jadon Sancho,jadon-sancho,Aston Villa,Premier League,Midfielder,2025/26,0.0,0.202,0.0586,0.196,1.0101,2.1212,0.303,1.6162,17.0707,0.303,0.202,2.6263,0.9091,0.303
5,4,2.96,3.99,28,41,7,19,238,17,12,89,15,11,2169,30,250223,John McGinn,john-mcginn,Aston Villa,Premier League,Midfielder,2025/26,0.2075,0.166,0.1228,0.1656,1.1618,1.7012,0.2905,0.7884,9.8755,0.7054,0.4979,3.6929,0.6224,0.4564
0,0,0.0,0.21,0,2,0,2,94,18,5,43,23,9,1104,28,1089388,Lamare Bogarde,lamare-bogarde,Aston Villa,Premier League,Midfielder,2025/26,0.0,0.0,0.0,0.0171,0.0,0.163,0.0,0.163,7.663,1.4674,0.4076,3.5054,1.875,0.7337
0,1,0.49,1.46,8,12,1,5,65,6,3,31,4,4,466,13,808590,Leon Bailey,leon-bailey,Aston Villa,Premier League,Forward,2025/26,0.0,0.1931,0.0946,0.282,1.5451,2.3176,0.1931,0.9657,12.5536,1.1588,0.5794,5.9871,0.7725,0.7725
0,6,0.72,3.26,14,26,4,4,179,28,15,63,61,35,1866,31,96538,Lucas Digne,lucas-digne,Aston Villa,Premier League,Defender,2025/26,0.0,0.2894,0.0347,0.1572,0.6752,1.254,0.1929,0.1929,8.6334,1.3505,0.7235,3.0386,2.9421,1.6881
3,3,1.19,2.95,30,31,4,11,330,32,22,88,84,32,3020,35,833956,Matty Cash,matty-cash,Aston Villa,Premier League,Defender,2025/26,0.0894,0.0894,0.0355,0.0879,0.894,0.9238,0.1192,0.3278,9.8344,0.9536,0.6556,2.6225,2.5033,0.9536
10,6,6.78,4.3,84,47,13,42,375,23,13,139,32,26,3285,37,948261,Morgan Rogers,morgan-rogers,Aston Villa,Premier League,Midfielder,2025/26,0.274,0.1644,0.1858,0.1178,2.3014,1.2877,0.3562,1.1507,10.274,0.6301,0.3562,3.8082,0.8767,0.7123
16,3,15.14,1.3,83,23,4,26,164,14,6,49,15,36,2852,37,555386,Ollie Watkins,ollie-watkins,Aston Villa,Premier League,Forward,2025/26,0.5049,0.0947,0.4778,0.041,2.6192,0.7258,0.1262,0.8205,5.1753,0.4418,0.1893,1.5463,0.4734,1.136
0,0,1.27,0.37,9,1,0,7,145,14,11,80,61,25,1676,21,864169,Pau Torres,pau-torres,Aston Villa,Premier League,Defender,2025/26,0.0,0.0,0.0682,0.0199,0.4833,0.0537,0.0,0.3759,7.7864,0.7518,0.5907,4.2959,3.2757,1.3425
3,1,1.51,1.35,18,10,4,13,121,10,2,45,10,14,865,21,98435,Ross Barkley,ross-barkley,Aston Villa,Premier League,Midfielder,2025/26,0.3121,0.104,0.1571,0.1405,1.8728,1.0405,0.4162,1.3526,12.5896,1.0405,0.2081,4.6821,1.0405,1.4566
0,0,1.37,0.42,9,5,1,2,82,2,11,47,83,40,1323,17,303638,Tyrone Mings,tyrone-mings,Aston Villa,Premier League,Defender,2025/26,0.0,0.0,0.0932,0.0286,0.6122,0.3401,0.068,0.1361,5.5782,0.1361,0.7483,3.1973,5.6463,2.7211
0,1,0.28,0.12,3,2,1,0,47,3,8,19,34,11,985,17,143334,Victor Lindelöf,victor-lindelof,Aston Villa,Premier League,Defender,2025/26,0.0,0.0914,0.0256,0.011,0.2741,0.1827,0.0914,0.0,4.2944,0.2741,0.731,1.736,3.1066,1.0051
0,4,1.17,3.33,24,32,5,9,281,36,18,94,19,22,1862,25,331737,Youri Tielemans,youri-tielemans,Aston Villa,Premier League,Midfielder,2025/26,0.0,0.1933,0.0566,0.161,1.16,1.5467,0.2417,0.435,13.5822,1.7401,0.87,4.5435,0.9184,1.0634
0,2,0.0,0.25,0,5,1,1,71,12,8,29,38,14,1095,22,44566,Adam Smith,adam-smith,Bournemouth,Premier League,Defender,2025/26,0.0,0.1644,0.0,0.0205,0.0,0.411,0.0822,0.0822,5.8356,0.9863,0.6575,2.3836,3.1233,1.1507
1,5,1.36,2.98,16,32,4,33,368,52,48,188,143,44,3380,38,999028,Adrien Truffert,truffert-adrien,Bournemouth,Premier League,Defender,2025/26,0.0266,0.1331,0.0362,0.0793,0.426,0.8521,0.1065,0.8787,9.7988,1.3846,1.2781,5.0059,3.8077,1.1716
3,1,3.81,2.95,44,28,4,29,265,38,36,195,81,37,2859,37,1104986,Alex Scott,alex-scott,Bournemouth,Premier League,Midfielder,2025/26,0.0944,0.0315,0.1199,0.0929,1.3851,0.8814,0.1259,0.9129,8.3421,1.1962,1.1333,6.1385,2.5498,1.1647
3,1,2.6,1.62,20,16,1,8,129,16,7,61,17,30,1106,31,991478,Amine Adli,amine-adli,Bournemouth,Premier League,Midfielder,2025/26,0.2441,0.0814,0.2116,0.1318,1.6275,1.302,0.0814,0.651,10.4973,1.302,0.5696,4.9638,1.3834,2.4412
0,0,0.02,0.18,1,3,0,0,85,15,12,48,83,35,1286,18,962408,Bafodé Diakité,bafode-diakite,Bournemouth,Premier League,Defender,2025/26,0.0,0.0,0.0014,0.0126,0.07,0.21,0.0,0.0,5.9487,1.0498,0.8398,3.3593,5.8087,2.4495
1,3,5.83,3.3,48,26,8,17,164,13,4,56,15,6,1220,31,855731,David Brooks,david-brooks,Bournemouth,Premier League,Midfielder,2025/26,0.0738,0.2213,0.4301,0.2434,3.541,1.918,0.5902,1.2541,12.0984,0.959,0.2951,4.1311,1.1066,0.4426
13,0,8.35,1.53,52,22,3,15,120,6,9,61,33,8,1690,33,1426228,Eli Junior Kroupi,eli-junior-kroupi,Bournemouth,Premier League,Forward,2025/26,0.6923,0.0,0.4447,0.0815,2.7692,1.1716,0.1598,0.7988,6.3905,0.3195,0.4793,3.2485,1.7574,0.426
6,1,10.59,1.49,70,31,3,16,137,5,8,80,29,47,2759,36,998490,Evanilson,evanilson,Bournemouth,Premier League,Forward,2025/26,0.1957,0.0326,0.3455,0.0486,2.2834,1.0112,0.0979,0.5219,4.469,0.1631,0.261,2.6096,0.946,1.5332
0,3,0.89,1.16,12,13,2,2,81,20,39,75,168,114,2120,29,1156586,James Hill,james-hill,Bournemouth,Premier League,Defender,2025/26,0.0,0.1274,0.0378,0.0492,0.5094,0.5519,0.0849,0.0849,3.4387,0.8491,1.6557,3.184,7.1321,4.8396
2,0,2.32,1.53,17,21,3,11,136,6,4,46,2,6,951,20,851596,Justin Kluivert,justin-kluivert,Bournemouth,Premier League,Midfielder,2025/26,0.1893,0.0,0.2196,0.1448,1.6088,1.9874,0.2839,1.041,12.8707,0.5678,0.3785,4.3533,0.1893,0.5678
0,1,0.08,0.54,3,11,0,3,86,16,24,62,26,9,905,18,548188,Lewis Cook,lewis-cook,Bournemouth,Premier League,Midfielder,2025/26,0.0,0.0994,0.008,0.0537,0.2983,1.0939,0.0,0.2983,8.5525,1.5912,2.3867,6.1657,2.5856,0.895
0,5,1.52,4.67,17,24,7,6,330,35,56,154,253,92,3290,37,830659,Marcos Senesi,marcos-senesi,Bournemouth,Premier League,Defender,2025/26,0.0,0.1368,0.0416,0.1278,0.465,0.6565,0.1915,0.1641,9.0274,0.9574,1.5319,4.2128,6.921,2.5167
7,4,9.06,4.64,70,55,9,39,424,22,17,150,39,24,2738,34,895576,Marcus Tavernier,marcus-tavernier,Bournemouth,Premier League,Midfielder,2025/26,0.2301,0.1315,0.2978,0.1525,2.3009,1.8079,0.2958,1.282,13.9372,0.7232,0.5588,4.9306,1.282,0.7889
5,2,2.91,1.82,28,14,3,13,98,7,8,43,20,25,1119,15,1464966,Rayan,rayan,Bournemouth,Premier League,Midfielder,2025/26,0.4021,0.1609,0.234,0.1464,2.252,1.126,0.2413,1.0456,7.882,0.563,0.6434,3.4584,1.6086,2.0107
2,0,1.92,0.83,25,11,2,19,145,17,12,62,18,13,986,26,322391,Ryan Christie,ryan-christie,Bournemouth,Premier League,Midfielder,2025/26,0.1826,0.0,0.1753,0.0758,2.2819,1.0041,0.1826,1.7343,13.2353,1.5517,1.0953,5.6592,1.643,1.1866
2,2,0.6,0.61,10,7,2,6,181,23,33,96,42,27,1778,25,800419,Tyler Adams,tyler-adams,Bournemouth,Premier League,Midfielder,2025/26,0.1012,0.1012,0.0304,0.0309,0.5062,0.3543,0.1012,0.3037,9.162,1.1642,1.6704,4.8594,2.126,1.3667
0,0,0.15,0.2,1,1,0,1,19,4,4,13,25,11,375,7,1406130,Veljko Milosavljević,milosavljevic-veljko,Bournemouth,Premier League,Defender,2025/26,0.0,0.0,0.036,0.048,0.24,0.24,0.0,0.24,4.56,0.96,0.96,3.12,6.0,2.64
1,0,1.13,1.61,21,14,2,39,217,48,27,135,41,13,2330,31,1184308,Álex Jiménez,alex-jimenez,Bournemouth,Premier League,Defender,2025/26,0.0386,0.0,0.0436,0.0622,0.8112,0.5408,0.0773,1.5064,8.382,1.8541,1.0429,5.2146,1.5837,0.5021
0,0,0.46,0.14,6,0,0,0,38,7,8,35,23,9,716,21,966869,Aaron Hickey,aaron-hickey,Brentford,Premier League,Defender,2025/26,0.0,0.0,0.0578,0.0176,0.7542,0.0,0.0,0.0,4.7765,0.8799,1.0056,4.3994,2.8911,1.1313
7,3,7.72,4.17,56,27,12,23,133,13,24,85,52,52,2279,32,1106451,Dango Ouattara,dango-ouattara,Brentford,Premier League,Midfielder,2025/26,0.2764,0.1185,0.3049,0.1647,2.2115,1.0663,0.4739,0.9083,5.2523,0.5134,0.9478,3.3567,2.0535,2.0535
0,0,0.01,0.06,1,0,0,1,9,4,5,11,27,13,321,4,855864,Ethan Pinnock,ethan-pinnock,Brentford,Premier League,Defender,2025/26,0.0,0.0,0.0028,0.0168,0.2804,0.0,0.0,0.2804,2.5234,1.1215,1.4019,3.0841,7.5701,3.6449
22,1,20.57,1.88,84,24,6,29,147,22,12,93,64,112,3284,38,1016907,Igor Thiago,igor-thiago,Brentford,Premier League,Forward,2025/26,0.6029,0.0274,0.5637,0.0515,2.3021,0.6577,0.1644,0.7948,4.0286,0.6029,0.3289,2.5487,1.754,3.0694
1,3,0.33,2.45,6,19,8,3,203,13,17,98,34,13,1929,32,42694,Jordan Henderson,jordan-henderson,Brentford,Premier League,Midfielder,2025/26,0.0467,0.14,0.0154,0.1143,0.2799,0.8865,0.3733,0.14,9.4712,0.6065,0.7932,4.5723,1.5863,0.6065
3,3,3.04,2.5,31,19,6,16,145,14,12,96,37,11,1990,36,972421,Keane Lewis-Potter,keane-lewis-potter,Brentford,Premier League,Defender,2025/26,0.1357,0.1357,0.1375,0.1131,1.402,0.8593,0.2714,0.7236,6.5578,0.6332,0.5427,4.3417,1.6734,0.4975
8,3,12.18,2.08,57,29,7,20,145,24,18,94,31,87,2757,35,1006387,Kevin Schade,kevin-schade,Brentford,Premier League,Midfielder,2025/26,0.2612,0.0979,0.3976,0.0679,1.8607,0.9467,0.2285,0.6529,4.7334,0.7835,0.5876,3.0686,1.012,2.84
0,1,0.78,0.72,10,4,1,3,57,22,18,59,119,60,1820,27,576384,Kristoffer Ajer,kristoffer-ajer,Brentford,Premier League,Defender,2025/26,0.0,0.0495,0.0386,0.0356,0.4945,0.1978,0.0495,0.1484,2.8187,1.0879,0.8901,2.9176,5.8846,2.967
3,1,2.27,6.02,29,35,11,19,307,23,21,117,37,8,2277,36,799251,Mathias Jensen,mathias-jensen,Brentford,Premier League,Midfielder,2025/26,0.1186,0.0395,0.0897,0.2379,1.1462,1.3834,0.4348,0.751,12.1344,0.9091,0.83,4.6245,1.4625,0.3162
1,1,1.18,2.8,9,36,4,55,186,45,38,163,99,41,3264,37,1137431,Michael Kayode,michael-kayode,Brentford,Premier League,Defender,2025/26,0.0276,0.0276,0.0325,0.0772,0.2482,0.9926,0.1103,1.5165,5.1287,1.2408,1.0478,4.4945,2.7298,1.1305
4,4,2.62,5.44,29,42,12,18,309,35,25,139,16,19,2078,33,907072,Mikkel Damsgaard,mikkel-damsgaard,Brentford,Premier League,Midfielder,2025/26,0.1732,0.1732,0.1135,0.2356,1.256,1.8191,0.5197,0.7796,13.3831,1.5159,1.0828,6.0202,0.693,0.8229
1,2,2.28,1.62,20,11,5,7,126,14,37,139,209,89,2972,35,958916,Nathan Collins,nathan-collins,Brentford,Premier League,Defender,2025/26,0.0303,0.0606,0.069,0.0491,0.6057,0.3331,0.1514,0.212,3.8156,0.424,1.1205,4.2093,6.3291,2.6952
0,1,0.18,0.55,5,4,1,15,75,11,8,72,41,19,1334,25,599128,Rico Henry,rico-henry,Brentford,Premier League,Defender,2025/26,0.0,0.0675,0.0121,0.0371,0.3373,0.2699,0.0675,1.012,5.06,0.7421,0.5397,4.8576,2.7661,1.2819
0,2,3.13,1.49,23,7,5,1,99,10,29,109,195,140,2761,32,924378,Sepp van den Berg,sepp-van-den-berg,Brentford,Premier League,Defender,2025/26,0.0,0.0652,0.102,0.0486,0.7497,0.2282,0.163,0.0326,3.2271,0.326,0.9453,3.5531,6.3564,4.5636
1,4,0.91,2.27,12,21,7,5,165,16,30,85,34,23,1449,25,814873,Vitaly Janelt,vitaly-janelt,Brentford,Premier League,Midfielder,2025/26,0.0621,0.2484,0.0565,0.141,0.7453,1.3043,0.4348,0.3106,10.2484,0.9938,1.8634,5.2795,2.1118,1.4286
1,2,1.2,1.39,16,15,1,15,223,45,28,187,41,32,2675,37,1031258,Yehor Yarmoliuk,yehor-yarmoliuk,Brentford,Premier League,Midfielder,2025/26,0.0336,0.0673,0.0404,0.0468,0.5383,0.5047,0.0336,0.5047,7.5028,1.514,0.9421,6.2916,1.3794,1.0766
1,1,1.72,0.88,16,16,1,20,90,5,2,40,2,8,740,18,1198075,Brajan Gruda,gruda-brajan,Brighton & Hove Albion,Premier League,Midfielder,2025/26,0.1216,0.1216,0.2092,0.107,1.9459,1.9459,0.1216,2.4324,10.9459,0.6081,0.2432,4.8649,0.2432,0.973
0,0,0.75,0.76,20,9,1,12,105,20,29,105,32,29,1677,31,1199043,Carlos Baleba,carlos-baleba,Brighton & Hove Albion,Premier League,Midfielder,2025/26,0.0,0.0,0.0403,0.0408,1.0733,0.483,0.0537,0.644,5.6351,1.0733,1.5564,5.6351,1.7174,1.5564
2,1,2.14,0.56,21,10,3,11,45,7,1,25,4,22,386,21,1416535,Charalampos Kostoulas,kostoulas-charalampos,Brighton & Hove Albion,Premier League,Forward,2025/26,0.4663,0.2332,0.499,0.1306,4.8964,2.3316,0.6995,2.5648,10.4922,1.6321,0.2332,5.829,0.9326,5.1295
13,1,12.44,1.4,56,20,4,11,142,14,9,51,30,19,2268,37,33902,Danny Welbeck,danny-welbeck,Brighton & Hove Albion,Premier League,Forward,2025/26,0.5159,0.0397,0.4937,0.0556,2.2222,0.7937,0.1587,0.4365,5.6349,0.5556,0.3571,2.0238,1.1905,0.754
5,1,6.29,1.71,42,21,4,19,166,50,18,112,28,55,2136,32,1065588,Diego Gómez,diego-gomez,Brighton & Hove Albion,Premier League,Midfielder,2025/26,0.2107,0.0421,0.265,0.0721,1.7697,0.8848,0.1685,0.8006,6.9944,2.1067,0.7584,4.7191,1.1798,2.3174
1,0,2.03,3.33,28,22,2,12,400,39,26,130,81,32,3134,37,825844,Ferdi Kadıoğlu,ferdi-kadioglu,Brighton & Hove Albion,Premier League,Defender,2025/26,0.0287,0.0,0.0583,0.0956,0.8041,0.6318,0.0574,0.3446,11.4869,1.12,0.7466,3.7332,2.3261,0.919
3,3,3.02,2.93,42,25,8,28,152,20,11,60,26,19,1804,32,946695,Georginio Rutter,georginio-rutter,Brighton & Hove Albion,Premier League,Midfielder,2025/26,0.1497,0.1497,0.1507,0.1462,2.0953,1.2472,0.3991,1.3969,7.5831,0.9978,0.5488,2.9933,1.2971,0.9479
4,3,4.92,2.34,37,15,2,3,150,14,5,61,25,12,1750,27,1142315,Jack Hinshelwood,jack-hinshelwood,Brighton & Hove Albion,Premier League,Midfielder,2025/26,0.2057,0.1543,0.253,0.1203,1.9029,0.7714,0.1029,0.1543,7.7143,0.72,0.2571,3.1371,1.2857,0.6171
1,1,1.02,0.63,8,8,1,1,103,9,6,40,19,6,802,20,791,James Milner,james-milner,Brighton & Hove Albion,Premier League,Midfielder,2025/26,0.1122,0.1122,0.1145,0.0707,0.8978,0.8978,0.1122,0.1122,11.5586,1.01,0.6733,4.4888,2.1322,0.6733
3,3,3.3,1.62,23,13,2,3,333,30,47,113,189,114,3211,36,962012,Jan Paul van Hecke,jan-paul-van-hecke,Brighton & Hove Albion,Premier League,Defender,2025/26,0.0841,0.0841,0.0925,0.0454,0.6447,0.3644,0.0561,0.0841,9.3335,0.8409,1.3173,3.1672,5.2974,3.1953
1,0,1.11,0.22,4,4,0,2,97,17,18,40,44,20,1073,24,219572,Joël Veltman,joel-veltman,Brighton & Hove Albion,Premier League,Defender,2025/26,0.0839,0.0,0.0931,0.0185,0.3355,0.3355,0.0,0.1678,8.1361,1.4259,1.5098,3.3551,3.6906,1.6775
3,1,4.06,2.84,32,31,4,28,229,12,9,62,17,15,1721,25,936849,Kaoru Mitoma,kaoru-mitoma,Brighton & Hove Albion,Premier League,Midfielder,2025/26,0.1569,0.0523,0.2123,0.1485,1.6734,1.6212,0.2092,1.4643,11.9756,0.6275,0.4707,3.2423,0.889,0.7844
1,0,1.71,0.57,24,7,1,4,190,22,30,136,142,76,2844,33,115365,Lewis Dunk,lewis-dunk,Brighton & Hove Albion,Premier League,Defender,2025/26,0.0316,0.0,0.0541,0.018,0.7595,0.2215,0.0316,0.1266,6.0127,0.6962,0.9494,4.3038,4.4937,2.4051
2,3,1.93,1.87,18,20,4,9,186,42,25,103,71,44,1914,26,959628,Mats Wieffer,mats-wieffer,Brighton & Hove Albion,Premier League,Defender,2025/26,0.094,0.1411,0.0908,0.0879,0.8464,0.9404,0.1881,0.4232,8.7461,1.9749,1.1755,4.8433,3.3386,2.069
2,3,1.82,4.13,13,33,9,7,135,12,12,68,28,10,1443,30,997152,Maxim De Cuyper,maxim-de-cuyper,Brighton & Hove Albion,Premier League,Defender,2025/26,0.1247,0.1871,0.1135,0.2576,0.8108,2.0582,0.5613,0.4366,8.42,0.7484,0.7484,4.2412,1.7464,0.6237
0,1,0.04,0.46,1,4,0,2,91,9,18,54,42,17,819,12,788784,Olivier Boscagli,olivier-boscagli,Brighton & Hove Albion,Premier League,Defender,2025/26,0.0,0.1099,0.0044,0.0505,0.1099,0.4396,0.0,0.2198,10.0,0.989,1.978,5.9341,4.6154,1.8681
1,3,1.45,3.83,18,39,5,7,268,18,12,76,24,13,1636,19,48480,Pascal Groß,pascal-gro,Brighton & Hove Albion,Premier League,Midfielder,2025/26,0.055,0.165,0.0798,0.2107,0.9902,2.1455,0.2751,0.3851,14.7433,0.9902,0.6601,4.1809,1.3203,0.7152
3,4,3.8,5.12,41,46,11,65,206,37,17,95,16,19,2398,34,1400106,Yankuba Minteh,yankuba-minteh,Brighton & Hove Albion,Premier League,Midfielder,2025/26,0.1126,0.1501,0.1426,0.1922,1.5388,1.7264,0.4128,2.4395,7.7314,1.3887,0.638,3.5655,0.6005,0.7131
3,3,2.71,1.14,41,16,2,18,144,24,26,124,24,9,1941,29,1036269,Yasin Ayari,yasin-ayari,Brighton & Hove Albion,Premier League,Midfielder,2025/26,0.1391,0.1391,0.1257,0.0529,1.9011,0.7419,0.0927,0.8346,6.677,1.1128,1.2056,5.7496,1.1128,0.4173
1,1,2.15,0.23,16,5,1,8,52,3,3,26,9,35,874,24,996985,Armando Broja,armando-broja,Burnley,Premier League,Forward,2025/26,0.103,0.103,0.2214,0.0237,1.6476,0.5149,0.103,0.8238,5.3547,0.3089,0.3089,2.6773,0.9268,3.6041
1,0,0.61,0.14,2,0,0,0,31,8,11,40,83,22,1202,14,817979,Axel Tuanzebe,axel-tuanzebe,Burnley,Premier League,Defender,2025/26,0.0749,0.0,0.0457,0.0105,0.1498,0.0,0.0,0.0,2.3211,0.599,0.8236,2.995,6.2146,1.6473
0,0,0.42,0.68,9,9,1,6,124,18,11,69,84,26,1578,20,996910,Bashir Humphreys,bashir-humphreys,Burnley,Premier League,Defender,2025/26,0.0,0.0,0.024,0.0388,0.5133,0.5133,0.057,0.3422,7.0722,1.0266,0.6274,3.9354,4.7909,1.4829
0,2,0.66,0.55,13,13,0,7,171,49,41,113,56,24,2118,31,855845,Florentino Luís,florentino-luis,Burnley,Premier League,Midfielder,2025/26,0.0,0.085,0.028,0.0234,0.5524,0.5524,0.0,0.2975,7.2663,2.0822,1.7422,4.8017,2.3796,1.0198
1,4,0.89,2.06,19,21,5,20,172,17,8,65,7,6,1253,27,1009386,Hannibal Mejbri,hannibal-mejbri,Burnley,Premier League,Midfielder,2025/26,0.0718,0.2873,0.0639,0.148,1.3647,1.5084,0.3591,1.4366,12.3543,1.2211,0.5746,4.6688,0.5028,0.431
0,0,0.26,0.27,6,4,0,2,38,16,12,49,125,52,1539,19,875360,Hjalmar Ekdal,hjalmar-ekdal,Burnley,Premier League,Defender,2025/26,0.0,0.0,0.0152,0.0158,0.3509,0.2339,0.0,0.117,2.2222,0.9357,0.7018,2.8655,7.3099,3.0409
0,1,1.38,1.17,17,12,2,10,107,4,6,31,13,11,1038,28,809276,Jacob Bruun Larsen,jacob-bruun-larsen,Burnley,Premier League,Forward,2025/26,0.0,0.0867,0.1197,0.1014,1.474,1.0405,0.1734,0.8671,9.2775,0.3468,0.5202,2.6879,1.1272,0.9538
8,2,5.13,2.87,55,37,6,36,237,22,15,141,27,12,2743,37,1020680,Jaidon Anthony,jaidon-anthony,Burnley,Premier League,Midfielder,2025/26,0.2625,0.0656,0.1683,0.0942,1.8046,1.214,0.1969,1.1812,7.7762,0.7218,0.4922,4.6263,0.8859,0.3937
0,1,0.22,1.88,5,23,8,2,117,7,20,49,17,10,1109,18,161717,James Ward-Prowse,james-ward-prowse,Burnley,Premier League,Midfielder,2025/26,0.0,0.0812,0.0179,0.1526,0.4058,1.8665,0.6492,0.1623,9.495,0.5681,1.6231,3.9766,1.3796,0.8115
0,0,0.08,0.02,1,0,0,0,6,3,5,10,60,21,517,11,838399,Joe Worrall,joe-worrall,Burnley,Premier League,Defender,2025/26,0.0,0.0,0.0139,0.0035,0.1741,0.0,0.0,0.0,1.0445,0.5222,0.8704,1.7408,10.4449,3.6557
2,2,0.9,1.35,11,13,4,2,164,18,22,73,35,17,1519,18,792122,Josh Cullen,cullen-josh,Burnley,Premier League,Midfielder,2025/26,0.1185,0.1185,0.0533,0.08,0.6517,0.7702,0.237,0.1185,9.7169,1.0665,1.3035,4.3252,2.0737,1.0072
1,0,0.85,0.49,14,12,0,9,102,25,27,64,39,26,1783,33,552036,Josh Laurent,josh-laurent,Burnley,Premier League,Midfielder,2025/26,0.0505,0.0,0.0429,0.0247,0.7067,0.6057,0.0,0.4543,5.1486,1.2619,1.3629,3.2305,1.9686,1.3124
0,2,0.16,1.34,4,13,3,13,257,33,45,155,102,47,3097,36,44614,Kyle Walker,kyle-walker,Burnley,Premier League,Defender,2025/26,0.0,0.0581,0.0046,0.0389,0.1162,0.3778,0.0872,0.3778,7.4685,0.959,1.3077,4.5044,2.9642,1.3658
3,1,2.5,0.42,23,10,0,16,163,25,18,100,24,26,2359,35,1048916,Lesley Ugochukwu,lesley-ugochukwu,Burnley,Premier League,Midfielder,2025/26,0.1145,0.0382,0.0954,0.016,0.8775,0.3815,0.0,0.6104,6.2187,0.9538,0.6867,3.8152,0.9156,0.9919
2,1,1.25,0.93,23,13,1,7,98,9,2,38,10,14,1316,29,1004505,Loum Tchaouna,loum-tchaouna,Burnley,Premier League,Midfielder,2025/26,0.1368,0.0684,0.0855,0.0636,1.5729,0.8891,0.0684,0.4787,6.7021,0.6155,0.1368,2.5988,0.6839,0.9574
0,0,0.58,1.48,16,20,1,18,140,22,20,86,39,3,1406,20,1136896,Lucas Pires,lucas-pires,Burnley,Premier League,Defender,2025/26,0.0,0.0,0.0371,0.0947,1.0242,1.2802,0.064,1.1522,8.9616,1.4083,1.2802,5.505,2.4964,0.192
3,2,3.25,0.49,20,10,2,10,79,12,4,42,20,28,1372,26,901907,Lyle Foster,lyle-foster,Burnley,Premier League,Forward,2025/26,0.1968,0.1312,0.2132,0.0321,1.312,0.656,0.1312,0.656,5.1822,0.7872,0.2624,2.7551,1.312,1.8367
1,3,1.49,1.85,23,20,6,14,133,5,2,50,4,2,1073,23,795066,Marcus Edwards,marcus-edwards,Burnley,Premier League,Forward,2025/26,0.0839,0.2516,0.125,0.1552,1.9292,1.6775,0.5033,1.1743,11.1556,0.4194,0.1678,4.1938,0.3355,0.1678
0,0,0.72,0.66,10,7,1,3,92,26,37,114,221,80,2937,34,1117223,Maxime Estève,maxime-esteve,Burnley,Premier League,Defender,2025/26,0.0,0.0,0.0221,0.0202,0.3064,0.2145,0.0306,0.0919,2.8192,0.7967,1.1338,3.4934,6.7722,2.4515
0,5,0.34,1.99,9,20,6,5,118,32,31,69,66,10,1830,21,1392044,Quilindschy Hartman,quilindschy-hartman,Burnley,Premier League,Defender,2025/26,0.0,0.2459,0.0167,0.0979,0.4426,0.9836,0.2951,0.2459,5.8033,1.5738,1.5246,3.3934,3.2459,0.4918
11,0,7.87,0.42,53,10,0,4,66,10,7,33,37,68,1808,29,875137,Zian Flemming,zian-flemming,Burnley,Premier League,Forward,2025/26,0.5476,0.0,0.3918,0.0209,2.6383,0.4978,0.0,0.1991,3.2854,0.4978,0.3485,1.6427,1.8418,3.385
1,4,3.45,3.68,33,29,6,14,204,12,4,45,6,3,1283,24,1135873,Alejandro Garnacho,alejandro-garnacho,Chelsea,Premier League,Forward,2025/26,0.0701,0.2806,0.242,0.2581,2.3149,2.0343,0.4209,0.9821,14.3102,0.8418,0.2806,3.1567,0.4209,0.2104
1,0,2.0,0.88,11,8,1,2,136,19,20,48,18,14,1280,27,1105779,Andrey Santos,santos-andrey,Chelsea,Premier League,Midfielder,2025/26,0.0703,0.0,0.1406,0.0619,0.7734,0.5625,0.0703,0.1406,9.5625,1.3359,1.4062,3.375,1.2656,0.9844
0,0,0.0,0.07,0,0,0,0,25,4,10,16,27,8,471,8,904827,Benoît Badiashile,benoit-badiashile,Chelsea,Premier League,Defender,2025/26,0.0,0.0,0.0,0.0134,0.0,0.0,0.0,0.0,4.7771,0.7643,1.9108,3.0573,5.1592,1.5287
10,1,10.56,2.47,64,25,3,22,302,12,15,83,12,0,1965,26,982780,Cole Palmer,cole-palmer,Chelsea,Premier League,Midfielder,2025/26,0.458,0.0458,0.4837,0.1131,2.9313,1.145,0.1374,1.0076,13.8321,0.5496,0.687,3.8015,0.5496,0.0
10,4,11.29,7.25,72,69,11,13,574,22,21,140,28,26,3121,36,974505,Enzo Fernández,enzo-fernandez,Chelsea,Premier League,Midfielder,2025/26,0.2884,0.1153,0.3256,0.2091,2.0763,1.9897,0.3172,0.3749,16.5524,0.6344,0.6056,4.0372,0.8074,0.7498
2,2,2.92,2.2,28,16,4,29,107,5,4,36,5,3,852,22,1597265,Estêvão,estevao,Chelsea,Premier League,Midfielder,2025/26,0.2113,0.2113,0.3085,0.2324,2.9577,1.6901,0.4225,3.0634,11.3028,0.5282,0.4225,3.8028,0.5282,0.3169
0,2,0.82,0.93,10,9,2,13,49,3,2,15,3,3,495,16,1140599,Jamie Gittens,jamie-bynoe-gittens,Chelsea,Premier League,Midfielder,2025/26,0.0,0.3636,0.1491,0.1691,1.8182,1.6364,0.3636,2.3636,8.9091,0.5455,0.3636,2.7273,0.5455,0.5455
0,0,0.31,0.63,4,8,1,7,96,22,18,50,39,16,1159,22,1153079,Jorrel Hato,jorrel-hato,Chelsea,Premier League,Defender,2025/26,0.0,0.0,0.0241,0.0489,0.3106,0.6212,0.0777,0.5436,7.4547,1.7084,1.3978,3.8827,3.0285,1.2425
1,0,0.63,0.14,4,2,0,11,38,8,11,26,20,11,700,17,1403050,Josh Acheampong,josh-acheampong,Chelsea,Premier League,Defender,2025/26,0.1286,0.0,0.081,0.018,0.5143,0.2571,0.0,1.4143,4.8857,1.0286,1.4143,3.3429,2.5714,1.4143
15,5,14.96,2.0,73,29,6,40,196,18,7,72,27,74,2674,35,975079,João Pedro,joao-pedro,Chelsea,Premier League,Forward,2025/26,0.5049,0.1683,0.5035,0.0673,2.457,0.9761,0.2019,1.3463,6.5969,0.6058,0.2356,2.4233,0.9088,2.4907
1,0,4.47,0.22,36,3,0,10,58,3,1,25,11,25,1139,28,997087,Liam Delap,liam-delap,Chelsea,Premier League,Forward,2025/26,0.079,0.0,0.3532,0.0174,2.8446,0.2371,0.0,0.7902,4.583,0.2371,0.079,1.9754,0.8692,1.9754
2,3,1.56,2.99,12,28,4,13,308,24,31,122,39,15,2267,34,996958,Malo Gusto,gusto-malo,Chelsea,Premier League,Defender,2025/26,0.0794,0.1191,0.0619,0.1187,0.4764,1.1116,0.1588,0.5161,12.2276,0.9528,1.2307,4.8434,1.5483,0.5955
1,4,2.35,3.21,20,39,6,1,331,40,32,113,87,36,2710,34,794939,Marc Cucurella,marc-cucurella,Chelsea,Premier League,Defender,2025/26,0.0332,0.1328,0.078,0.1066,0.6642,1.2952,0.1993,0.0332,10.9926,1.3284,1.0627,3.7528,2.8893,1.1956
3,1,1.44,2.38,27,19,4,15,394,46,59,177,28,15,2802,33,987650,Moisés Caicedo,moises-caicedo,Chelsea,Premier League,Midfielder,2025/26,0.0964,0.0321,0.0463,0.0764,0.8672,0.6103,0.1285,0.4818,12.6552,1.4775,1.8951,5.6852,0.8994,0.4818
5,6,4.62,6.83,46,55,12,47,397,11,6,84,13,9,2643,34,879349,Pedro Neto,pedro-neto,Chelsea,Premier League,Midfielder,2025/26,0.1703,0.2043,0.1573,0.2326,1.5664,1.8729,0.4086,1.6005,13.5187,0.3746,0.2043,2.8604,0.4427,0.3065
2,4,1.04,3.19,22,27,8,11,301,33,33,102,41,31,1961,29,885908,Reece James,reece-james,Chelsea,Premier League,Defender,2025/26,0.0918,0.1836,0.0477,0.1464,1.0097,1.2392,0.3672,0.5048,13.8144,1.5145,1.5145,4.6813,1.8817,1.4227
0,0,0.2,0.54,3,1,1,3,63,7,5,20,4,3,377,12,1069488,Roméo Lavia,romeo-lavia,Chelsea,Premier League,Midfielder,2025/26,0.0,0.0,0.0477,0.1289,0.7162,0.2387,0.2387,0.7162,15.0398,1.6711,1.1936,4.7745,0.9549,0.7162
0,0,0.11,0.4,2,1,1,0,30,8,9,22,66,41,796,16,352668,Tosin Adarabioyo,tosin-adarabioyo,Chelsea,Premier League,Defender,2025/26,0.0,0.0,0.0124,0.0452,0.2261,0.1131,0.1131,0.0,3.392,0.9045,1.0176,2.4874,7.4623,4.6357
3,0,1.43,1.05,16,5,1,7,183,23,35,119,178,75,2782,34,826134,Trevoh Chalobah,trevoh-chalobah,Chelsea,Premier League,Defender,2025/26,0.0971,0.0,0.0463,0.034,0.5176,0.1618,0.0324,0.2265,5.9202,0.7441,1.1323,3.8497,5.7584,2.4263
0,1,0.72,0.62,8,3,1,10,120,10,40,81,129,69,1726,25,923894,Wesley Fofana,wesley-fofana,Chelsea,Premier League,Defender,2025/26,0.0,0.0521,0.0375,0.0323,0.4171,0.1564,0.0521,0.5214,6.2572,0.5214,2.0857,4.2236,6.7265,3.5979
1,5,1.52,7.38,32,44,14,15,279,37,27,165,42,24,2562,34,1109771,Adam Wharton,adam-wharton,Crystal Palace,Premier League,Midfielder,2025/26,0.0351,0.1756,0.0534,0.2593,1.1241,1.5457,0.4918,0.5269,9.8009,1.2998,0.9485,5.7963,1.4754,0.8431
2,1,2.43,1.31,23,19,1,9,97,18,4,56,32,16,1752,34,1085180,Brennan Johnson,brennan-johnson,Crystal Palace,Premier League,Forward,2025/26,0.1027,0.0514,0.1248,0.0673,1.1815,0.976,0.0514,0.4623,4.9829,0.9247,0.2055,2.8767,1.6438,0.8219
0,1,0.33,0.13,4,1,1,1,33,4,6,32,28,13,554,9,1064218,Chadi Riad,chadi-riad,Crystal Palace,Premier League,Defender,2025/26,0.0,0.1625,0.0536,0.0211,0.6498,0.1625,0.1625,0.1625,5.361,0.6498,0.9747,5.1986,4.5487,2.1119
1,0,2.36,1.38,15,9,1,4,133,35,43,65,196,107,2826,33,931844,Chris Richards,chris-richards,Crystal Palace,Premier League,Defender,2025/26,0.0318,0.0,0.0752,0.0439,0.4777,0.2866,0.0318,0.1274,4.2357,1.1146,1.3694,2.0701,6.242,3.4076
0,0,1.65,3.24,19,20,5,12,178,37,14,108,23,14,1908,28,794338,Daichi Kamada,daichi-kamada,Crystal Palace,Premier League,Midfielder,2025/26,0.0,0.0,0.0778,0.1528,0.8962,0.9434,0.2358,0.566,8.3962,1.7453,0.6604,5.0943,1.0849,0.6604
4,3,2.44,3.97,27,28,8,2,191,48,26,97,97,44,2403,29,870360,Daniel Muñoz,daniel-munoz,Crystal Palace,Premier League,Midfielder,2025/26,0.1498,0.1124,0.0914,0.1487,1.0112,1.0487,0.2996,0.0749,7.1536,1.7978,0.9738,3.633,3.633,1.6479
2,0,1.77,0.48,15,7,1,5,20,6,2,17,10,8,416,12,858194,Eddie Nketiah,eddie-nketiah,Crystal Palace,Premier League,Forward,2025/26,0.4327,0.0,0.3829,0.1038,3.2452,1.5144,0.2163,1.0817,4.3269,1.2981,0.4327,3.6779,2.1635,1.7308
1,2,1.56,1.02,11,5,2,14,61,13,5,43,10,11,933,21,930245,Evann Guessand,evann-guessand,Crystal Palace,Premier League,Forward,2025/26,0.0965,0.1929,0.1505,0.0984,1.0611,0.4823,0.1929,1.3505,5.8842,1.254,0.4823,4.1479,0.9646,1.0611
9,1,10.91,1.13,48,19,3,11,136,9,8,80,28,24,2176,28,845286,Ismaïla Sarr,ismaila-sarr,Crystal Palace,Premier League,Forward,2025/26,0.3722,0.0414,0.4512,0.0467,1.9853,0.7858,0.1241,0.455,5.625,0.3722,0.3309,3.3088,1.1581,0.9926
0,0,1.48,0.34,7,3,0,2,119,24,12,54,103,37,1347,20,1471671,Jaydee Canvot,jaydee-canvot,Crystal Palace,Premier League,Defender,2025/26,0.0,0.0,0.0989,0.0227,0.4677,0.2004,0.0,0.1336,7.951,1.6036,0.8018,3.608,6.882,2.4722
12,0,14.51,1.31,63,9,2,14,67,5,6,57,46,67,2222,32,848276,Jean-Philippe Mateta,jean-philippe-mateta,Crystal Palace,Premier League,Forward,2025/26,0.486,0.0,0.5877,0.0531,2.5518,0.3645,0.081,0.5671,2.7138,0.2025,0.243,2.3087,1.8632,2.7138
0,2,1.82,1.48,19,14,3,3,137,16,25,102,61,65,1730,31,355796,Jefferson Lerma,jefferson-lerma,Crystal Palace,Premier League,Midfielder,2025/26,0.0,0.104,0.0947,0.077,0.9884,0.7283,0.1561,0.1561,7.1272,0.8324,1.3006,5.3064,3.1734,3.3815
1,0,2.62,0.38,13,7,0,3,60,11,1,34,12,8,830,21,1084311,Justin Devenny,devenny-justin,Crystal Palace,Premier League,Midfielder,2025/26,0.1084,0.0,0.2841,0.0412,1.4096,0.759,0.0,0.3253,6.506,1.1928,0.1084,3.6867,1.3012,0.8675
4,1,5.32,1.11,44,10,1,11,109,3,4,37,38,80,2316,36,876599,Jørgen Strand Larsen,jorgen-strand-larsen,Crystal Palace,Premier League,Forward,2025/26,0.1554,0.0389,0.2067,0.0431,1.7098,0.3886,0.0389,0.4275,4.2358,0.1166,0.1554,1.4378,1.4767,3.1088
1,2,2.38,0.89,24,7,3,7,92,38,45,94,252,119,3087,35,879674,Maxence Lacroix,maxence-lacroix,Crystal Palace,Premier League,Defender,2025/26,0.0292,0.0583,0.0694,0.0259,0.6997,0.2041,0.0875,0.2041,2.6822,1.1079,1.312,2.7405,7.3469,3.4694
0,1,0.43,0.68,3,3,2,4,40,9,5,17,26,2,604,10,43215,Nathaniel Clyne,nathaniel-clyne,Crystal Palace,Premier League,Midfielder,2025/26,0.0,0.149,0.0641,0.1013,0.447,0.447,0.298,0.596,5.9603,1.3411,0.745,2.5331,3.8742,0.298
1,2,1.61,2.52,19,29,4,15,235,63,34,187,100,26,3253,38,988275,Tyrick Mitchell,tyrick-mitchell,Crystal Palace,Premier League,Midfielder,2025/26,0.0277,0.0553,0.0445,0.0697,0.5257,0.8023,0.1107,0.415,6.5017,1.743,0.9407,5.1737,2.7667,0.7193
0,0,1.09,1.89,17,21,1,11,169,15,15,66,28,17,1577,31,193554,Will Hughes,will-hughes,Crystal Palace,Premier League,Midfielder,2025/26,0.0,0.0,0.0622,0.1079,0.9702,1.1985,0.0571,0.6278,9.6449,0.8561,0.8561,3.7666,1.598,0.9702
2,2,4.51,6.11,45,48,15,18,231,20,9,101,21,22,2100,34,984624,Yéremy Pino,yeremy-pino,Crystal Palace,Premier League,Forward,2025/26,0.0857,0.0857,0.1933,0.2619,1.9286,2.0571,0.6429,0.7714,9.9,0.8571,0.3857,4.3286,0.9,0.9429
9,1,8.91,0.22,43,12,1,14,45,4,1,26,43,92,1613,37,987489,Beto,beto,Everton,Premier League,Forward,2025/26,0.5022,0.0558,0.4971,0.0123,2.3993,0.6696,0.0558,0.7812,2.5108,0.2232,0.0558,1.4507,2.3993,5.1333
0,1,1.24,0.54,20,10,2,7,84,9,3,43,7,14,730,20,1017392,Carlos Alcaraz,carlos-alcaraz,Everton,Premier League,Midfielder,2025/26,0.0,0.1233,0.1529,0.0666,2.4658,1.2329,0.2466,0.863,10.3562,1.1096,0.3699,5.3014,0.863,1.726
0,1,1.39,1.92,24,15,1,7,93,17,10,62,13,7,1188,22,935543,Dwight McNeil,dwight-mcneil,Everton,Premier League,Midfielder,2025/26,0.0,0.0758,0.1053,0.1455,1.8182,1.1364,0.0758,0.5303,7.0455,1.2879,0.7576,4.697,0.9848,0.5303
0,0,0.79,0.21,5,4,0,1,61,10,4,25,8,6,537,13,1627560,Harrison Armstrong,harrison-armstrong,Everton,Premier League,Midfielder,2025/26,0.0,0.0,0.1324,0.0352,0.838,0.6704,0.0,0.1676,10.2235,1.676,0.6704,4.1899,1.3408,1.0056
2,3,2.0,1.77,29,13,2,7,260,20,28,114,24,13,2101,25,106337,Idrissa Gana Gueye,idrissa-gana-gueye,Everton,Premier League,Midfielder,2025/26,0.0857,0.1285,0.0857,0.0758,1.2423,0.5569,0.0857,0.2999,11.1376,0.8567,1.1994,4.8834,1.0281,0.5569
6,3,6.71,4.41,43,30,7,73,327,43,16,178,19,11,2786,32,914309,Iliman Ndiaye,iliman-ndiaye,Everton,Premier League,Midfielder,2025/26,0.1938,0.0969,0.2168,0.1425,1.3891,0.9691,0.2261,2.3582,10.5635,1.3891,0.5169,5.7502,0.6138,0.3553
2,6,2.15,3.57,26,40,5,23,238,15,12,87,11,4,1631,20,189061,Jack Grealish,jack-grealish,Everton,Premier League,Midfielder,2025/26,0.1104,0.3311,0.1186,0.197,1.4347,2.2072,0.2759,1.2692,13.133,0.8277,0.6622,4.8007,0.607,0.2207
1,1,1.74,0.99,13,17,0,6,179,32,15,114,144,116,3131,37,998253,Jake O'Brien,jake-obrien,Everton,Premier League,Defender,2025/26,0.0287,0.0287,0.05,0.0285,0.3737,0.4887,0.0,0.1725,5.1453,0.9198,0.4312,3.2769,4.1393,3.3344
2,7,2.03,5.95,45,56,12,18,490,71,59,184,85,30,3414,38,927361,James Garner,james-garner,Everton,Premier League,Midfielder,2025/26,0.0527,0.1845,0.0535,0.1569,1.1863,1.4763,0.3163,0.4745,12.9174,1.8717,1.5554,4.8506,2.2408,0.7909
2,3,2.75,2.07,21,19,2,4,151,29,32,88,242,147,3330,37,145188,James Tarkowski,james-tarkovsky,Everton,Premier League,Defender,2025/26,0.0541,0.0811,0.0743,0.0559,0.5676,0.5135,0.0541,0.1081,4.0811,0.7838,0.8649,2.3784,6.5405,3.973
1,0,0.35,0.12,6,3,1,0,66,5,11,29,41,30,689,10,979563,Jarrad Branthwaite,jarrad-branthwaite,Everton,Premier League,Defender,2025/26,0.1306,0.0,0.0457,0.0157,0.7837,0.3919,0.1306,0.0,8.6212,0.6531,1.4369,3.7881,5.3556,3.9187
8,4,4.31,5.38,39,37,10,27,368,25,12,134,28,21,2635,31,861970,Kiernan Dewsbury-Hall,kiernan-dewsbury-hall,Everton,Premier League,Midfielder,2025/26,0.2732,0.1366,0.1472,0.1838,1.3321,1.2638,0.3416,0.9222,12.5693,0.8539,0.4099,4.5769,0.9564,0.7173
1,0,0.78,0.32,11,6,0,3,40,12,4,28,9,15,694,16,1064082,Merlin Röhl,merlin-rohl,Everton,Premier League,Midfielder,2025/26,0.1297,0.0,0.1012,0.0415,1.4265,0.7781,0.0,0.389,5.1873,1.5562,0.5187,3.6311,1.1671,1.9452
3,1,2.33,0.51,26,2,0,6,81,23,37,88,203,112,2619,33,110846,Michael Keane,michael-keane,Everton,Premier League,Defender,2025/26,0.1031,0.0344,0.0801,0.0175,0.8935,0.0687,0.0,0.2062,2.7835,0.7904,1.2715,3.0241,6.9759,3.8488
8,0,8.15,0.47,38,12,2,9,90,4,5,35,25,130,1932,38,1395746,Thierno Barry,thierno-barry,Everton,Premier League,Forward,2025/26,0.3727,0.0,0.3797,0.0219,1.7702,0.559,0.0932,0.4193,4.1925,0.1863,0.2329,1.6304,1.1646,6.0559
0,2,0.6,0.71,12,8,3,15,108,45,22,78,9,22,1505,29,1085950,Tim Iroegbunam,tim-iroegbunam,Everton,Premier League,Midfielder,2025/26,0.0,0.1196,0.0359,0.0425,0.7176,0.4784,0.1794,0.897,6.4585,2.691,1.3156,4.6645,0.5382,1.3156
0,0,0.2,0.16,4,4,0,13,29,3,6,22,4,2,371,14,1174472,Tyler Dibling,tyler-dibling,Everton,Premier League,Midfielder,2025/26,0.0,0.0,0.0485,0.0388,0.9704,0.9704,0.0,3.1536,7.035,0.7278,1.4555,5.3369,0.9704,0.4852
0,0,0.63,1.18,10,3,3,7,42,5,2,14,0,1,370,15,1403061,Tyrique George,tyrique-george,Everton,Premier League,Forward,2025/26,0.0,0.0,0.1532,0.287,2.4324,0.7297,0.7297,1.7027,10.2162,1.2162,0.4865,3.4054,0.0,0.2432
0,1,0.29,2.46,9,23,1,10,308,28,30,107,145,50,2960,33,876643,Vitaliy Mykolenko,vitaliy-mykolenko,Everton,Premier League,Defender,2025/26,0.0,0.0304,0.0088,0.0748,0.2736,0.6993,0.0304,0.3041,9.3649,0.8514,0.9122,3.2534,4.4088,1.5203
4,3,1.92,4.69,39,44,4,19,376,19,14,127,18,7,2434,29,352770,Alex Iwobi,alex-iwobi,Fulham,Premier League,Midfielder,2025/26,0.1479,0.1109,0.071,0.1734,1.4421,1.627,0.1479,0.7025,13.903,0.7025,0.5177,4.696,0.6656,0.2588
1,0,1.07,1.57,6,22,1,12,182,30,29,98,55,18,1492,22,803174,Antonee Robinson,antonee-robinson,Fulham,Premier League,Defender,2025/26,0.0603,0.0,0.0645,0.0947,0.3619,1.3271,0.0603,0.7239,10.9786,1.8097,1.7493,5.9115,3.3177,1.0858
1,0,1.72,0.39,13,10,0,10,157,36,22,119,99,39,2544,30,861972,Calvin Bassey,calvin-bassey,Fulham,Premier League,Defender,2025/26,0.0354,0.0,0.0608,0.0138,0.4599,0.3538,0.0,0.3538,5.5542,1.2736,0.7783,4.2099,3.5024,1.3797
3,0,4.77,1.11,36,18,1,14,288,21,22,71,18,7,1943,37,867445,Emile Smith Rowe,emile-smith-rowe,Fulham,Premier League,Midfielder,2025/26,0.139,0.0,0.2209,0.0514,1.6675,0.8338,0.0463,0.6485,13.3402,0.9727,1.019,3.2887,0.8338,0.3242
10,7,5.83,4.78,78,39,8,18,265,19,15,82,48,5,2691,36,355528,Harry Wilson,harry-wilson,Fulham,Premier League,Midfielder,2025/26,0.3344,0.2341,0.195,0.1599,2.6087,1.3043,0.2676,0.602,8.8629,0.6355,0.5017,2.7425,1.6054,0.1672
1,0,0.8,0.05,2,0,0,1,28,4,6,19,42,15,827,13,825719,Issa Diop,issa-diop,Fulham,Premier League,Defender,2025/26,0.1088,0.0,0.0871,0.0054,0.2177,0.0,0.0,0.1088,3.0472,0.4353,0.653,2.0677,4.5707,1.6324
0,1,1.48,1.82,16,7,3,6,227,27,36,114,229,79,2884,33,362682,Joachim Andersen,joachim-andersen,Fulham,Premier League,Defender,2025/26,0.0,0.0312,0.0462,0.0568,0.4993,0.2184,0.0936,0.1872,7.0839,0.8426,1.1234,3.5576,7.1463,2.4653
0,0,0.05,0.56,1,3,1,2,44,9,16,40,75,17,965,15,868715,Jorge Cuenca,jorge-cuenca,Fulham,Premier League,Defender,2025/26,0.0,0.0,0.0047,0.0522,0.0933,0.2798,0.0933,0.1865,4.1036,0.8394,1.4922,3.7306,6.9948,1.5855
1,2,2.47,0.65,26,15,0,16,110,14,3,59,14,3,1310,32,1546231,Josh King,joshua-king,Fulham,Premier League,Midfielder,2025/26,0.0687,0.1374,0.1697,0.0447,1.7863,1.0305,0.0,1.0992,7.5573,0.9618,0.2061,4.0534,0.9618,0.2061
1,0,0.96,1.42,16,11,1,8,145,38,27,82,68,27,1802,22,190877,Kenny Tete,kenny-tete,Fulham,Premier League,Defender,2025/26,0.0499,0.0,0.0479,0.0709,0.7991,0.5494,0.0499,0.3996,7.242,1.8979,1.3485,4.0954,3.3962,1.3485
1,1,1.2,1.48,25,14,1,44,125,11,9,48,8,8,1037,26,1112879,Kevin,kevin,Fulham,Premier League,Midfielder,2025/26,0.0868,0.0868,0.1041,0.1284,2.1697,1.215,0.0868,3.8187,10.8486,0.9547,0.7811,4.1659,0.6943,0.6943
0,1,1.48,2.11,12,22,1,27,164,12,9,42,3,6,1050,23,1065216,Oscar Bobb,oscar-bobb,Fulham,Premier League,Midfielder,2025/26,0.0,0.0857,0.1269,0.1809,1.0286,1.8857,0.0857,2.3143,14.0571,1.0286,0.7714,3.6,0.2571,0.5143
9,3,11.5,0.93,74,25,2,10,109,21,8,55,30,85,2206,36,192442,Raúl Jiménez,raul-jimenez,Fulham,Premier League,Forward,2025/26,0.3672,0.1224,0.4692,0.0379,3.019,1.0199,0.0816,0.408,4.447,0.8568,0.3264,2.2439,1.2239,3.4678
1,1,3.34,0.14,32,8,1,5,26,3,2,15,24,78,997,21,1015256,Rodrigo Muniz,rodrigo-muniz,Fulham,Premier League,Forward,2025/26,0.0903,0.0903,0.3015,0.0126,2.8887,0.7222,0.0903,0.4514,2.347,0.2708,0.1805,1.3541,2.1665,7.0411
3,1,1.61,1.81,16,14,3,9,139,29,25,74,64,19,1822,27,836698,Ryan Sessegnon,ryan-sessegnon,Fulham,Premier League,Defender,2025/26,0.1482,0.0494,0.0795,0.0894,0.7903,0.6915,0.1482,0.4446,6.8661,1.4325,1.2349,3.6553,3.1614,0.9385
3,4,2.07,3.3,25,24,4,18,126,4,7,57,10,7,1075,23,822470,Samuel Chukwueze,samuel-chukwueze,Fulham,Premier League,Forward,2025/26,0.2512,0.3349,0.1733,0.2763,2.093,2.0093,0.3349,1.507,10.5488,0.3349,0.586,4.7721,0.8372,0.586
0,1,1.54,1.5,15,21,3,9,296,40,25,133,50,50,2911,35,793167,Sander Berge,sander-berge,Fulham,Premier League,Midfielder,2025/26,0.0,0.0309,0.0476,0.0464,0.4638,0.6493,0.0928,0.2783,9.1515,1.2367,0.7729,4.112,1.5459,1.5459
1,2,2.26,1.91,18,28,3,6,172,27,18,71,36,23,1734,26,371222,Saša Lukić,sasa-lukic,Fulham,Premier League,Midfielder,2025/26,0.0519,0.1038,0.1173,0.0991,0.9343,1.4533,0.1557,0.3114,8.9273,1.4014,0.9343,3.6851,1.8685,1.1938
0,0,1.42,1.46,14,18,3,3,158,24,31,56,65,27,1872,30,329417,Timothy Castagne,timothy-castagne,Fulham,Premier League,Defender,2025/26,0.0,0.0,0.0683,0.0702,0.6731,0.8654,0.1442,0.1442,7.5962,1.1538,1.4904,2.6923,3.125,1.2981
2,0,1.21,0.82,17,11,0,4,160,3,4,43,7,10,805,24,82566,Tom Cairney,tom-cairney,Fulham,Premier League,Midfielder,2025/26,0.2236,0.0,0.1353,0.0917,1.9006,1.2298,0.0,0.4472,17.8882,0.3354,0.4472,4.8075,0.7826,1.118
5,3,2.92,4.51,55,63,9,20,250,36,20,119,52,48,2378,29,889861,Anton Stach,anton-stach,Leeds United,Premier League,Midfielder,2025/26,0.1892,0.1135,0.1105,0.1707,2.0816,2.3844,0.3406,0.7569,9.4617,1.3625,0.7569,4.5038,1.968,1.8167
2,0,1.61,1.47,17,18,1,4,130,14,21,81,15,12,1326,28,871886,Ao Tanaka,ao-tanaka,Leeds United,Premier League,Midfielder,2025/26,0.1357,0.0,0.1093,0.0998,1.1538,1.2217,0.0679,0.2715,8.8235,0.9502,1.4253,5.4977,1.0181,0.8145
4,5,4.55,3.63,47,34,9,31,192,25,15,130,17,24,2473,37,973431,Brenden Aaronson,brenden-aaronson,Leeds United,Premier League,Forward,2025/26,0.1456,0.182,0.1656,0.1321,1.7105,1.2374,0.3275,1.1282,6.9875,0.9098,0.5459,4.7311,0.6187,0.8734
0,0,0.91,0.73,14,9,1,6,41,4,1,19,8,7,566,19,828639,Daniel James,daniel-james,Leeds United,Premier League,Midfielder,2025/26,0.0,0.0,0.1447,0.1161,2.2261,1.4311,0.159,0.9541,6.5194,0.636,0.159,3.0212,1.2721,1.1131
14,1,15.81,1.09,74,20,2,8,130,4,4,46,36,128,2726,35,372344,Dominic Calvert-Lewin,dominic-calvert-lewin,Leeds United,Premier League,Forward,2025/26,0.4622,0.033,0.522,0.036,2.4431,0.6603,0.066,0.2641,4.292,0.1321,0.1321,1.5187,1.1886,4.226
1,1,2.5,2.25,26,20,1,12,283,46,50,182,83,57,3123,35,847097,Ethan Ampadu,ethan-ampadu,Leeds United,Premier League,Midfielder,2025/26,0.0288,0.0288,0.072,0.0648,0.7493,0.5764,0.0288,0.3458,8.1556,1.3256,1.4409,5.245,2.3919,1.6427
0,0,1.1,2.75,18,21,4,39,169,44,27,112,83,18,2642,32,834308,Gabriel Gudmundsson,gabriel-gudmundsson,Leeds United,Premier League,Defender,2025/26,0.0,0.0,0.0375,0.0937,0.6132,0.7154,0.1363,1.3285,5.757,1.4989,0.9198,3.8153,2.8274,0.6132
0,3,0.47,0.88,7,11,2,6,80,12,15,51,19,14,1334,23,911679,Ilia Gruev,ilia-gruev,Leeds United,Premier League,Midfielder,2025/26,0.0,0.2024,0.0317,0.0594,0.4723,0.7421,0.1349,0.4048,5.3973,0.8096,1.012,3.4408,1.2819,0.9445
1,2,0.88,0.78,15,7,3,2,77,14,24,63,160,66,1913,25,886930,Jaka Bijol,jaka-bijol,Leeds United,Premier League,Defender,2025/26,0.047,0.0941,0.0414,0.0367,0.7057,0.3293,0.1411,0.0941,3.6226,0.6587,1.1291,2.9639,7.5274,3.1051
2,1,1.67,1.17,24,12,5,3,107,37,28,70,90,40,1916,29,827681,James Justin,james-justin,Leeds United,Premier League,Defender,2025/26,0.0939,0.047,0.0784,0.055,1.1273,0.5637,0.2349,0.1409,5.0261,1.738,1.3152,3.2881,4.2276,1.8789
1,2,2.11,3.16,18,21,7,19,172,43,34,134,73,24,2809,34,929132,Jayden Bogle,jayden-bogle,Leeds United,Premier League,Midfielder,2025/26,0.032,0.0641,0.0676,0.1012,0.5767,0.6728,0.2243,0.6088,5.5109,1.3777,1.0894,4.2933,2.3389,0.769
2,0,1.41,0.57,18,9,1,1,130,20,29,85,185,85,2953,35,828640,Joe Rodon,joe-rodon,Leeds United,Premier League,Defender,2025/26,0.061,0.0,0.043,0.0174,0.5486,0.2743,0.0305,0.0305,3.9621,0.6095,0.8838,2.5906,5.6383,2.5906
0,0,0.96,0.13,14,1,0,1,30,1,1,9,1,5,315,16,850823,Joël Piroe,joel-piroe,Leeds United,Premier League,Forward,2025/26,0.0,0.0,0.2743,0.0371,4.0,0.2857,0.0,0.2857,8.5714,0.2857,0.2857,2.5714,0.2857,1.4286
6,1,7.23,1.56,30,11,2,7,56,7,3,31,11,32,1092,31,803185,Lukas Nmecha,lukas-nmecha,Leeds United,Premier League,Forward,2025/26,0.4945,0.0824,0.5959,0.1286,2.4725,0.9066,0.1648,0.5769,4.6154,0.5769,0.2473,2.5549,0.9066,2.6374
8,1,5.26,1.32,35,20,4,39,107,15,12,61,16,12,1573,28,865523,Noah Okafor,noah-okafor,Leeds United,Premier League,Forward,2025/26,0.4577,0.0572,0.301,0.0755,2.0025,1.1443,0.2289,2.2314,6.1221,0.8582,0.6866,3.4901,0.9154,0.6866
0,1,3.02,0.78,31,12,2,4,171,23,31,118,207,110,2937,34,836675,Pascal Struijk,pascal-struijk,Leeds United,Premier League,Defender,2025/26,0.0,0.0306,0.0925,0.0239,0.9499,0.3677,0.0613,0.1226,5.24,0.7048,0.9499,3.6159,6.3432,3.3708
2,2,1.25,1.91,16,25,6,2,83,23,12,43,11,10,1046,23,866191,Sean Longstaff,sean-longstaff,Leeds United,Premier League,Midfielder,2025/26,0.1721,0.1721,0.1076,0.1643,1.3767,2.1511,0.5163,0.1721,7.1415,1.979,1.0325,3.6998,0.9465,0.8604
0,0,0.2,0.02,1,0,0,1,9,4,5,13,30,11,439,12,826167,Sebastiaan Bornauw,sebastiaan-bornauw,Leeds United,Premier League,Defender,2025/26,0.0,0.0,0.041,0.0041,0.205,0.0,0.0,0.205,1.8451,0.82,1.0251,2.6651,6.1503,2.2551
0,1,0.41,0.72,10,9,1,5,76,14,3,26,12,1,535,23,998951,Wilfried Gnonto,wilfried-gnonto,Leeds United,Premier League,Forward,2025/26,0.0,0.1682,0.069,0.1211,1.6822,1.514,0.1682,0.8411,12.785,2.3551,0.5047,4.3738,2.0187,0.1682
3,1,2.65,0.1,17,2,1,1,31,6,0,13,9,8,714,14,823941,Alexander Isak,alexander-isak,Liverpool FC,Premier League,Forward,2025/26,0.3782,0.1261,0.334,0.0126,2.1429,0.2521,0.1261,0.1261,3.9076,0.7563,0.0,1.6387,1.1345,1.0084
2,4,3.89,1.68,52,36,4,11,366,26,21,112,35,17,2675,37,895324,Alexis Mac Allister,alexis-mac-allister,Liverpool FC,Premier League,Midfielder,2025/26,0.0673,0.1346,0.1309,0.0565,1.7495,1.2112,0.1346,0.3701,12.314,0.8748,0.7065,3.7682,1.1776,0.572
1,0,1.1,1.39,10,20,3,3,210,9,8,40,32,14,1188,24,262911,Andy Robertson,andy-robertson,Liverpool FC,Premier League,Defender,2025/26,0.0758,0.0,0.0833,0.1053,0.7576,1.5152,0.2273,0.2273,15.9091,0.6818,0.6061,3.0303,2.4242,1.0606
7,5,8.46,4.69,87,54,10,34,339,14,13,87,21,56,2754,36,862967,Cody Gakpo,cody-gakpo,Liverpool FC,Premier League,Midfielder,2025/26,0.2288,0.1634,0.2765,0.1533,2.8431,1.7647,0.3268,1.1111,11.0784,0.4575,0.4248,2.8431,0.6863,1.8301
0,1,0.24,0.94,6,4,3,7,137,15,13,43,29,15,932,15,1008402,Conor Bradley,conor-bradley,Liverpool FC,Premier League,Defender,2025/26,0.0,0.0966,0.0232,0.0908,0.5794,0.3863,0.2897,0.676,13.2296,1.4485,1.2554,4.1524,2.8004,1.4485
1,2,2.77,2.79,23,21,4,22,480,24,18,144,29,11,1950,34,927353,Curtis Jones,curtis-jones,Liverpool FC,Premier League,Midfielder,2025/26,0.0462,0.0923,0.1278,0.1288,1.0615,0.9692,0.1846,1.0154,22.1538,1.1077,0.8308,6.6462,1.3385,0.5077
6,7,4.85,6.81,71,78,14,26,660,32,30,187,58,19,3233,36,869856,Dominik Szoboszlai,dominik-szoboszlai,Liverpool FC,Premier League,Midfielder,2025/26,0.167,0.1949,0.135,0.1896,1.9765,2.1714,0.3897,0.7238,18.373,0.8908,0.8351,5.2057,1.6146,0.5289
2,1,1.5,0.61,17,3,2,2,42,6,4,9,7,3,400,26,845386,Federico Chiesa,federico-chiesa,Liverpool FC,Premier League,Forward,2025/26,0.45,0.225,0.3375,0.1372,3.825,0.675,0.45,0.45,9.45,1.35,0.9,2.025,1.575,0.675
5,3,7.03,5.17,51,61,5,39,585,26,11,115,13,7,2388,33,1019322,Florian Wirtz,florian-wirtz,Liverpool FC,Premier League,Midfielder,2025/26,0.1884,0.1131,0.2649,0.1948,1.9221,2.299,0.1884,1.4698,22.0477,0.9799,0.4146,4.3342,0.4899,0.2638
11,4,9.87,2.67,65,21,3,38,162,7,3,42,27,31,1810,28,1048422,Hugo Ekitiké,hugo-ekitike,Liverpool FC,Premier League,Forward,2025/26,0.547,0.1989,0.4908,0.1328,3.232,1.0442,0.1492,1.8895,8.0552,0.3481,0.1492,2.0884,1.3425,1.5414
1,0,1.21,0.98,12,8,2,5,249,28,29,117,190,124,3100,36,826215,Ibrahima Konaté,ibrahima-konate,Liverpool FC,Premier League,Defender,2025/26,0.029,0.0,0.0351,0.0285,0.3484,0.2323,0.0581,0.1452,7.229,0.8129,0.8419,3.3968,5.5161,3.6
0,1,0.51,1.58,10,15,5,18,157,10,6,52,13,7,1068,21,970361,Jeremie Frimpong,jeremie-frimpong,Liverpool FC,Premier League,Defender,2025/26,0.0,0.0843,0.043,0.1331,0.8427,1.264,0.4213,1.5169,13.2303,0.8427,0.5056,4.382,1.0955,0.5899
0,2,0.27,0.66,5,6,3,3,47,7,9,20,25,13,644,21,318927,Joe Gomez,joe-gomez,Liverpool FC,Premier League,Defender,2025/26,0.0,0.2795,0.0377,0.0922,0.6988,0.8385,0.4193,0.4193,6.5683,0.9783,1.2578,2.795,3.4938,1.8168
2,1,1.59,0.7,9,26,3,12,307,26,14,88,71,33,2301,34,1097425,Miloš Kerkez,milos-kerkez,Liverpool FC,Premier League,Defender,2025/26,0.0782,0.0391,0.0622,0.0274,0.352,1.0169,0.1173,0.4694,12.0078,1.0169,0.5476,3.442,2.7771,1.2907
7,7,8.16,5.31,68,49,11,19,354,12,4,81,7,8,2148,27,159665,Mohamed Salah,mohamed-salah,Liverpool FC,Premier League,Midfielder,2025/26,0.2933,0.2933,0.3419,0.2225,2.8492,2.0531,0.4609,0.7961,14.8324,0.5028,0.1676,3.3939,0.2933,0.3352
2,1,1.31,2.03,16,16,3,30,110,2,3,19,3,0,582,19,1881902,Rio Ngumoha,rio-ngumoha,Liverpool FC,Premier League,Forward,2025/26,0.3093,0.1546,0.2026,0.3139,2.4742,2.4742,0.4639,4.6392,17.0103,0.3093,0.4639,2.9381,0.4639,0.0
5,3,1.9,2.26,38,29,4,32,465,36,48,128,53,27,2996,36,904897,Ryan Gravenberch,ryan-gravenberch,Liverpool FC,Premier League,Midfielder,2025/26,0.1502,0.0901,0.0571,0.0679,1.1415,0.8712,0.1202,0.9613,13.9686,1.0814,1.4419,3.8451,1.5921,0.8111
6,0,3.77,1.35,30,12,0,2,410,13,28,87,275,174,3420,38,151545,Virgil van Dijk,virgil-van-dijk,Liverpool FC,Premier League,Defender,2025/26,0.1579,0.0,0.0992,0.0355,0.7895,0.3158,0.0,0.0526,10.7895,0.3421,0.7368,2.2895,7.2368,4.5789
0,0,0.68,0.57,7,6,0,7,130,20,33,75,56,15,1429,21,1194333,Abdukodir Khusanov,abdukodir-khusanov,Manchester City,Premier League,Defender,2025/26,0.0,0.0,0.0428,0.0359,0.4409,0.3779,0.0,0.4409,8.1875,1.2596,2.0784,4.7236,3.5269,0.9447
17,4,11.09,3.12,83,39,8,59,341,32,13,143,29,59,3200,37,934354,Antoine Semenyo,antoine-semenyo,Manchester City,Premier League,Midfielder,2025/26,0.4781,0.1125,0.3119,0.0878,2.3344,1.0969,0.225,1.6594,9.5906,0.9,0.3656,4.0219,0.8156,1.6594
2,4,2.56,4.08,30,47,7,21,630,28,22,146,34,4,2890,38,331209,Bernardo Silva,bernardo-silva,Manchester City,Premier League,Midfielder,2025/26,0.0623,0.1246,0.0797,0.1271,0.9343,1.4637,0.218,0.654,19.6194,0.872,0.6851,4.5467,1.0588,0.1246
27,8,25.43,2.85,126,25,9,17,107,9,5,41,42,73,2958,35,839956,Erling Haaland,erling-haaland,Manchester City,Premier League,Forward,2025/26,0.8215,0.2434,0.7737,0.0867,3.8337,0.7606,0.2738,0.5172,3.2556,0.2738,0.1521,1.2475,1.2779,2.2211
0,0,0.0,0.09,0,1,0,2,34,1,3,19,21,11,449,9,152077,John Stones,john-stones,Manchester City,Premier League,Defender,2025/26,0.0,0.0,0.0,0.018,0.0,0.2004,0.0,0.4009,6.8151,0.2004,0.6013,3.8085,4.2094,2.2049
2,2,2.4,0.71,17,6,1,2,203,13,15,50,61,29,1374,18,964994,Joško Gvardiol,josko-gvardiol,Manchester City,Premier League,Defender,2025/26,0.131,0.131,0.1572,0.0465,1.1135,0.393,0.0655,0.131,13.2969,0.8515,0.9825,3.2751,3.9956,1.8996
5,5,2.75,6.18,39,60,13,84,386,15,13,88,2,4,1784,30,934386,Jérémy Doku,jeremy-doku,Manchester City,Premier League,Midfielder,2025/26,0.2522,0.2522,0.1387,0.3118,1.9675,3.0269,0.6558,4.2377,19.4731,0.7567,0.6558,4.4395,0.1009,0.2018
3,3,4.12,2.32,32,18,5,7,398,31,50,138,164,103,3150,35,877994,Marc Guéhi,marc-guehi,Manchester City,Premier League,Defender,2025/26,0.0857,0.0857,0.1177,0.0663,0.9143,0.5143,0.1429,0.2,11.3714,0.8857,1.4286,3.9429,4.6857,2.9429
1,5,0.35,2.24,7,28,6,28,600,40,30,169,100,42,2865,34,945122,Matheus Nunes,matheus-nunes,Manchester City,Premier League,Defender,2025/26,0.0314,0.1571,0.011,0.0704,0.2199,0.8796,0.1885,0.8796,18.8482,1.2565,0.9424,5.3089,3.1414,1.3194
0,0,0.72,0.53,6,7,2,0,110,5,5,17,31,18,703,18,149663,Nathan Aké,nathan-ake,Manchester City,Premier League,Defender,2025/26,0.0,0.0,0.0922,0.0679,0.7681,0.8962,0.256,0.0,14.0825,0.6401,0.6401,2.1764,3.9687,2.3044
1,0,0.7,1.11,14,11,1,12,299,30,24,90,44,33,1575,25,954056,Nico González,nico-gonzalez,Manchester City,Premier League,Midfielder,2025/26,0.0571,0.0,0.04,0.0634,0.8,0.6286,0.0571,0.6857,17.0857,1.7143,1.3714,5.1429,2.5143,1.8857
5,3,6.03,2.69,41,23,6,24,326,36,20,109,72,51,2648,34,1142703,Nico O'Reilly,nico-o-reilly,Manchester City,Premier League,Defender,2025/26,0.1699,0.102,0.2049,0.0914,1.3935,0.7817,0.2039,0.8157,11.0801,1.2236,0.6798,3.7047,2.4471,1.7334
3,3,2.71,0.79,30,12,3,10,64,7,2,20,2,3,734,21,873554,Omar Marmoush,omar-marmoush,Manchester City,Premier League,Forward,2025/26,0.3678,0.3678,0.3323,0.0969,3.6785,1.4714,0.3678,1.2262,7.8474,0.8583,0.2452,2.4523,0.2452,0.3678
7,5,6.42,4.77,55,55,11,25,373,16,9,102,12,6,2107,33,859765,Phil Foden,phil-foden,Manchester City,Premier League,Midfielder,2025/26,0.299,0.2136,0.2742,0.2037,2.3493,2.3493,0.4699,1.0679,15.9326,0.6834,0.3844,4.3569,0.5126,0.2563
0,2,0.59,2.02,10,12,2,22,182,22,13,49,18,14,976,17,931278,Rayan Aït-Nouri,rayan-ait-nouri,Manchester City,Premier League,Defender,2025/26,0.0,0.1844,0.0544,0.1863,0.9221,1.1066,0.1844,2.0287,16.7828,2.0287,1.1988,4.5184,1.6598,1.291
4,12,4.13,8.65,55,61,19,51,480,18,7,91,7,1,1794,33,979128,Rayan Cherki,cherki-rayan,Manchester City,Premier League,Midfielder,2025/26,0.2007,0.602,0.2072,0.4339,2.7592,3.0602,0.9532,2.5585,24.0803,0.903,0.3512,4.5652,0.3512,0.0502
0,1,0.19,1.39,3,7,2,2,82,3,7,15,6,1,423,11,1136731,Rico Lewis,rico-lewis,Manchester City,Premier League,Defender,2025/26,0.0,0.2128,0.0404,0.2957,0.6383,1.4894,0.4255,0.4255,17.4468,0.6383,1.4894,3.1915,1.2766,0.2128
1,0,1.13,2.59,16,25,2,7,340,22,14,107,41,39,1513,21,827606,Rodri,rodri,Manchester City,Premier League,Midfielder,2025/26,0.0595,0.0,0.0672,0.1541,0.9518,1.4871,0.119,0.4164,20.2247,1.3087,0.8328,6.3648,2.4389,2.3199
2,0,0.56,0.64,10,7,0,3,237,6,23,73,117,58,2149,26,318941,Rúben Dias,ruben-dias,Manchester City,Premier League,Defender,2025/26,0.0838,0.0,0.0235,0.0268,0.4188,0.2932,0.0,0.1256,9.9255,0.2513,0.9632,3.0572,4.9,2.429
1,1,2.33,1.62,20,9,0,17,157,5,5,39,6,0,846,24,1046795,Sávio,savio,Manchester City,Premier League,Midfielder,2025/26,0.1064,0.1064,0.2479,0.1723,2.1277,0.9574,0.0,1.8085,16.7021,0.5319,0.5319,4.1489,0.6383,0.0
5,2,4.45,2.34,49,18,4,20,275,4,10,58,20,3,1640,28,893549,Tijjani Reijnders,tijjani-reijnders,Manchester City,Premier League,Midfielder,2025/26,0.2744,0.1098,0.2442,0.1284,2.689,0.9878,0.2195,1.0976,15.0915,0.2195,0.5488,3.1829,1.0976,0.1646
2,3,5.57,4.78,53,41,7,39,330,25,17,113,29,13,2344,32,971037,Amad Diallo,diallo-amad,Manchester United,Premier League,Midfielder,2025/26,0.0768,0.1152,0.2139,0.1835,2.035,1.5742,0.2688,1.4974,12.6706,0.9599,0.6527,4.3387,1.1135,0.4991
0,1,0.35,0.18,3,2,1,6,33,13,1,40,60,18,938,17,1445799,Ayden Heaven,heaven-ayden,Manchester United,Premier League,Defender,2025/26,0.0,0.0959,0.0336,0.0173,0.2878,0.1919,0.0959,0.5757,3.1663,1.2473,0.0959,3.838,5.7569,1.7271
11,1,9.2,0.28,61,9,0,10,64,3,3,38,15,64,1635,30,986397,Benjamin Šeško,benjamin-sesko,Manchester United,Premier League,Forward,2025/26,0.6055,0.055,0.5064,0.0154,3.3578,0.4954,0.0,0.5505,3.5229,0.1651,0.1651,2.0917,0.8257,3.5229
9,21,10.83,12.32,85,137,33,15,662,32,20,167,42,21,3066,35,288205,Bruno Fernandes,bruno-fernandes,Manchester United,Premier League,Midfielder,2025/26,0.2642,0.6164,0.3179,0.3616,2.4951,4.0215,0.9687,0.4403,19.4325,0.9393,0.5871,4.9022,1.2329,0.6164
11,3,12.19,5.04,73,47,6,18,296,11,8,91,14,15,2621,33,927083,Bryan Mbeumo,bryan-mbeumo,Manchester United,Premier League,Forward,2025/26,0.3777,0.103,0.4186,0.1731,2.5067,1.6139,0.206,0.6181,10.1641,0.3777,0.2747,3.1248,0.4807,0.5151
9,2,5.52,3.12,52,36,4,6,306,45,31,138,73,57,2593,34,122951,Casemiro,casemiro,Manchester United,Premier League,Midfielder,2025/26,0.3124,0.0694,0.1916,0.1083,1.8049,1.2495,0.1388,0.2083,10.6209,1.5619,1.076,4.7898,2.5337,1.9784
1,3,2.0,2.57,24,29,5,18,270,30,27,135,92,52,2616,34,843200,Diogo Dalot,diogo-dalot,Manchester United,Premier League,Defender,2025/26,0.0344,0.1032,0.0688,0.0884,0.8257,0.9977,0.172,0.6193,9.289,1.0321,0.9289,4.6445,3.1651,1.789
1,2,1.11,0.52,14,4,2,1,66,17,13,62,105,59,1667,23,149380,Harry Maguire,harry-maguire,Manchester United,Premier League,Defender,2025/26,0.054,0.108,0.0599,0.0281,0.7558,0.216,0.108,0.054,3.5633,0.9178,0.7019,3.3473,5.6689,3.1854
2,1,2.95,0.35,25,11,2,5,48,6,1,19,11,20,666,24,917007,Joshua Zirkzee,joshua-zirkzee,Manchester United,Premier League,Forward,2025/26,0.2703,0.1351,0.3986,0.0473,3.3784,1.4865,0.2703,0.6757,6.4865,0.8108,0.1351,2.5676,1.4865,2.7027
1,2,0.48,1.28,13,22,1,19,229,20,20,95,25,15,1670,28,1142175,Kobbie Mainoo,kobbie-mainoo,Manchester United,Premier League,Midfielder,2025/26,0.0539,0.1078,0.0259,0.069,0.7006,1.1856,0.0539,1.024,12.3413,1.0778,1.0778,5.1198,1.3473,0.8084
0,0,1.39,0.63,9,4,0,2,132,21,31,73,85,44,1748,32,1153315,Leny Yoro,leny-yoro,Manchester United,Premier League,Defender,2025/26,0.0,0.0,0.0716,0.0324,0.4634,0.2059,0.0,0.103,6.7963,1.0812,1.5961,3.7586,4.3764,2.2654
0,0,0.15,0.6,5,5,1,14,117,12,12,67,62,12,1237,18,859999,Lisandro Martínez,lisandro-martinez,Manchester United,Premier League,Defender,2025/26,0.0,0.0,0.0109,0.0437,0.3638,0.3638,0.0728,1.0186,8.5125,0.8731,0.8731,4.8747,4.5109,0.8731
1,1,0.71,1.98,10,16,1,10,309,45,46,107,95,64,3231,38,190839,Luke Shaw,luke-shaw,Manchester United,Premier League,Defender,2025/26,0.0279,0.0279,0.0198,0.0552,0.2786,0.4457,0.0279,0.2786,8.6072,1.2535,1.2813,2.9805,2.6462,1.7827
0,0,0.71,0.2,13,3,0,7,97,29,20,51,20,11,900,22,846425,Manuel Ugarte,manuel-ugarte,Manchester United,Premier League,Midfielder,2025/26,0.0,0.0,0.071,0.02,1.3,0.3,0.0,0.7,9.7,2.9,2.0,5.1,2.0,1.1
3,0,1.5,1.62,19,14,1,7,146,13,9,60,9,7,1018,23,836694,Mason Mount,mason-mount,Manchester United,Premier League,Midfielder,2025/26,0.2652,0.0,0.1326,0.1432,1.6798,1.2377,0.0884,0.6189,12.9077,1.1493,0.7957,5.3045,0.7957,0.6189
10,2,7.06,3.28,90,35,4,44,283,23,21,127,22,28,2503,33,886363,Matheus Cunha,matheus-cunha,Manchester United,Premier League,Forward,2025/26,0.3596,0.0719,0.2539,0.1179,3.2361,1.2585,0.1438,1.5821,10.1758,0.827,0.7551,4.5665,0.7911,1.0068
1,0,1.46,0.77,11,3,2,1,35,13,15,40,68,50,1170,13,803031,Matthijs de Ligt,matthijs-de-ligt,Manchester United,Premier League,Defender,2025/26,0.0769,0.0,0.1123,0.0592,0.8462,0.2308,0.1538,0.0769,2.6923,1.0,1.1538,3.0769,5.2308,3.8462
0,0,0.19,0.36,5,7,0,8,134,16,14,46,54,18,1022,20,847030,Noussair Mazraoui,noussair-mazraoui,Manchester United,Premier League,Defender,2025/26,0.0,0.0,0.0167,0.0317,0.4403,0.6164,0.0,0.7045,11.8004,1.409,1.2329,4.0509,4.7554,1.5851
4,4,2.35,1.85,26,27,6,11,133,31,15,77,32,44,1461,26,1397168,Patrick Dorgu,dorgu-patrick,Manchester United,Premier League,Midfielder,2025/26,0.2464,0.2464,0.1448,0.114,1.6016,1.6632,0.3696,0.6776,8.193,1.9097,0.924,4.7433,1.9713,2.7105
0,1,1.67,1.76,17,15,2,13,154,11,3,32,6,13,1338,32,979232,Anthony Elanga,anthony-elanga,Newcastle United,Premier League,Forward,2025/26,0.0,0.0673,0.1123,0.1184,1.1435,1.009,0.1345,0.8744,10.3587,0.7399,0.2018,2.1525,0.4036,0.8744
6,2,8.83,3.37,48,26,5,33,203,13,3,57,13,8,1817,26,914902,Anthony Gordon,anthony-gordon,Newcastle United,Premier League,Forward,2025/26,0.2972,0.0991,0.4374,0.1669,2.3775,1.2878,0.2477,1.6346,10.055,0.6439,0.1486,2.8233,0.6439,0.3963
9,5,5.6,4.98,42,46,7,18,446,43,15,135,36,13,2455,29,866469,Bruno Guimarães,bruno-guimaraes,Newcastle United,Premier League,Midfielder,2025/26,0.3299,0.1833,0.2053,0.1826,1.5397,1.6864,0.2566,0.6599,16.3503,1.5764,0.5499,4.9491,1.3198,0.4766
1,2,1.06,0.4,10,7,0,2,110,26,21,76,152,98,2209,29,99090,Dan Burn,dan-burn,Newcastle United,Premier League,Defender,2025/26,0.0407,0.0815,0.0432,0.0163,0.4074,0.2852,0.0,0.0815,4.4817,1.0593,0.8556,3.0964,6.1928,3.9928
0,0,0.98,0.61,17,4,0,0,78,10,18,43,71,46,1091,16,101882,Fabian Schär,fabian-schar,Newcastle United,Premier League,Defender,2025/26,0.0,0.0,0.0808,0.0503,1.4024,0.33,0.0,0.0,6.4345,0.8249,1.4849,3.5472,5.857,3.7947
7,1,7.07,2.75,58,24,4,13,244,5,3,67,16,7,1961,37,855647,Harvey Barnes,harvey-barnes,Newcastle United,Premier League,Forward,2025/26,0.3213,0.0459,0.3245,0.1262,2.6619,1.1015,0.1836,0.5966,11.1984,0.2295,0.1377,3.075,0.7343,0.3213
3,2,3.15,2.74,42,23,10,20,173,12,6,47,17,7,1627,33,372336,Jacob Murphy,jacob-murphy,Newcastle United,Premier League,Forward,2025/26,0.1659,0.1106,0.1742,0.1516,2.3233,1.2723,0.5532,1.1063,9.5698,0.6638,0.3319,2.5999,0.9404,0.3872
2,3,1.19,1.43,16,22,2,15,206,22,9,85,10,9,1465,28,975937,Jacob Ramsey,jacob-ramsey,Newcastle United,Premier League,Midfielder,2025/26,0.1229,0.1843,0.0731,0.0878,0.9829,1.3515,0.1229,0.9215,12.6553,1.3515,0.5529,5.2218,0.6143,0.5529
0,2,1.26,1.1,17,14,4,7,117,14,9,52,6,10,1011,24,888550,Joe Willock,joe-willock,Newcastle United,Premier League,Midfielder,2025/26,0.0,0.178,0.1122,0.0979,1.5134,1.2463,0.3561,0.6231,10.4154,1.2463,0.8012,4.6291,0.5341,0.8902
2,1,2.39,1.35,32,17,3,16,209,24,30,120,40,63,1953,27,560128,Joelinton,joelinton,Newcastle United,Premier League,Midfielder,2025/26,0.0922,0.0461,0.1101,0.0622,1.4747,0.7834,0.1382,0.7373,9.6313,1.106,1.3825,5.53,1.8433,2.9032
0,1,0.08,2.01,2,28,1,4,279,14,10,73,48,24,1592,21,69256,Kieran Trippier,kieran-trippier,Newcastle United,Premier League,Defender,2025/26,0.0,0.0565,0.0045,0.1136,0.1131,1.5829,0.0565,0.2261,15.7726,0.7915,0.5653,4.1269,2.7136,1.3568
1,1,1.01,2.75,25,25,5,37,324,31,28,134,77,26,2179,30,1136730,Lewis Hall,lewis-hall,Newcastle United,Premier League,Defender,2025/26,0.0413,0.0413,0.0417,0.1136,1.0326,1.0326,0.2065,1.5282,13.3823,1.2804,1.1565,5.5346,3.1804,1.0739
1,4,1.34,2.11,12,15,3,12,192,18,20,69,34,45,1494,23,1400650,Lewis Miley,lewis-miley,Newcastle United,Premier League,Midfielder,2025/26,0.0602,0.241,0.0807,0.1271,0.7229,0.9036,0.1807,0.7229,11.5663,1.0843,1.2048,4.1566,2.0482,2.7108
4,0,4.72,0.97,28,6,1,8,192,32,31,118,184,114,2964,35,1014286,Malick Thiaw,malick-thiaw,Newcastle United,Premier League,Defender,2025/26,0.1215,0.0,0.1433,0.0295,0.8502,0.1822,0.0304,0.2429,5.83,0.9717,0.9413,3.583,5.587,3.4615
8,3,6.59,1.53,32,22,5,13,115,12,5,53,21,35,1939,33,980623,Nick Woltemade,nick-woltemade,Newcastle United,Premier League,Forward,2025/26,0.3713,0.1392,0.3059,0.071,1.4853,1.0211,0.2321,0.6034,5.3378,0.557,0.2321,2.46,0.9747,1.6245
0,2,1.74,2.89,37,32,6,19,374,26,31,147,37,13,2543,35,892673,Sandro Tonali,sandro-tonali,Newcastle United,Premier League,Midfielder,2025/26,0.0,0.0708,0.0616,0.1023,1.3095,1.1325,0.2123,0.6724,13.2363,0.9202,1.0971,5.2025,1.3095,0.4601
1,1,1.74,0.88,15,8,3,4,41,14,27,88,141,87,1838,25,910046,Sven Botman,sven-botman,Newcastle United,Premier League,Defender,2025/26,0.049,0.049,0.0852,0.0431,0.7345,0.3917,0.1469,0.1959,2.0076,0.6855,1.3221,4.309,6.9042,4.2601
0,1,0.14,0.95,3,11,1,14,206,15,6,81,39,9,1328,17,980634,Tino Livramento,tino-livramento,Newcastle United,Premier League,Defender,2025/26,0.0,0.0678,0.0095,0.0644,0.2033,0.7455,0.0678,0.9488,13.9608,1.0166,0.4066,5.4895,2.6431,0.6099
7,0,4.29,0.62,23,6,0,8,24,5,1,23,0,9,863,24,1122603,William Osula,william-osula,Newcastle United,Premier League,Forward,2025/26,0.73,0.0,0.4474,0.0647,2.3986,0.6257,0.0,0.8343,2.5029,0.5214,0.1043,2.3986,0.0,0.9386
1,1,3.12,0.56,13,4,1,1,30,5,0,14,2,15,539,19,805123,Yoane Wissa,yoane-wissa,Newcastle United,Premier League,Forward,2025/26,0.167,0.167,0.521,0.0935,2.1707,0.6679,0.167,0.167,5.0093,0.8349,0.0,2.3377,0.334,2.5046
3,4,2.8,2.98,30,44,5,30,329,7,8,68,14,3,1849,30,867442,Callum Hudson Odoi,callum-hudson-odoi,Nottingham Forest,Premier League,Midfielder,2025/26,0.146,0.1947,0.1363,0.1451,1.4602,2.1417,0.2434,1.4602,16.0141,0.3407,0.3894,3.3099,0.6814,0.146
3,0,4.25,0.32,23,5,0,1,41,1,1,14,9,26,906,15,50480,Chris Wood,chris-wood,Nottingham Forest,Premier League,Forward,2025/26,0.298,0.0,0.4222,0.0318,2.2848,0.4967,0.0,0.0993,4.0728,0.0993,0.0993,1.3907,0.894,2.5828
1,1,1.06,1.54,15,14,2,13,99,13,10,50,12,11,1176,24,944327,Dan Ndoye,dan-ndoye,Nottingham Forest,Premier League,Midfielder,2025/26,0.0765,0.0765,0.0811,0.1179,1.148,1.0714,0.1531,0.9949,7.5765,0.9949,0.7653,3.8265,0.9184,0.8418
0,2,0.55,1.01,9,11,2,8,67,3,0,28,2,1,552,14,963298,Dilane Bakwa,dilane-bakwa,Nottingham Forest,Premier League,Midfielder,2025/26,0.0,0.3261,0.0897,0.1647,1.4674,1.7935,0.3261,1.3043,10.9239,0.4891,0.0,4.5652,0.3261,0.163
4,4,2.9,4.79,44,55,9,50,582,63,41,306,49,66,3334,38,994546,Elliot Anderson,elliot-anderson,Nottingham Forest,Premier League,Midfielder,2025/26,0.108,0.108,0.0783,0.1293,1.1878,1.4847,0.243,1.3497,15.7109,1.7007,1.1068,8.2603,1.3227,1.7816
2,2,1.15,1.8,16,12,2,11,180,30,25,114,50,24,2080,28,843754,Ibrahim Sangaré,ibrahim-sangare,Nottingham Forest,Premier League,Midfielder,2025/26,0.0865,0.0865,0.0498,0.0779,0.6923,0.5192,0.0865,0.476,7.7885,1.2981,1.0817,4.9327,2.1635,1.0385
6,4,6.64,1.27,70,15,5,11,109,16,3,61,30,81,2320,37,981619,Igor Jesus,igor-jesus,Nottingham Forest,Premier League,Forward,2025/26,0.2328,0.1552,0.2576,0.0493,2.7155,0.5819,0.194,0.4267,4.2284,0.6207,0.1164,2.3664,1.1638,3.1422
0,0,0.29,0.07,3,1,0,2,16,5,5,13,31,5,525,9,1170722,Jair,jair-paula,Nottingham Forest,Premier League,Defender,2025/26,0.0,0.0,0.0497,0.012,0.5143,0.1714,0.0,0.3429,2.7429,0.8571,0.8571,2.2286,5.3143,0.8571
0,1,0.17,0.37,4,6,1,3,35,4,3,18,3,1,321,14,1003334,James McAtee,james-mcatee,Nottingham Forest,Premier League,Midfielder,2025/26,0.0,0.2804,0.0477,0.1037,1.1215,1.6822,0.2804,0.8411,9.8131,1.1215,0.8411,5.0467,0.8411,0.2804
0,0,0.0,0.42,0,2,0,2,21,7,3,15,9,2,355,7,979144,Luca Netz,netz-luca,Nottingham Forest,Premier League,Defender,2025/26,0.0,0.0,0.0,0.1065,0.0,0.507,0.0,0.507,5.3239,1.7746,0.7606,3.8028,2.2817,0.507
1,0,1.32,0.16,5,2,0,5,57,17,11,53,87,23,1366,21,985086,Morato,morato,Nottingham Forest,Premier League,Defender,2025/26,0.0659,0.0,0.087,0.0105,0.3294,0.1318,0.0,0.3294,3.7555,1.1201,0.7247,3.4919,5.7321,1.5154
15,4,10.84,2.92,83,49,5,30,439,15,13,110,32,41,3110,37,865912,Morgan Gibbs-White,morgan-gibbs-white,Nottingham Forest,Premier League,Midfielder,2025/26,0.4341,0.1158,0.3137,0.0845,2.4019,1.418,0.1447,0.8682,12.7042,0.4341,0.3762,3.1833,0.926,1.1865
1,0,0.74,0.48,11,8,1,9,130,22,34,102,130,24,2133,25,1199282,Murillo,murillo,Nottingham Forest,Premier League,Defender,2025/26,0.0422,0.0,0.0312,0.0203,0.4641,0.3376,0.0422,0.3797,5.4852,0.9283,1.4346,4.3038,5.4852,1.0127
2,3,1.97,3.96,46,37,5,31,306,62,47,164,88,39,3206,37,927356,Neco Williams,neco-williams,Nottingham Forest,Premier League,Defender,2025/26,0.0561,0.0842,0.0553,0.1112,1.2913,1.0387,0.1404,0.8702,8.5901,1.7405,1.3194,4.6039,2.4704,1.0948
1,1,1.47,0.79,18,12,2,6,124,30,7,58,17,13,1193,27,871765,Nicolás Domínguez,nicolas-dominguez,Nottingham Forest,Premier League,Midfielder,2025/26,0.0754,0.0754,0.1109,0.0596,1.3579,0.9053,0.1509,0.4526,9.3546,2.2632,0.5281,4.3755,1.2825,0.9807
2,0,1.34,0.44,5,7,1,2,79,12,4,27,29,7,1026,14,1010220,Nicolò Savona,nicolo-savona,Nottingham Forest,Premier League,Defender,2025/26,0.1754,0.0,0.1175,0.0386,0.4386,0.614,0.0877,0.1754,6.9298,1.0526,0.3509,2.3684,2.5439,0.614
0,0,0.84,0.72,16,3,1,3,122,17,29,108,218,89,3375,38,836168,Nikola Milenković,nikola-milenkovic,Nottingham Forest,Premier League,Defender,2025/26,0.0,0.0,0.0224,0.0192,0.4267,0.08,0.0267,0.08,3.2533,0.4533,0.7733,2.88,5.8133,2.3733
0,0,0.4,0.82,12,10,0,15,133,21,25,81,71,25,1590,18,800417,Ola Aina,ola-aina,Nottingham Forest,Premier League,Defender,2025/26,0.0,0.0,0.0226,0.0464,0.6792,0.566,0.0,0.8491,7.5283,1.1887,1.4151,4.5849,4.0189,1.4151
0,0,0.08,0.36,4,5,1,1,80,6,2,17,11,4,353,5,287643,Oleksandr Zinchenko,oleksandr-zinchenko,Nottingham Forest,Premier League,Defender,2025/26,0.0,0.0,0.0204,0.0918,1.0198,1.2748,0.255,0.255,20.3966,1.5297,0.5099,4.3343,2.8045,1.0198
1,5,1.94,3.91,25,33,8,41,190,12,12,87,8,5,1694,31,1090963,Omari Hutchinson,omari-hutchinson,Nottingham Forest,Premier League,Midfielder,2025/26,0.0531,0.2656,0.1031,0.2077,1.3282,1.7532,0.425,2.1783,10.0945,0.6375,0.6375,4.6222,0.425,0.2656
0,2,0.5,0.39,9,5,0,1,56,10,9,18,23,20,629,22,846252,Ryan Yates,ryan-yates,Nottingham Forest,Premier League,Midfielder,2025/26,0.0,0.2862,0.0715,0.0558,1.2878,0.7154,0.0,0.1431,8.0127,1.4308,1.2878,2.5755,3.2909,2.8617
4,1,3.58,0.77,15,6,2,2,24,1,1,18,4,9,502,17,359664,Taiwo Awoniyi,taiwo-awoniyi,Nottingham Forest,Premier League,Forward,2025/26,0.7171,0.1793,0.6418,0.138,2.6892,1.0757,0.3586,0.3586,4.3028,0.1793,0.1793,3.2271,0.7171,1.6135
1,0,0.52,0.24,13,8,2,14,61,4,2,18,6,6,638,12,218160,Bertrand Traoré,bertrand-traore,Sunderland,Premier League,Forward,2025/26,0.1411,0.0,0.0734,0.0339,1.8339,1.1285,0.2821,1.9749,8.605,0.5643,0.2821,2.5392,0.8464,0.8464
7,1,5.94,0.68,36,15,2,2,82,2,0,44,15,65,1944,31,910048,Brian Brobbey,brian-brobbey,Sunderland,Premier League,Forward,2025/26,0.3241,0.0463,0.275,0.0315,1.6667,0.6944,0.0926,0.0926,3.7963,0.0926,0.0,2.037,0.6944,3.0093
4,1,2.13,1.19,25,12,0,16,108,6,2,61,17,1,1561,28,1142675,Chemsdine Talbi,chemsdine-talbi,Sunderland,Premier League,Midfielder,2025/26,0.2306,0.0577,0.1228,0.0686,1.4414,0.6919,0.0,0.9225,6.2268,0.3459,0.1153,3.517,0.9801,0.0577
1,1,0.84,1.15,12,9,2,7,53,8,4,29,10,4,773,18,1394089,Chris Rigg,chris-rigg,Sunderland,Premier League,Midfielder,2025/26,0.1164,0.1164,0.0978,0.1339,1.3972,1.0479,0.2329,0.815,6.1708,0.9314,0.4657,3.3765,1.1643,0.4657
2,0,2.46,0.66,26,15,3,3,96,18,20,69,185,106,2148,29,958878,Daniel Ballard,daniel-ballard,Sunderland,Premier League,Defender,2025/26,0.0838,0.0,0.1031,0.0277,1.0894,0.6285,0.1257,0.1257,4.0223,0.7542,0.838,2.8911,7.7514,4.4413
0,0,0.08,0.03,1,0,0,3,18,5,5,8,14,5,329,8,1014987,Dennis Cirkin,dennis-cirkin,Sunderland,Premier League,Defender,2025/26,0.0,0.0,0.0219,0.0082,0.2736,0.0,0.0,0.8207,4.924,1.3678,1.3678,2.1884,3.8298,1.3678
2,0,2.15,0.21,13,4,2,11,22,1,1,14,5,15,770,20,1168588,Eliezer Mayenda,eliezer-mayenda,Sunderland,Premier League,Forward,2025/26,0.2338,0.0,0.2513,0.0245,1.5195,0.4675,0.2338,1.2857,2.5714,0.1169,0.1169,1.6364,0.5844,1.7532
5,6,5.16,5.92,36,53,13,13,301,57,29,154,36,18,2944,36,984014,Enzo Le Fée,enzo-le-fee,Sunderland,Premier League,Midfielder,2025/26,0.1529,0.1834,0.1577,0.181,1.1005,1.6202,0.3974,0.3974,9.2018,1.7425,0.8865,4.7079,1.1005,0.5503
1,6,1.02,3.71,21,34,9,11,441,33,29,179,85,56,2903,34,117777,Granit Xhaka,granit-xhaka,Sunderland,Premier League,Midfielder,2025/26,0.031,0.186,0.0316,0.115,0.6511,1.0541,0.279,0.341,13.6721,1.0231,0.8991,5.5494,2.6352,1.7361
2,2,3.41,0.83,26,7,1,6,126,7,4,48,13,11,1407,20,1128532,Habib Diarra,habib-diarra,Sunderland,Premier League,Midfielder,2025/26,0.1279,0.1279,0.2181,0.0531,1.6631,0.4478,0.064,0.3838,8.0597,0.4478,0.2559,3.0704,0.8316,0.7036
0,1,0.15,0.14,4,2,0,1,34,5,6,10,30,9,591,12,365812,Luke O'Nien,luke-onien,Sunderland,Premier League,Defender,2025/26,0.0,0.1523,0.0228,0.0213,0.6091,0.3046,0.0,0.1523,5.1777,0.7614,0.9137,1.5228,4.5685,1.3706
0,0,1.15,0.83,11,8,1,7,119,21,19,71,47,12,1702,28,856739,Lutsharel Geertruida,lutsharel-geertruida,Sunderland,Premier League,Defender,2025/26,0.0,0.0,0.0608,0.0439,0.5817,0.423,0.0529,0.3702,6.2926,1.1105,1.0047,3.7544,2.4853,0.6345
0,0,0.78,0.11,7,3,0,7,21,7,5,9,11,5,413,8,1116571,Nilson Angulo,nilson-angulo,Sunderland,Premier League,Midfielder,2025/26,0.0,0.0,0.17,0.024,1.5254,0.6538,0.0,1.5254,4.5763,1.5254,1.0896,1.9613,2.3971,1.0896
0,1,1.46,1.44,18,19,0,27,227,24,34,114,44,11,2894,33,1171539,Noah Sadiki,noah-sadiki,Sunderland,Premier League,Midfielder,2025/26,0.0,0.0311,0.0454,0.0448,0.5598,0.5909,0.0,0.8397,7.0594,0.7464,1.0574,3.5453,1.3683,0.3421
3,4,1.88,2.49,26,24,7,13,199,46,40,131,156,79,2787,32,780014,Nordi Mukiele,nordi-mukiele,Sunderland,Premier League,Defender,2025/26,0.0969,0.1292,0.0607,0.0804,0.8396,0.775,0.226,0.4198,6.4263,1.4855,1.2917,4.2304,5.0377,2.5511
1,1,1.64,0.92,24,9,1,17,114,18,36,103,217,88,2802,33,805137,Omar Alderete,omar-alderete,Sunderland,Premier League,Defender,2025/26,0.0321,0.0321,0.0527,0.0296,0.7709,0.2891,0.0321,0.546,3.6617,0.5782,1.1563,3.3084,6.97,2.8266
0,1,0.18,0.7,4,6,0,15,134,23,31,90,81,34,1969,25,831424,Reinildo Mandava,reinildo-mandava,Sunderland,Premier League,Defender,2025/26,0.0,0.0457,0.0082,0.032,0.1828,0.2743,0.0,0.6856,6.1249,1.0513,1.417,4.1138,3.7024,1.5541
0,0,0.86,0.47,7,1,0,7,32,5,1,22,6,5,412,14,1094440,Romaine Mundle,mundle-romaine,Sunderland,Premier League,Forward,2025/26,0.0,0.0,0.1879,0.1027,1.5291,0.2184,0.0,1.5291,6.9903,1.0922,0.2184,4.8058,1.3107,1.0922
1,0,0.35,0.61,6,7,2,7,43,8,2,20,11,9,665,14,1110842,Simon Adingra,simon-adingra,Sunderland,Premier League,Midfielder,2025/26,0.1353,0.0,0.0474,0.0826,0.812,0.9474,0.2707,0.9474,5.8195,1.0827,0.2707,2.7068,1.4887,1.218
2,1,2.15,2.01,34,29,1,5,222,47,25,102,99,65,3037,38,989034,Trai Hume,hume-trai,Sunderland,Premier League,Defender,2025/26,0.0593,0.0296,0.0637,0.0596,1.0076,0.8594,0.0296,0.1482,6.5789,1.3928,0.7409,3.0227,2.9338,1.9262
6,0,4.75,0.39,43,0,0,6,41,8,1,23,15,25,1173,32,877980,Wilson Isidor,wilson-isidor,Sunderland,Premier League,Forward,2025/26,0.4604,0.0,0.3645,0.0299,3.2992,0.0,0.0,0.4604,3.1458,0.6138,0.0767,1.7647,1.1509,1.9182
2,2,1.48,1.18,11,8,3,7,108,8,17,57,44,9,1500,24,1142335,Archie Gray,archie-gray,Tottenham Hotspur,Premier League,Midfielder,2025/26,0.12,0.12,0.0888,0.0708,0.66,0.48,0.18,0.42,6.48,0.48,1.02,3.42,2.64,0.54
1,1,1.07,0.72,11,13,1,13,120,16,18,73,6,9,1196,16,904970,Conor Gallagher,conor-gallagher,Tottenham Hotspur,Premier League,Midfielder,2025/26,0.0753,0.0753,0.0805,0.0542,0.8278,0.9783,0.0753,0.9783,9.0301,1.204,1.3545,5.4933,0.4515,0.6773
4,1,1.31,1.26,17,12,4,8,104,29,30,88,94,73,1872,23,829932,Cristian Romero,cristian-romero,Tottenham Hotspur,Premier League,Defender,2025/26,0.1923,0.0481,0.063,0.0606,0.8173,0.5769,0.1923,0.3846,5.0,1.3942,1.4423,4.2308,4.5192,3.5096
0,1,0.19,0.75,4,12,2,6,145,19,7,70,25,8,1340,20,983572,Destiny Udogie,destiny-udogie,Tottenham Hotspur,Premier League,Defender,2025/26,0.0,0.0672,0.0128,0.0504,0.2687,0.806,0.1343,0.403,9.7388,1.2761,0.4701,4.7015,1.6791,0.5373
0,0,0.9,1.78,13,10,4,33,206,27,18,111,52,23,2079,30,945798,Djed Spence,djed-spence,Tottenham Hotspur,Premier League,Defender,2025/26,0.0,0.0,0.039,0.0771,0.5628,0.4329,0.1732,1.4286,8.9177,1.1688,0.7792,4.8052,2.2511,0.9957
3,0,2.43,0.35,20,6,1,13,55,16,3,34,11,20,1000,15,361420,Dominic Solanke,dominic-solanke,Tottenham Hotspur,Premier League,Forward,2025/26,0.27,0.0,0.2187,0.0315,1.8,0.54,0.09,1.17,4.95,1.44,0.27,3.06,0.99,1.8
5,2,2.7,0.66,33,8,1,10,135,66,30,92,58,36,2197,33,364612,João Palhinha,joao-palhinha,Tottenham Hotspur,Premier League,Midfielder,2025/26,0.2048,0.0819,0.1106,0.027,1.3518,0.3277,0.041,0.4096,5.5303,2.7037,1.2289,3.7688,2.376,1.4747
0,0,0.59,0.27,11,3,1,2,71,12,25,45,135,79,1507,24,794953,Kevin Danso,kevin-danso,Tottenham Hotspur,Premier League,Defender,2025/26,0.0,0.0,0.0352,0.0161,0.6569,0.1792,0.0597,0.1194,4.2402,0.7167,1.493,2.6875,8.0624,4.718
1,3,1.4,0.43,12,5,0,15,86,14,2,39,13,5,979,23,1391251,Lucas Bergvall,lucas-bergvall,Tottenham Hotspur,Premier League,Midfielder,2025/26,0.0919,0.2758,0.1287,0.0395,1.1032,0.4597,0.0,1.379,7.906,1.287,0.1839,3.5853,1.1951,0.4597
4,1,2.44,2.43,35,30,5,39,112,11,6,72,12,16,1358,31,1048888,Mathys Tel,mathys-tel,Tottenham Hotspur,Premier League,Forward,2025/26,0.2651,0.0663,0.1617,0.161,2.3196,1.9882,0.3314,2.5847,7.4227,0.729,0.3976,4.7717,0.7953,1.0604
4,1,2.53,0.37,16,6,1,11,111,19,22,122,131,47,3043,35,998247,Micky van de Ven,micky-van-de-ven,Tottenham Hotspur,Premier League,Defender,2025/26,0.1183,0.0296,0.0748,0.0109,0.4732,0.1775,0.0296,0.3253,3.2829,0.5619,0.6507,3.6083,3.8745,1.3901
2,5,1.93,2.4,26,25,3,52,178,19,3,95,6,11,1545,19,905163,Mohammed Kudus,mohammed-kudus,Tottenham Hotspur,Premier League,Midfielder,2025/26,0.1165,0.2913,0.1124,0.1398,1.5146,1.4563,0.1748,3.0291,10.3689,1.1068,0.1748,5.534,0.3495,0.6408
2,4,1.72,1.1,17,11,3,13,154,21,18,77,47,27,1399,26,1002711,Pape Matar Sarr,pape-matar-sarr,Tottenham Hotspur,Premier League,Midfielder,2025/26,0.1287,0.2573,0.1107,0.0708,1.0936,0.7076,0.193,0.8363,9.9071,1.351,1.158,4.9535,3.0236,1.737
1,2,1.05,4.48,32,56,8,19,382,50,31,133,102,19,2798,34,913654,Pedro Porro,pedro-porro,Tottenham Hotspur,Premier League,Defender,2025/26,0.0322,0.0643,0.0338,0.1441,1.0293,1.8013,0.2573,0.6112,12.2873,1.6083,0.9971,4.2781,3.2809,0.6112
0,0,0.32,0.02,4,0,0,1,11,2,16,14,46,19,541,10,997103,Radu Drăguşin,radu-dragusin,Tottenham Hotspur,Premier League,Defender,2025/26,0.0,0.0,0.0532,0.0033,0.6654,0.0,0.0,0.1664,1.8299,0.3327,2.6617,2.329,7.6525,3.1608
1,1,2.18,1.77,20,20,2,28,113,18,3,64,18,32,1670,30,871706,Randal Kolo Muani,randal-kolo-muani,Tottenham Hotspur,Premier League,Forward,2025/26,0.0539,0.0539,0.1175,0.0954,1.0778,1.0778,0.1078,1.509,6.0898,0.9701,0.1617,3.4491,0.9701,1.7246
11,4,8.09,1.46,61,20,5,12,99,16,5,61,51,69,1957,32,840217,Richarlison,richarlison,Tottenham Hotspur,Premier League,Forward,2025/26,0.5059,0.184,0.372,0.0671,2.8053,0.9198,0.2299,0.5519,4.5529,0.7358,0.2299,2.8053,2.3454,3.1732
1,1,0.74,0.83,13,10,1,20,159,36,35,130,48,31,1892,26,791190,Rodrigo Bentancur,rodrigo-bentancur,Tottenham Hotspur,Premier League,Midfielder,2025/26,0.0476,0.0476,0.0352,0.0395,0.6184,0.4757,0.0476,0.9514,7.5634,1.7125,1.6649,6.1839,2.2833,1.4746
0,2,1.9,1.22,22,20,2,24,137,9,1,54,13,5,990,24,1142679,Wilson Odobert,wilson-odobert,Tottenham Hotspur,Premier League,Forward,2025/26,0.0,0.1818,0.1727,0.1109,2.0,1.8182,0.1818,2.1818,12.4545,0.8182,0.0909,4.9091,1.1818,0.4545
2,5,3.08,3.86,42,35,7,28,258,21,15,87,12,12,1769,28,997183,Xavi Simons,xavi-simons,Tottenham Hotspur,Premier League,Midfielder,2025/26,0.1018,0.2544,0.1567,0.1964,2.1368,1.7807,0.3561,1.4245,13.1261,1.0684,0.7631,4.4262,0.6105,0.6105
0,0,0.36,0.12,5,0,0,3,44,11,9,31,14,5,605,11,844842,Yves Bissouma,yves-bissouma,Tottenham Hotspur,Premier League,Midfielder,2025/26,0.0,0.0,0.0536,0.0179,0.7438,0.0,0.0,0.4463,6.5455,1.6364,1.3388,4.6116,2.0826,0.7438
0,2,0.0,1.0,0,18,2,16,172,23,40,75,94,22,2084,25,863653,Aaron Wan-Bissaka,aaron-wan-bissaka,West Ham United,Premier League,Defender,2025/26,0.0,0.0864,0.0,0.0432,0.0,0.7774,0.0864,0.691,7.428,0.9933,1.7274,3.239,4.0595,0.9501
0,0,0.69,0.58,7,3,1,12,41,2,0,14,2,1,450,24,286165,Adama Traoré,adama-traore,West Ham United,Premier League,Forward,2025/26,0.0,0.0,0.138,0.116,1.4,0.6,0.2,2.4,8.2,0.4,0.0,2.8,0.4,0.2
0,0,1.02,0.05,5,1,0,2,37,10,13,32,49,18,1255,14,827243,Axel Disasi,axel-disasi,West Ham United,Premier League,Defender,2025/26,0.0,0.0,0.0731,0.0036,0.3586,0.0717,0.0,0.1434,2.6534,0.7171,0.9323,2.2948,3.5139,1.2908
7,1,7.66,0.55,38,8,1,13,51,2,3,28,5,19,1262,32,113956,Callum Wilson,callum-wilson,West Ham United,Premier League,Forward,2025/26,0.4992,0.0713,0.5463,0.0392,2.71,0.5705,0.0713,0.9271,3.6371,0.1426,0.2139,1.9968,0.3566,1.355
5,2,5.17,3.42,54,28,4,51,204,25,16,120,30,7,2480,31,917005,Crysencio Summerville,crysencio-summerville,West Ham United,Premier League,Midfielder,2025/26,0.1815,0.0726,0.1876,0.1241,1.9597,1.0161,0.1452,1.8508,7.4032,0.9073,0.5806,4.3548,1.0887,0.254
0,5,0.57,2.49,18,30,5,23,171,20,33,126,116,45,2711,32,1471764,El Hadji Malick Diouf,diouf-el-hadji-malick,West Ham United,Premier League,Defender,2025/26,0.0,0.166,0.0189,0.0827,0.5976,0.9959,0.166,0.7636,5.6769,0.664,1.0955,4.183,3.851,1.4939
0,1,0.21,1.07,3,8,2,2,95,17,17,38,31,20,1167,22,1089582,Freddie Potts,freddie-potts,West Ham United,Premier League,Midfielder,2025/26,0.0,0.0771,0.0162,0.0825,0.2314,0.617,0.1542,0.1542,7.3265,1.3111,1.3111,2.9306,2.3907,1.5424
9,11,7.26,5.24,79,45,16,53,251,29,27,159,39,33,3405,38,552884,Jarrod Bowen,jarrod-bowen,West Ham United,Premier League,Midfielder,2025/26,0.2379,0.2907,0.1919,0.1385,2.0881,1.1894,0.4229,1.4009,6.6344,0.7665,0.7137,4.2026,1.0308,0.8722
0,1,0.24,0.33,2,5,0,4,62,24,17,89,98,25,1817,23,945217,Jean-Clair Todibo,jean-clair-todibo,West Ham United,Premier League,Defender,2025/26,0.0,0.0495,0.0119,0.0163,0.0991,0.2477,0.0,0.1981,3.071,1.1888,0.842,4.4084,4.8542,1.2383
3,0,2.55,0.7,23,4,0,2,98,25,49,103,194,84,2535,31,829022,Konstantinos Mavropanos,konstantinos-mavropanos,West Ham United,Premier League,Defender,2025/26,0.1065,0.0,0.0905,0.0249,0.8166,0.142,0.0,0.071,3.4793,0.8876,1.7396,3.6568,6.8876,2.9822
1,0,1.13,0.38,5,7,1,16,152,30,9,59,34,12,1396,23,823085,Kyle Walker-Peters,kyle-walker-peters,West Ham United,Premier League,Defender,2025/26,0.0645,0.0,0.0729,0.0245,0.3223,0.4513,0.0645,1.0315,9.7994,1.9341,0.5802,3.8037,2.192,0.7736
4,1,2.82,2.11,23,23,6,16,203,22,8,76,17,38,1521,18,839981,Lucas Paquetá,lucas-paqueta,West Ham United,Premier League,Midfielder,2025/26,0.2367,0.0592,0.1669,0.1249,1.3609,1.3609,0.355,0.9467,12.0118,1.3018,0.4734,4.497,1.0059,2.2485
3,4,2.0,2.97,28,37,3,28,346,67,35,182,36,19,3024,36,1142562,Mateus Fernandes,mateus-fernandes,West Ham United,Premier League,Midfielder,2025/26,0.0893,0.119,0.0595,0.0884,0.8333,1.1012,0.0893,0.8333,10.2976,1.994,1.0417,5.4167,1.0714,0.5655
0,0,0.57,0.31,7,4,0,4,43,8,9,43,111,47,1565,21,894474,Max Kilman,max-kilman,West Ham United,Premier League,Defender,2025/26,0.0,0.0,0.0328,0.0178,0.4026,0.23,0.0,0.23,2.4728,0.4601,0.5176,2.4728,6.3834,2.7029
0,0,0.92,0.23,9,7,0,0,18,1,2,10,4,18,408,8,132645,Niclas Füllkrug,niclas-fullkrug,West Ham United,Premier League,Forward,2025/26,0.0,0.0,0.2029,0.0507,1.9853,1.5441,0.0,0.0,3.9706,0.2206,0.4412,2.2059,0.8824,3.9706
0,0,0.18,0.31,3,5,3,2,51,22,13,35,30,7,668,13,1150952,Oliver Scarles,scarles-oliver,West Ham United,Premier League,Defender,2025/26,0.0,0.0,0.0243,0.0418,0.4042,0.6737,0.4042,0.2695,6.8713,2.9641,1.7515,4.7156,4.0419,0.9431
0,1,1.05,1.12,12,14,2,9,57,14,4,28,12,21,826,14,1101174,Pablo Felipe,pablo-felipe,West Ham United,Premier League,Forward,2025/26,0.0,0.109,0.1144,0.122,1.3075,1.5254,0.2179,0.9806,6.2107,1.5254,0.4358,3.0508,1.3075,2.2881
1,0,0.44,0.31,7,5,1,5,55,21,16,54,14,11,998,22,1170560,Soungoutou Magassa,soungoutou-magassa,West Ham United,Premier League,Midfielder,2025/26,0.0902,0.0,0.0397,0.028,0.6313,0.4509,0.0902,0.4509,4.9599,1.8938,1.4429,4.8697,1.2625,0.992
5,0,5.68,0.53,26,11,1,4,159,24,16,66,83,68,2215,35,799041,Tomáš Souček,tomas-soucek,West Ham United,Premier League,Midfielder,2025/26,0.2032,0.0,0.2308,0.0215,1.0564,0.447,0.0406,0.1625,6.4605,0.9752,0.6501,2.6817,3.3725,2.763
6,0,5.8,0.81,50,12,1,2,73,8,6,31,21,27,1395,18,877013,Valentín Castellanos,valentin-castellanos,West Ham United,Premier League,Forward,2025/26,0.3871,0.0,0.3742,0.0523,3.2258,0.7742,0.0645,0.129,4.7097,0.5161,0.3871,2.0,1.3548,1.7419
2,2,2.74,0.86,18,6,3,10,46,4,2,15,12,9,1146,14,361352,Adam Armstrong,adam-armstrong,Wolverhampton,Premier League,Forward,2025/26,0.1571,0.1571,0.2152,0.0675,1.4136,0.4712,0.2356,0.7853,3.6126,0.3141,0.1571,1.178,0.9424,0.7068
1,0,0.52,0.99,15,18,1,19,189,44,30,212,50,4,2766,35,1035996,André,andre,Wolverhampton,Premier League,Midfielder,2025/26,0.0325,0.0,0.0169,0.0322,0.4881,0.5857,0.0325,0.6182,6.1497,1.4317,0.9761,6.898,1.6269,0.1302
0,0,0.26,0.28,6,6,0,4,47,6,0,17,4,2,488,12,867441,Angel Gomes,angel-gomes,Wolverhampton,Premier League,Midfielder,2025/26,0.0,0.0,0.048,0.0516,1.1066,1.1066,0.0,0.7377,8.668,1.1066,0.0,3.1352,0.7377,0.3689
0,2,0.12,1.08,3,8,3,5,54,5,7,27,31,11,1061,22,1031283,David Møller Wolfe,david-moller-wolfe,Wolverhampton,Premier League,Defender,2025/26,0.0,0.1697,0.0102,0.0916,0.2545,0.6786,0.2545,0.4241,4.5806,0.4241,0.5938,2.2903,2.6296,0.9331
0,0,0.56,0.4,10,4,0,4,74,20,13,66,65,26,1101,14,1013842,Emmanuel Agbadou,emmanuel-agbadou,Wolverhampton,Premier League,Defender,2025/26,0.0,0.0,0.0458,0.0327,0.8174,0.327,0.0,0.327,6.049,1.6349,1.0627,5.3951,5.3134,2.1253
1,2,0.86,3.51,16,38,6,31,179,39,38,115,67,19,2375,35,1013928,Hugo Bueno,hugo-bueno,Wolverhampton,Premier League,Midfielder,2025/26,0.0379,0.0758,0.0326,0.133,0.6063,1.44,0.2274,1.1747,6.7832,1.4779,1.44,4.3579,2.5389,0.72
2,2,2.39,1.58,19,15,3,9,99,4,13,57,16,6,1461,26,786186,Hwang Hee-chan,hwang-hee-chan,Wolverhampton,Premier League,Forward,2025/26,0.1232,0.1232,0.1472,0.0973,1.1704,0.924,0.1848,0.5544,6.0986,0.2464,0.8008,3.5113,0.9856,0.3696
0,1,0.33,1.69,2,21,3,5,100,15,15,62,57,23,1855,31,1096210,Jackson Tchatchoua,jackson-tchatchoua,Wolverhampton,Premier League,Midfielder,2025/26,0.0,0.0485,0.016,0.082,0.097,1.0189,0.1456,0.2426,4.8518,0.7278,0.7278,3.0081,2.7655,1.1159
1,1,0.99,1.12,21,14,2,18,117,15,10,44,20,9,1251,26,845273,Jean-Ricner Bellegarde,jean-ricner-bellegarde,Wolverhampton,Premier League,Midfielder,2025/26,0.0719,0.0719,0.0712,0.0806,1.5108,1.0072,0.1439,1.295,8.4173,1.0791,0.7194,3.1655,1.4388,0.6475
1,0,3.25,0.62,16,11,0,8,110,27,8,58,15,10,1121,23,844096,Jhon Arias,jhon-arias,Wolverhampton,Premier League,Midfielder,2025/26,0.0803,0.0,0.2609,0.0498,1.2846,0.8831,0.0,0.6423,8.8314,2.1677,0.6423,4.6566,1.2043,0.8029
1,1,1.28,2.08,19,16,2,43,288,68,36,194,45,27,2843,35,1015267,João Gomes,joao-gomes,Wolverhampton,Premier League,Midfielder,2025/26,0.0317,0.0317,0.0405,0.0658,0.6015,0.5065,0.0633,1.3612,9.1171,2.1527,1.1396,6.1414,1.4246,0.8547
0,0,0.02,0.36,1,5,2,5,31,11,6,16,20,6,428,8,954044,Ki-Jana Hoever,ki-jana-hoever,Wolverhampton,Premier League,Defender,2025/26,0.0,0.0,0.0042,0.0757,0.2103,1.0514,0.4206,1.0514,6.5187,2.3131,1.2617,3.3645,4.2056,1.2617
2,1,2.22,1.49,21,9,2,2,148,21,32,79,117,64,2361,28,856250,Ladislav Krejčí,ladislav-krejci,Wolverhampton,Premier League,Defender,2025/26,0.0762,0.0381,0.0846,0.0568,0.8005,0.3431,0.0762,0.0762,5.6417,0.8005,1.2198,3.0114,4.46,2.4396
1,1,1.61,0.38,14,3,1,5,47,12,7,20,30,30,877,13,894733,Marshall Munetsi,marshall-munetsi,Wolverhampton,Premier League,Midfielder,2025/26,0.1026,0.1026,0.1652,0.039,1.4367,0.3079,0.1026,0.5131,4.8233,1.2315,0.7184,2.0525,3.0787,3.0787
3,1,2.01,3.69,42,31,7,31,111,13,5,77,26,8,1799,27,1899647,Mateus Mané,mateus-mane,Wolverhampton,Premier League,Forward,2025/26,0.1501,0.05,0.1006,0.1846,2.1012,1.5509,0.3502,1.5509,5.5531,0.6504,0.2501,3.8521,1.3007,0.4002
0,0,0.09,0.18,3,3,1,2,40,8,7,28,37,21,791,11,143047,Matt Doherty,matt-doherty,Wolverhampton,Premier League,Defender,2025/26,0.0,0.0,0.0102,0.0205,0.3413,0.3413,0.1138,0.2276,4.5512,0.9102,0.7965,3.1858,4.2099,2.3894
3,0,2.15,0.42,20,4,0,8,74,18,9,33,13,6,978,22,1006073,Rodrigo Gomes,gomes-rodrigo,Wolverhampton,Premier League,Midfielder,2025/26,0.2761,0.0,0.1979,0.0387,1.8405,0.3681,0.0,0.7362,6.8098,1.6564,0.8282,3.0368,1.1963,0.5521
3,1,2.28,1.45,10,10,1,0,76,28,27,68,116,48,2553,29,846308,Santiago Bueno,santiago-bueno,Wolverhampton,Premier League,Defender,2025/26,0.1058,0.0353,0.0804,0.0511,0.3525,0.3525,0.0353,0.0,2.6792,0.9871,0.9518,2.3972,4.0893,1.6921
3,1,5.46,0.45,47,12,1,18,57,5,5,26,43,99,1438,33,987734,Tolu Arokodare,tolu-arokodare,Wolverhampton,Premier League,Forward,2025/26,0.1878,0.0626,0.3417,0.0282,2.9416,0.751,0.0626,1.1266,3.5675,0.3129,0.3129,1.6273,2.6912,6.1961
0,0,0.53,0.31,5,6,0,10,67,13,14,53,95,24,1427,19,973418,Toti Gomes,toti-gomes,Wolverhampton,Premier League,Defender,2025/26,0.0,0.0,0.0334,0.0196,0.3153,0.3784,0.0,0.6307,4.2256,0.8199,0.883,3.3427,5.9916,1.5137
0,0,2.52,0.69,30,11,1,9,88,39,30,93,114,47,2142,27,1014835,Yerson Mosquera,yerson-mosquera,Wolverhampton,Premier League,Defender,2025/26,0.0,0.0,0.1059,0.029,1.2605,0.4622,0.042,0.3782,3.6975,1.6387,1.2605,3.9076,4.7899,1.9748
